-- MySQL dump 10.13  Distrib 5.7.19, for Linux (x86_64)
--
-- Host: 192.168.1.18    Database: koyoku
-- ------------------------------------------------------
-- Server version	5.5.5-10.1.9-MariaDB

/*!40101 SET @OLD_CHARACTER_SET_CLIENT=@@CHARACTER_SET_CLIENT */;
/*!40101 SET @OLD_CHARACTER_SET_RESULTS=@@CHARACTER_SET_RESULTS */;
/*!40101 SET @OLD_COLLATION_CONNECTION=@@COLLATION_CONNECTION */;
/*!40101 SET NAMES utf8 */;
/*!40103 SET @OLD_TIME_ZONE=@@TIME_ZONE */;
/*!40103 SET TIME_ZONE='+00:00' */;
/*!40014 SET @OLD_UNIQUE_CHECKS=@@UNIQUE_CHECKS, UNIQUE_CHECKS=0 */;
/*!40014 SET @OLD_FOREIGN_KEY_CHECKS=@@FOREIGN_KEY_CHECKS, FOREIGN_KEY_CHECKS=0 */;
/*!40101 SET @OLD_SQL_MODE=@@SQL_MODE, SQL_MODE='NO_AUTO_VALUE_ON_ZERO' */;
/*!40111 SET @OLD_SQL_NOTES=@@SQL_NOTES, SQL_NOTES=0 */;

--
-- Table structure for table `ALAT_KERJA`
--

DROP TABLE IF EXISTS `ALAT_KERJA`;
/*!40101 SET @saved_cs_client     = @@character_set_client */;
/*!40101 SET character_set_client = utf8 */;
CREATE TABLE `ALAT_KERJA` (
  `ALAT_KERJA_ID` int(11) NOT NULL AUTO_INCREMENT,
  `ALAT_KERJA_NAMA` varchar(255) NOT NULL,
  `JABATAN_ID` varchar(100) DEFAULT NULL,
  PRIMARY KEY (`ALAT_KERJA_ID`),
  KEY `ALAT_KERJA_ID` (`ALAT_KERJA_ID`)
) ENGINE=InnoDB AUTO_INCREMENT=73 DEFAULT CHARSET=latin1;
/*!40101 SET character_set_client = @saved_cs_client */;

--
-- Dumping data for table `ALAT_KERJA`
--

LOCK TABLES `ALAT_KERJA` WRITE;
/*!40000 ALTER TABLE `ALAT_KERJA` DISABLE KEYS */;
INSERT INTO `ALAT_KERJA` VALUES (1,'Cangkul','1'),(2,'asfs','73'),(3,'asdfasfd','73'),(4,'asfs','74'),(5,'asdfasfd','74'),(6,'asfsf','74'),(7,'ASDF','90'),(8,'ASDF','90'),(21,'asf','90'),(22,'asdfasdf','92'),(23,'asdff','92'),(24,'asdfsf','93'),(25,'asfdasfd','93'),(26,'ASF','94'),(27,'ASFASF','94'),(28,'ASF','96'),(29,'ASFASF','96'),(30,'ASF','97'),(31,'ASFASF','97'),(32,'ASF','99'),(33,'ASFASF','99'),(34,'ASF','101'),(35,'ASFASF','101'),(36,'ASF','103'),(37,'ASFASF','103'),(38,'ASF','105'),(39,'ASFASF','105'),(40,'ASF','106'),(41,'ASFASF','106'),(42,'ASF','112'),(43,'ASFASF','112'),(44,'ASF','113'),(45,'ASFASF','113'),(46,'ASF','115'),(47,'ASFASF','115'),(48,'ASF','117'),(49,'ASFASF','117'),(50,'ASF','119'),(51,'ASFASF','119'),(52,'ASF','123'),(53,'ASFASF','123'),(54,'ASF','124'),(55,'ASFASF','124'),(56,'ASDFS','125'),(57,'ASFASF','125'),(58,'asfasfsa','129'),(59,'asfasf','129'),(60,'asfasfsa','131'),(61,'asfasf','131'),(62,'asfasfsa','132'),(63,'asfasf','132'),(64,'CANGKUL','133'),(65,'HELM','133'),(66,'GELAS','134'),(67,'PIRING','134'),(68,'GELAS','136'),(69,'PIRING','136'),(70,'GELAS','137'),(71,'PIRING','137'),(72,'AUTO CAD','4');
/*!40000 ALTER TABLE `ALAT_KERJA` ENABLE KEYS */;
UNLOCK TABLES;

--
-- Table structure for table `ALAT_KERJA_JOB`
--

DROP TABLE IF EXISTS `ALAT_KERJA_JOB`;
/*!40101 SET @saved_cs_client     = @@character_set_client */;
/*!40101 SET character_set_client = utf8 */;
CREATE TABLE `ALAT_KERJA_JOB` (
  `ALAT_KERJA_ID` int(11) NOT NULL AUTO_INCREMENT,
  `ALAT_KERJA_NAMA` varchar(255) NOT NULL,
  `JOB_ID` varchar(100) DEFAULT NULL,
  PRIMARY KEY (`ALAT_KERJA_ID`),
  KEY `ALAT_KERJA_ID` (`ALAT_KERJA_ID`) USING BTREE
) ENGINE=InnoDB AUTO_INCREMENT=36 DEFAULT CHARSET=latin1;
/*!40101 SET character_set_client = @saved_cs_client */;

--
-- Dumping data for table `ALAT_KERJA_JOB`
--

LOCK TABLES `ALAT_KERJA_JOB` WRITE;
/*!40000 ALTER TABLE `ALAT_KERJA_JOB` DISABLE KEYS */;
INSERT INTO `ALAT_KERJA_JOB` VALUES (1,'si',NULL),(2,'si',NULL),(3,'si',NULL),(4,'si',''),(7,'si',''),(8,'si',''),(9,'si',''),(10,'si',''),(11,'asdfasfsaf',''),(12,'si',''),(13,'si',''),(14,'si',''),(15,'si',''),(16,'asdfasfsaf',''),(17,'si',''),(18,'si',''),(19,'si',''),(20,'si',''),(21,'asdfasfsaf',''),(22,'asfsaf','9'),(23,'AUTO CAD',''),(26,'AUTO CAD','36'),(27,'ASFASFSADF','8'),(28,'ASFASFASFSF','8'),(29,'AUTO CAD','28'),(33,'AUTO CAD','38'),(34,'Cangkul','39'),(35,'Cangkul','352');
/*!40000 ALTER TABLE `ALAT_KERJA_JOB` ENABLE KEYS */;
UNLOCK TABLES;

--
-- Table structure for table `DOKUMEN`
--

DROP TABLE IF EXISTS `DOKUMEN`;
/*!40101 SET @saved_cs_client     = @@character_set_client */;
/*!40101 SET character_set_client = utf8 */;
CREATE TABLE `DOKUMEN` (
  `DOKUMEN_ID` int(11) NOT NULL AUTO_INCREMENT,
  `DOKUMEN_NAMA` varchar(100) DEFAULT NULL,
  `DOKUMEN_NAMA_GENERATE` varchar(100) DEFAULT NULL,
  `DOKUMEN_TIPE` varchar(50) DEFAULT NULL,
  `DOKUMEN_UKURAN` varchar(20) DEFAULT NULL,
  `KLASIFIKASI_ID` varchar(11) DEFAULT NULL,
  PRIMARY KEY (`DOKUMEN_ID`)
) ENGINE=InnoDB AUTO_INCREMENT=214 DEFAULT CHARSET=latin1;
/*!40101 SET character_set_client = @saved_cs_client */;

--
-- Dumping data for table `DOKUMEN`
--

LOCK TABLES `DOKUMEN` WRITE;
/*!40000 ALTER TABLE `DOKUMEN` DISABLE KEYS */;
INSERT INTO `DOKUMEN` VALUES (4,'','MEDICAL_FILES_2126d466ff3de7075b0ce1bd79a65a91','',NULL,'1'),(5,'','MEDICAL_FILES_d84181e37420e9a44c6025cb7be3f1c0','',NULL,'1'),(6,'','MEDICAL_FILES_fd7600b1d31c051a6e3c24540aa3ac1c','',NULL,'1'),(7,'','MEDICAL_FILES_d84181e37420e9a44c6025cb7be3f1c0','',NULL,'1'),(8,'','MEDICAL_FILES_7817cbc8706bd4b1ec97b60c0073b7e7','',NULL,'1'),(9,'','MEDICAL_FILES_7817cbc8706bd4b1ec97b60c0073b7e7','',NULL,'1'),(10,'','MEDICAL_FILES_f1e625ef1c2becc14d181264671299ee','',NULL,'1'),(11,'','MEDICAL_FILES_7817cbc8706bd4b1ec97b60c0073b7e7','',NULL,'1'),(12,'','MEDICAL_FILES_f1e625ef1c2becc14d181264671299ee','',NULL,'1'),(13,'','MEDICAL_FILES_f1e625ef1c2becc14d181264671299ee','',NULL,'1'),(14,'','MEDICAL_FILES_96771f6cc0ac000aa803995d460b640e','',NULL,'1'),(15,'','MEDICAL_FILES_658af3ac8ec52c54d7eb5c3ef8e6bb6b','',NULL,'1'),(16,'','MEDICAL_FILES_fd7600b1d31c051a6e3c24540aa3ac1c','',NULL,'1'),(17,'','VISA_FILE_f6cab7fc54da4185fd95932c5e731220','',NULL,'3'),(18,'','VISA_FILE_7805fed30ae8e97a472e80773c58bce8','',NULL,'3'),(19,'','VISA_FILE_7805fed30ae8e97a472e80773c58bce8','',NULL,'3'),(20,'','LK_FILE_6c915f423ab7d485ffd1012f95441c7d','',NULL,'4'),(21,'','LK_FILE_6c915f423ab7d485ffd1012f95441c7d','',NULL,'4'),(22,'','LK_FILE_f6cab7fc54da4185fd95932c5e731220','',NULL,'4'),(23,'','LK_FILE_6c915f423ab7d485ffd1012f95441c7d','',NULL,'4'),(24,'','LK_FILE_6c915f423ab7d485ffd1012f95441c7d','',NULL,'4'),(25,'','LK_FILE_f6cab7fc54da4185fd95932c5e731220','',NULL,'4'),(26,'voucher.png','TKI_MEDIA_56b26c25fdfe82aeef1043e3512134b4.png','image/png','181.26','1'),(27,'Untitled.png','TKI_MEDIA_a19ddbe22afc139c538bfca41cea40ad.png','image/png','169.77','1'),(28,'Untitled.png','TKI_MEDIA_a19ddbe22afc139c538bfca41cea40ad.png','image/png','169.77','1'),(29,'1.png','TKI_MEDIA_4a47a0db6e60853dedfcfdf08a5ca249.png','image/png','157.7','1'),(30,'','MEDICAL_FILES_9c83610a0ea5f7b6d983e60fb671efbe','',NULL,'1'),(31,'','MEDICAL_FILES_52a2a49349acbb055fd5a50cf0802d84','',NULL,'1'),(32,'','MEDICAL_FILES_753b667bbe43e48fe09067c59026805e','',NULL,'1'),(33,'','MEDICAL_FILES_52a2a49349acbb055fd5a50cf0802d84','',NULL,'1'),(34,'','LK_FILE_753b667bbe43e48fe09067c59026805e','',NULL,'4'),(35,'','VISA_FILE_52a2a49349acbb055fd5a50cf0802d84','',NULL,'3'),(36,'','LK_FILE_5ecf722f465a11e6adf6b5fb96a77564','',NULL,'4'),(37,'','MEDICAL_FILES_753b667bbe43e48fe09067c59026805e','',NULL,'1'),(38,'','MEDICAL_FILES_753b667bbe43e48fe09067c59026805e','',NULL,'1'),(39,'','LK_FILE_753b667bbe43e48fe09067c59026805e','',NULL,'4'),(40,'','LK_FILE_52a2a49349acbb055fd5a50cf0802d84','',NULL,'4'),(41,'','LK_FILE_52a2a49349acbb055fd5a50cf0802d84','',NULL,'4'),(42,'','LK_FILE_753b667bbe43e48fe09067c59026805e','',NULL,'4'),(43,'','LK_FILE_753b667bbe43e48fe09067c59026805e','',NULL,'4'),(44,'','LK_FILE_753b667bbe43e48fe09067c59026805e','',NULL,'4'),(45,'','LK_FILE_753b667bbe43e48fe09067c59026805e','',NULL,'4'),(46,'','LK_FILE_52a2a49349acbb055fd5a50cf0802d84','',NULL,'4'),(47,'voucher.png','TKI_MEDIA_56b26c25fdfe82aeef1043e3512134b4.png','image/png','181.26','1'),(48,'voucher.png','TKI_MEDIA_56b26c25fdfe82aeef1043e3512134b4.png','image/png','181.26','1.1.'),(49,'2017-06-19.png','PPTKIS_FASITITAS_2dce9ffc19109f98e55b47098570a41c.png','image/png','205.97','10'),(50,'222.png','PPTKIS_FASITITAS_b32454208786c327140441d9076f23e0.png','image/png','61.33','10'),(51,'','MEDICAL_FILES_ac6a79db8c2e674eabc6b9d8cfb1f6da','',NULL,'1'),(52,'','MEDICAL_FILES_a1c13503b4de3815faa8fe5ee4cc3ebf','',NULL,'1'),(53,'1185427e8adc8f0cf93b509e604d6aa8.jpg','TKI_MEDIA_58bb3ffb53ec4d7444f30216af514a6e.jpg','image/jpeg','130.86','3.'),(54,'222.png','TKI_MEDIA_b32454208786c327140441d9076f23e0.png','image/png','61.33','1.1.'),(55,'18011181_1360410037373930_8416764149034201584_n.jpg','TKI_MEDIA_059fdb86ae542bde77e6dddea1b0dc0e.jpg','image/jpeg','82.18','1.1.'),(56,'2017-02-21.png','TKI_MEDIA_a0f9de45ab75014e2c50c5a8858d34b9.png','image/png','121.62','1.2.'),(57,'','LK_FILE_2126d466ff3de7075b0ce1bd79a65a91','',NULL,'4.'),(58,'222.png','MEDICAL_FILES_b32454208786c327140441d9076f23e0.png','image/png','61.33','1.'),(59,'222.png','TKI_MEDIA_b32454208786c327140441d9076f23e0.png','image/png','61.33','1.3.'),(60,'','TKI_MEDIA_a1c13503b4de3815faa8fe5ee4cc3ebf','',NULL,'1.1.'),(61,'222.png','PPTKIS_FASITITAS_b32454208786c327140441d9076f23e0.png','image/png','61.33','10.'),(62,'Fasilitas 1.jpg','PPTKIS_FASITITAS_93d7f1527b6ebb3a140f57e51c98beb5.jpg','image/jpeg','137','10.'),(63,'Fasilitas 4.jpg','PPTKIS_FASITITAS_a0d74f584a5e2b1d6e8f51471bd5ab24.jpg','image/jpeg','50.26','10.'),(64,'2017-04-26 (1).png','PPTKIS_FASITITAS_1d5eb053571070d2ebc80eb677c66407.png','image/png','16.21','10.'),(65,'Fasilitas 1.jpg','PPTKIS_FASITITAS_93d7f1527b6ebb3a140f57e51c98beb5.jpg','image/jpeg','73.78','10.'),(66,'Fasilitas 3.jpg','PPTKIS_FASITITAS_1633917127eb595518c7ccf64b67d2f7.jpg','image/jpeg','56.24','10.'),(67,'Fasilitas 7.jpg','PPTKIS_FASITITAS_a2d2d1e20eade0179ac68e86d6689017.jpg','image/jpeg','77.55','10.'),(68,'Fasilitas 9.jpg','PPTKIS_FASITITAS_1bd754eb5b125114d54ba1b4807cec76.jpg','image/jpeg','80.61','10.'),(69,'Fasilitas 2.jpg','PPTKIS_FASITITAS_88b53d300fde72ac38c6a11d0b179378.jpg','image/jpeg','57.34','10.'),(70,'KK.jpeg','TKI_MEDIA_df0b9ccbeac06a4c4881d16e87047ebc.jpeg','image/jpeg','879.05','1.1.'),(71,'KTP.jpeg','TKI_MEDIA_c85c4b1afc9283d790791d8549577f78.jpeg','image/jpeg','216.99','1.1.'),(72,'','TKI_MEDIA_4a1b17f757313c70989488f9a6b9233e','',NULL,'1.1.'),(73,'Fasilitas 1.jpg','PPTKIS_FASITITAS_93d7f1527b6ebb3a140f57e51c98beb5.jpg','image/jpeg','86.01','10.'),(74,'Fasilitas 2.jpg','PPTKIS_FASITITAS_88b53d300fde72ac38c6a11d0b179378.jpg','image/jpeg','106.64','10.'),(75,'Akta.jpg','TKI_MEDIA_32999a7a929ab9c028636af982116211.jpg','image/jpeg','81.41','1.2.'),(76,'Paspor.jpg','TKI_MEDIA_3aaec83176f6c266560b228c69aead8c.jpg','image/jpeg','63.63','1.5.'),(77,'KK.jpeg','TKI_MEDIA_df0b9ccbeac06a4c4881d16e87047ebc.jpeg','image/jpeg','879.05','1.3.'),(78,'222.png','TKI_MEDIA_b32454208786c327140441d9076f23e0.png','image/png','61.33','1.1.'),(79,'Ijazah.jpg','TKI_MEDIA_136285a6e189cb4a7a8803369f82f77e.jpg','image/jpeg','186.85','3.'),(80,'KK.jpg','TKI_MEDIA_b8d61295593995d86a76e554525b4f50.jpg','image/jpeg','201.56','1.3.'),(81,'KTP.jpg','TKI_MEDIA_fb90a96a0aae7009effa6f7fafe9a91d.jpg','image/jpeg','97.61','1.1.'),(82,'Surat Izin.jpg','TKI_MEDIA_ed08abb1bebf306de1021babf2f1284e.jpg','image/jpeg','581.65','1.4.'),(83,'Akta.jpg','TKI_MEDIA_32999a7a929ab9c028636af982116211.jpg','image/jpeg','96.85','1.2.'),(84,'KTP.jpg','TKI_MEDIA_fb90a96a0aae7009effa6f7fafe9a91d.jpg','image/jpeg','115.89','1.1.'),(85,'KK.jpg','TKI_MEDIA_b8d61295593995d86a76e554525b4f50.jpg','image/jpeg','140.11','1.3.'),(86,'Fasilitas 3.jpg','PPTKIS_FASITITAS_1633917127eb595518c7ccf64b67d2f7.jpg','image/jpeg','91.67','10.'),(87,'Fasilitas 2.jpg','PPTKIS_FASITITAS_88b53d300fde72ac38c6a11d0b179378.jpg','image/jpeg','67.35','10.'),(88,'Akta.jpg','TKI_MEDIA_32999a7a929ab9c028636af982116211.jpg','image/jpeg','81.41','1.2.'),(89,'KK.jpeg','TKI_MEDIA_df0b9ccbeac06a4c4881d16e87047ebc.jpeg','image/jpeg','879.05','1.3.'),(90,'KTP.jpeg','TKI_MEDIA_c85c4b1afc9283d790791d8549577f78.jpeg','image/jpeg','216.99','1.1.'),(91,'Paspor.jpg','TKI_MEDIA_3aaec83176f6c266560b228c69aead8c.jpg','image/jpeg','63.63','1.5.'),(92,'Akta.jpg','TKI_MEDIA_32999a7a929ab9c028636af982116211.jpg','image/jpeg','81.41','1.2.'),(93,'KK.jpeg','TKI_MEDIA_df0b9ccbeac06a4c4881d16e87047ebc.jpeg','image/jpeg','879.05','1.3.'),(94,'KTP.jpeg','TKI_MEDIA_c85c4b1afc9283d790791d8549577f78.jpeg','image/jpeg','216.99','1.1.'),(95,'Paspor.jpg','TKI_MEDIA_3aaec83176f6c266560b228c69aead8c.jpg','image/jpeg','63.63','1.5.'),(96,'KTP.png','TKI_MEDIA_bb9962a15100db75ca9ab208601e9dd4.png','image/png','202.23','1.1.'),(97,'','TKI_MEDIA_39899eb20cce3cf8afb3bfb05e296ab2','',NULL,'1.3.'),(98,'','TKI_MEDIA_39899eb20cce3cf8afb3bfb05e296ab2','',NULL,'1.3.'),(99,'Ijazah.jpg','TKI_MEDIA_136285a6e189cb4a7a8803369f82f77e.jpg','image/jpeg','186.85','3.'),(100,'222.png','TKI_MEDIA_b32454208786c327140441d9076f23e0.png','image/png','61.33','1.1.'),(101,'KK.jpg','TKI_MEDIA_b8d61295593995d86a76e554525b4f50.jpg','image/jpeg','201.56','1.3.'),(102,'KTP.jpg','TKI_MEDIA_fb90a96a0aae7009effa6f7fafe9a91d.jpg','image/jpeg','97.61','1.1.'),(103,'Surat Izin.jpg','TKI_MEDIA_ed08abb1bebf306de1021babf2f1284e.jpg','image/jpeg','581.65','1.4.'),(104,'KTP.jpeg','TKI_MEDIA_c85c4b1afc9283d790791d8549577f78.jpeg','image/jpeg','261.99','1.1.'),(105,'KK.jpeg','TKI_MEDIA_df0b9ccbeac06a4c4881d16e87047ebc.jpeg','image/jpeg','1523.25','1.3.'),(106,'Akta.jpg','TKI_MEDIA_32999a7a929ab9c028636af982116211.jpg','image/jpeg','96.85','1.2.'),(107,'KK.jpg','TKI_MEDIA_b8d61295593995d86a76e554525b4f50.jpg','image/jpeg','140.11','1.3.'),(108,'KTP.jpg','TKI_MEDIA_fb90a96a0aae7009effa6f7fafe9a91d.jpg','image/jpeg','115.89','1.1.'),(109,'KTP.jpeg','TKI_MEDIA_c85c4b1afc9283d790791d8549577f78.jpeg','image/jpeg','41.61','1.1.'),(110,'KK.jpeg','TKI_MEDIA_df0b9ccbeac06a4c4881d16e87047ebc.jpeg','image/jpeg','179.51','1.3.'),(111,'AKTA.jpeg','TKI_MEDIA_a6d0ddb677c5f2d9a87ef4bdd49c67ad.jpeg','image/jpeg','263.56','1.2.'),(112,'Akta.jpg','TKI_MEDIA_32999a7a929ab9c028636af982116211.jpg','image/jpeg','167.66','1.2.'),(113,'KK.jpg','TKI_MEDIA_b8d61295593995d86a76e554525b4f50.jpg','image/jpeg','119.97','1.3.'),(114,'KTP.jpeg','TKI_MEDIA_c85c4b1afc9283d790791d8549577f78.jpeg','image/jpeg','257.13','1.1.'),(115,'KTP.png','TKI_MEDIA_bb9962a15100db75ca9ab208601e9dd4.png','image/png','202.23','1.1.'),(116,'','TKI_MEDIA_39899eb20cce3cf8afb3bfb05e296ab2','',NULL,'1.3.'),(117,'Surat Izin.jpg','TKI_MEDIA_ed08abb1bebf306de1021babf2f1284e.jpg','image/jpeg','581.65','1.4.'),(118,'Paspor.jpg','TKI_MEDIA_3aaec83176f6c266560b228c69aead8c.jpg','image/jpeg','63.63','1.5.'),(119,'Akta.jpg','TKI_MEDIA_32999a7a929ab9c028636af982116211.jpg','image/jpeg','81.41','1.2.'),(120,'KK.jpeg','TKI_MEDIA_df0b9ccbeac06a4c4881d16e87047ebc.jpeg','image/jpeg','879.05','1.3.'),(121,'KTP.jpeg','TKI_MEDIA_c85c4b1afc9283d790791d8549577f78.jpeg','image/jpeg','261.99','1.1.'),(122,'KTP.png','TKI_MEDIA_bb9962a15100db75ca9ab208601e9dd4.png','image/png','202.23','1.1.'),(123,'Akta.jpg','TKI_MEDIA_32999a7a929ab9c028636af982116211.jpg','image/jpeg','81.41','1.2.'),(124,'Akta.jpg','TKI_MEDIA_32999a7a929ab9c028636af982116211.jpg','image/jpeg','96.85','1.2.'),(125,'KK.jpeg','TKI_MEDIA_df0b9ccbeac06a4c4881d16e87047ebc.jpeg','image/jpeg','879.05','1.3.'),(126,'KK.jpeg','TKI_MEDIA_df0b9ccbeac06a4c4881d16e87047ebc.jpeg','image/jpeg','1523.25','1.3.'),(127,'Surat Izin.jpg','TKI_MEDIA_ed08abb1bebf306de1021babf2f1284e.jpg','image/jpeg','581.65','1.4.'),(128,'Surat Izin.jpg','TKI_MEDIA_ed08abb1bebf306de1021babf2f1284e.jpg','image/jpeg','581.65','1.4.'),(129,'Paspor.jpg','TKI_MEDIA_3aaec83176f6c266560b228c69aead8c.jpg','image/jpeg','63.63','1.5.'),(130,'Paspor.jpg','TKI_MEDIA_3aaec83176f6c266560b228c69aead8c.jpg','image/jpeg','63.63','1.5.'),(131,'','PERJANJIAN_FILES_5c3557b8aa955cc66311f4da49bcc1af','',NULL,'1.'),(132,'Akta.jpg','TKI_MEDIA_32999a7a929ab9c028636af982116211.jpg','image/jpeg','81.41','1.2.'),(133,'Surat Izin.jpg','TKI_MEDIA_ed08abb1bebf306de1021babf2f1284e.jpg','image/jpeg','581.65','1.4.'),(134,'','PERJANJIAN_FILES_f79d4008435268bea3c7f330ebddd627','',NULL,'1.'),(135,'Paspor.jpg','TKI_MEDIA_3aaec83176f6c266560b228c69aead8c.jpg','image/jpeg','63.63','1.5.'),(136,'KTP ASLI WULAN.JPG','TKI_MEDIA_ddb5f6f0b5fbe23ece5c6d5c12a384c2.JPG','image/jpeg','107.33','1.1.'),(137,'KTP.jpeg','TKI_MEDIA_c85c4b1afc9283d790791d8549577f78.jpeg','image/jpeg','41.61','1.1.'),(138,'KK.jpeg','TKI_MEDIA_df0b9ccbeac06a4c4881d16e87047ebc.jpeg','image/jpeg','179.51','1.3.'),(139,'AKTA.jpeg','TKI_MEDIA_a6d0ddb677c5f2d9a87ef4bdd49c67ad.jpeg','image/jpeg','263.56','1.2.'),(140,'img025.jpg','TKI_MEDIA_465824bde2a22bca8fb6fa5ecaa6813f.jpg','image/jpeg','581.65','1.4.'),(141,'KTP.jpeg','TKI_MEDIA_c85c4b1afc9283d790791d8549577f78.jpeg','image/jpeg','41.61','1.1.'),(142,'Paspor.jpg','TKI_MEDIA_3aaec83176f6c266560b228c69aead8c.jpg','image/jpeg','63.63','1.5.'),(143,'AKTA.jpeg','TKI_MEDIA_a6d0ddb677c5f2d9a87ef4bdd49c67ad.jpeg','image/jpeg','263.56','1.2.'),(144,'KK.jpeg','TKI_MEDIA_df0b9ccbeac06a4c4881d16e87047ebc.jpeg','image/jpeg','179.51','1.3.'),(145,'Surat Izin.jpg','TKI_MEDIA_ed08abb1bebf306de1021babf2f1284e.jpg','image/jpeg','581.65','1.4.'),(146,'Paspor.jpg','TKI_MEDIA_3aaec83176f6c266560b228c69aead8c.jpg','image/jpeg','63.63','1.5.'),(147,'','MEDICAL_FILES_5c3557b8aa955cc66311f4da49bcc1af','',NULL,'1.'),(148,'KTP.jpeg','TKI_MEDIA_c85c4b1afc9283d790791d8549577f78.jpeg','image/jpeg','216.99','1.1.'),(149,'Akta.jpg','TKI_MEDIA_32999a7a929ab9c028636af982116211.jpg','image/jpeg','81.41','1.2.'),(150,'KK.jpeg','TKI_MEDIA_df0b9ccbeac06a4c4881d16e87047ebc.jpeg','image/jpeg','879.05','1.3.'),(151,'Surat Izin.jpg','TKI_MEDIA_ed08abb1bebf306de1021babf2f1284e.jpg','image/jpeg','581.65','1.4.'),(152,'Paspor.jpg','TKI_MEDIA_3aaec83176f6c266560b228c69aead8c.jpg','image/jpeg','63.63','1.5.'),(153,'','MEDICAL_FILES_5c3557b8aa955cc66311f4da49bcc1af','',NULL,'1.'),(154,'1.jpeg','MEDICAL_FILES_83b5009e040969ee7b60362ad7426573.jpeg','image/jpeg','586.29','1.'),(155,'','VISA_FILE_5c3557b8aa955cc66311f4da49bcc1af','',NULL,'3.'),(156,'','LK_FILE_f79d4008435268bea3c7f330ebddd627','',NULL,'4.'),(157,'1.jpeg','MEDICAL_FILES_83b5009e040969ee7b60362ad7426573.jpeg','image/jpeg','586.29','1.'),(158,'ktp.jpg','TKI_MEDIA_1ba58ade408626ef6759ee3ae5139603.jpg','image/jpeg','32.67','1.1.'),(159,'1.jpeg','MEDICAL_FILES_83b5009e040969ee7b60362ad7426573.jpeg','image/jpeg','586.29','1.'),(160,'1.jpeg','MEDICAL_FILES_83b5009e040969ee7b60362ad7426573.jpeg','image/jpeg','586.29','1.'),(161,'','LK_FILE_5c3557b8aa955cc66311f4da49bcc1af','',NULL,'4.'),(162,'','VISA_FILE_5c3557b8aa955cc66311f4da49bcc1af','',NULL,'3.'),(163,'mv.jpg','MEDICAL_FILES_f949359b372c76c5baba0e27f7d79f89.jpg','image/jpeg','85.1','1.'),(164,'Fasilitas 1.jpg','PPTKIS_FASITITAS_93d7f1527b6ebb3a140f57e51c98beb5.jpg','image/jpeg','137','10.'),(165,'Fasilitas 2.jpg','PPTKIS_FASITITAS_88b53d300fde72ac38c6a11d0b179378.jpg','image/jpeg','67.35','10.'),(166,'Fasilitas 4.jpg','PPTKIS_FASITITAS_a0d74f584a5e2b1d6e8f51471bd5ab24.jpg','image/jpeg','50.26','10.'),(167,'','TKI_MEDIA_9224cf16b04b1d1df34d254562d21252','',NULL,'1.'),(168,'','TKI_MEDIA_96771f6cc0ac000aa803995d460b640e','',NULL,'2.'),(169,'','TKI_MEDIA_7805fed30ae8e97a472e80773c58bce8','',NULL,'2.'),(170,'','TKI_MEDIA_48ed380d6335661735385eb89f4cdddb','',NULL,'1.'),(171,'','TKI_MEDIA_96771f6cc0ac000aa803995d460b640e','',NULL,'2.'),(172,'','TKI_MEDIA_2126d466ff3de7075b0ce1bd79a65a91','',NULL,'2.'),(173,'','TKI_MEDIA_9c83610a0ea5f7b6d983e60fb671efbe','',NULL,'1.1.'),(174,'','MEDICAL_FILES_f79d4008435268bea3c7f330ebddd627','',NULL,'1.'),(175,'','MEDICAL_FILES_5c3557b8aa955cc66311f4da49bcc1af','',NULL,'1.'),(176,'','LK_FILE_f79d4008435268bea3c7f330ebddd627','',NULL,'4.'),(177,'','VISA_FILE_5c3557b8aa955cc66311f4da49bcc1af','',NULL,'3.'),(178,'','LK_FILE_634b67234bada2fddc55507282d10b80','',NULL,'4.'),(179,'','VISA_FILE_634b67234bada2fddc55507282d10b80','',NULL,'3.'),(180,'','MEDICAL_FILES_634b67234bada2fddc55507282d10b80','',NULL,'1.'),(181,'','MEDICAL_FILES_70715daf52b7d827171c40007f0b96f5','',NULL,'1.'),(182,'','TKI_MEDIA_9c83610a0ea5f7b6d983e60fb671efbe','',NULL,'2.'),(186,'','PPTKIS_FASITITAS_97c45199a06b3fa58dbf9911028ca4fe','',NULL,'10.'),(204,'','TKI_MEDIA_97c45199a06b3fa58dbf9911028ca4fe','',NULL,'2.'),(205,'','MEDICAL_FILES_97c45199a06b3fa58dbf9911028ca4fe','',NULL,'1.'),(206,'','MEDICAL_FILES_97c45199a06b3fa58dbf9911028ca4fe','',NULL,'1.'),(207,'','LK_FILE_97c45199a06b3fa58dbf9911028ca4fe','',NULL,'4.'),(208,'','VISA_FILE_97c45199a06b3fa58dbf9911028ca4fe','',NULL,'3.'),(209,'','TKI_MEDIA_40026f66fef3c73c291b66620f3b3d6b','',NULL,'2.'),(210,'','MEDICAL_FILES_4812b21b68844c0483ec3b1e99238ae0','',NULL,'1.'),(211,'','MEDICAL_FILES_4812b21b68844c0483ec3b1e99238ae0','',NULL,'1.'),(212,'','LK_FILE_4812b21b68844c0483ec3b1e99238ae0','',NULL,'4.'),(213,'','VISA_FILE_4812b21b68844c0483ec3b1e99238ae0','',NULL,'3.');
/*!40000 ALTER TABLE `DOKUMEN` ENABLE KEYS */;
UNLOCK TABLES;

--
-- Table structure for table `HELP`
--

DROP TABLE IF EXISTS `HELP`;
/*!40101 SET @saved_cs_client     = @@character_set_client */;
/*!40101 SET character_set_client = utf8 */;
CREATE TABLE `HELP` (
  `HELP_ID` int(11) NOT NULL AUTO_INCREMENT,
  `HELP_JUDUL` varchar(100) DEFAULT NULL,
  `PEKERJA_ID` varchar(100) DEFAULT NULL,
  `HELP_DATE` timestamp NULL DEFAULT CURRENT_TIMESTAMP,
  PRIMARY KEY (`HELP_ID`)
) ENGINE=InnoDB AUTO_INCREMENT=9 DEFAULT CHARSET=latin1;
/*!40101 SET character_set_client = @saved_cs_client */;

--
-- Dumping data for table `HELP`
--

LOCK TABLES `HELP` WRITE;
/*!40000 ALTER TABLE `HELP` DISABLE KEYS */;
INSERT INTO `HELP` VALUES (1,'asdf','1','2017-08-23 09:09:24'),(2,'asfas','1','2017-08-23 09:09:35'),(3,'adsf','1','2017-08-24 07:47:15'),(4,'asdf','2','2017-08-24 07:56:13'),(5,'Test','2','2017-08-25 02:37:54'),(6,'Cara Merubah Sandi Dongg','1','2017-08-25 02:40:02'),(7,'Gimana Pak cara mrubah sandi saya yang lupa','2','2017-08-25 02:40:46'),(8,'tes','1141','2017-08-25 13:04:18');
/*!40000 ALTER TABLE `HELP` ENABLE KEYS */;
UNLOCK TABLES;

--
-- Table structure for table `HELP_CHAT`
--

DROP TABLE IF EXISTS `HELP_CHAT`;
/*!40101 SET @saved_cs_client     = @@character_set_client */;
/*!40101 SET character_set_client = utf8 */;
CREATE TABLE `HELP_CHAT` (
  `CHAT_ID` int(11) NOT NULL AUTO_INCREMENT,
  `CHAT_DATE` timestamp NOT NULL DEFAULT CURRENT_TIMESTAMP,
  `PENGIRIM_ID` varchar(100) DEFAULT NULL,
  `CHAT_TEXT` text,
  `HELP_ID` varchar(100) DEFAULT NULL,
  PRIMARY KEY (`CHAT_ID`)
) ENGINE=InnoDB AUTO_INCREMENT=51 DEFAULT CHARSET=latin1;
/*!40101 SET character_set_client = @saved_cs_client */;

--
-- Dumping data for table `HELP_CHAT`
--

LOCK TABLES `HELP_CHAT` WRITE;
/*!40000 ALTER TABLE `HELP_CHAT` DISABLE KEYS */;
INSERT INTO `HELP_CHAT` VALUES (1,'2017-08-23 09:02:58','1','okokoko','19'),(2,'2017-08-23 09:09:24','1','adsfasdf','1'),(3,'2017-08-23 09:09:35','1','asfsaf','2'),(4,'2017-08-23 09:29:36','1','oke','1'),(5,'2017-08-23 09:42:14','1','sdf','2'),(6,'2017-08-23 09:42:18','1','sdfsdfsdf','2'),(7,'2017-08-24 07:38:03','1','ndri\n','2'),(8,'2017-08-24 07:38:10','1','dsafsf','1'),(9,'2017-08-24 07:38:18','1','asdf','2'),(10,'2017-08-24 07:38:23','1','asdf','2'),(11,'2017-08-24 07:38:57','1','asdf','2'),(12,'2017-08-24 07:40:26','1','asdf','1'),(13,'2017-08-24 07:47:15','1','asdf','3'),(14,'2017-08-24 07:47:18','1','asdfasf','3'),(15,'2017-08-24 07:47:27','1','asdf','3'),(16,'2017-08-24 07:47:30','1','asfd','3'),(17,'2017-08-24 07:47:36','1','asdf','2'),(18,'2017-08-24 07:47:40','1','asdf','2'),(19,'2017-08-24 07:47:56','1','asdf','2'),(20,'2017-08-24 07:48:03','1','asdf','2'),(21,'2017-08-24 07:51:58','1','adsf','1'),(22,'2017-08-24 07:55:18','1','asdfasdf','1'),(23,'2017-08-24 07:56:13','2','asf','4'),(24,'2017-08-24 07:56:16','2','asdf','4'),(25,'2017-08-24 07:57:13','2','asdf','4'),(26,'2017-08-24 07:57:44','2','adsfa','4'),(27,'2017-08-24 07:57:46','2','asdf','4'),(28,'2017-08-24 07:58:12','2','asdf','4'),(29,'2017-08-24 07:58:22','2','asdf','4'),(30,'2017-08-24 08:01:39','2','adsf','4'),(31,'2017-08-24 08:03:05','2','adsf','4'),(32,'2017-08-24 08:03:52','2','asdf','4'),(33,'2017-08-25 02:05:41','1','test','4'),(34,'2017-08-25 02:37:54','2','Test','5'),(35,'2017-08-25 02:38:08','1','kiri yah','5'),(36,'2017-08-25 02:38:20','2','kanan dong','5'),(37,'2017-08-25 02:40:02','1','gimana pak cara merubah sandi saya yang lupa','6'),(38,'2017-08-25 02:40:15','1','coba aja pak','6'),(39,'2017-08-25 02:40:46','2','Gimana Tuh','7'),(40,'2017-08-25 02:40:54','2','bales dong\n','7'),(41,'2017-08-25 02:41:36','1','coba ke menu user pak','7'),(42,'2017-08-25 02:43:52','1','bismillah','7'),(43,'2017-08-25 02:50:23','1','asdfasfdddddddddddddddddddddddddddddddddddddddddddddddddddddddddddddd asdfasfddddddddddddddddddddddddddddddddddddddddddddddddddddddddddddddasdfasfddddddddddddddddddddddddddddddddddddddddddddddddddddddddddddddasdfasfddddddddddddddddddddddddddddddddddddddddddddddddddddddddddddddasdfasfdddddddddddddddddddddddddddddddddddddddddddddddddddddddddddddd','7'),(44,'2017-08-25 02:50:33','1','asdfasfddddddddddddddddddddddddddddddddddddddddddddddddddddddddddddddasdfasfddddddddddddddddddddddddddddddddddddddddddddddddddddddddddddddasdfasfddddddddddddddddddddddddddddddddddddddddddddddddddddddddddddddasdfasfddddddddddddddddddddddddddddddddddddddddddddddddddddddddddddddasdfasfddddddddddddddddddddddddddddddddddddddddddddddddddddddddddddddasdfasfddddddddddddddddddddddddddddddddddddddddddddddddddddddddddddddasdfasfddddddddddddddddddddddddddddddddddddddddddddddddddddddddddddddasdfasfddddddddddddddddddddddddddddddddddddddddddddddddddddddddddddddasdfasfddddddddddddddddddddddddddddddddddddddddddddddddddddddddddddddasdfasfddddddddddddddddddddddddddddddddddddddddddddddddddddddddddddddasdfasfddddddddddddddddddddddddddddddddddddddddddddddddddddddddddddddasdfasfddddddddddddddddddddddddddddddddddddddddddddddddddddddddddddddasdfasfdddddddddddddddddddddddddddddddddddddddddddddddddddddddddddddd','7'),(45,'2017-08-25 02:59:46','1','asfasf','7'),(46,'2017-08-25 05:51:20','2','ORA','5'),(47,'2017-08-25 11:43:12','2','asdf','5'),(48,'2017-08-25 13:04:18','1141','tsdf','8'),(49,'2017-08-25 13:04:27','1141','sdfsdf','8'),(50,'2017-08-25 13:05:23','1','kenapa jon\n','8');
/*!40000 ALTER TABLE `HELP_CHAT` ENABLE KEYS */;
UNLOCK TABLES;

--
-- Table structure for table `JOB`
--

DROP TABLE IF EXISTS `JOB`;
/*!40101 SET @saved_cs_client     = @@character_set_client */;
/*!40101 SET character_set_client = utf8 */;
CREATE TABLE `JOB` (
  `JOB_ID` int(11) NOT NULL AUTO_INCREMENT,
  `JOB_JABATAN_ID` int(11) NOT NULL,
  `JOB_SLUG` varchar(100) DEFAULT NULL,
  `JOB_TUGAS` varchar(255) DEFAULT NULL,
  `JOB_SALARY` int(11) NOT NULL,
  `MATA_UANG_ID` int(11) NOT NULL,
  `KONTRAK_ID` int(11) NOT NULL,
  `OWNER_ID` int(11) NOT NULL,
  `JOB_START_DATE` date NOT NULL,
  `JOB_END_DATE` date NOT NULL,
  `AGEN_ID` int(11) NOT NULL,
  `JOB_JENJANG_KARIR` int(11) NOT NULL,
  `BIDANG_ID` varchar(11) DEFAULT NULL,
  `JOB_FASILITAS_MAKAN` varchar(100) DEFAULT NULL,
  `JOB_FASILITAS_TT` varchar(100) DEFAULT NULL,
  `JOB_FASILITAS_TRANSPORTASI` varchar(100) DEFAULT NULL,
  `JOB_FASILITAS_KESEHATAN` varchar(100) DEFAULT NULL,
  `JOB_FASILITAS_LIBURAN` varchar(100) DEFAULT NULL,
  `JOB_FASILITAS_KOMUNIKASI` varchar(100) DEFAULT NULL,
  `PENDIDIKAN_ID` varchar(100) DEFAULT NULL,
  `JOB_KEBUTUHAN` varchar(100) DEFAULT NULL,
  `JOB_FASILITAS_LAINYA` varchar(100) DEFAULT NULL,
  `JABATAN_NAMA` varchar(45) NOT NULL,
  `JABATAN_TUGAS` varchar(255) NOT NULL,
  `JABATAN_DESKRIPSI` varchar(255) NOT NULL,
  `LINGKUNGAN_LING_ID` int(11) DEFAULT NULL,
  `JABATAN_SERTIFIKAT` varchar(100) DEFAULT NULL,
  `JABATAN_JURUSAN` varchar(100) DEFAULT NULL,
  `JOB_SALARY_MAX` int(11) DEFAULT NULL,
  `DATE_CREATED` timestamp NULL DEFAULT NULL,
  `WILAYAH_ID` varchar(100) DEFAULT NULL,
  `PPTKIS_ID` int(11) DEFAULT NULL,
  PRIMARY KEY (`JOB_ID`)
) ENGINE=InnoDB AUTO_INCREMENT=274 DEFAULT CHARSET=latin1;
/*!40101 SET character_set_client = @saved_cs_client */;

--
-- Dumping data for table `JOB`
--

LOCK TABLES `JOB` WRITE;
/*!40000 ALTER TABLE `JOB` DISABLE KEYS */;
INSERT INTO `JOB` VALUES (1,28,NULL,NULL,900000,0,0,5,'2017-10-25','2017-11-25',80,0,NULL,NULL,NULL,NULL,NULL,NULL,NULL,NULL,'6',NULL,'BARISTA','','',NULL,NULL,NULL,1800000,NULL,'1.1.',28),(2,121,NULL,NULL,600000,0,0,4,'2017-08-12','2017-09-12',31,0,NULL,NULL,NULL,NULL,NULL,NULL,NULL,NULL,'11',NULL,'','','',NULL,NULL,NULL,800000,NULL,'1.3.',27),(3,90,NULL,NULL,400000,0,0,5,'2017-05-22','2017-06-22',61,0,NULL,NULL,NULL,NULL,NULL,NULL,NULL,NULL,'17',NULL,'','','',NULL,NULL,NULL,1400000,NULL,'1.1.',29),(4,68,NULL,NULL,400000,0,0,6,'2017-05-02','2017-06-02',38,0,NULL,NULL,NULL,NULL,NULL,NULL,NULL,NULL,'16',NULL,'','','',NULL,NULL,NULL,1700000,NULL,'1.2.',18),(5,48,NULL,NULL,600000,0,0,1,'2017-06-26','2017-07-27',82,0,NULL,NULL,NULL,NULL,NULL,NULL,NULL,NULL,'15',NULL,'','','',NULL,NULL,NULL,1700000,NULL,'1.1.',26),(6,74,NULL,NULL,800000,0,0,3,'2017-05-19','2017-06-19',67,0,NULL,NULL,NULL,NULL,NULL,NULL,NULL,NULL,'6',NULL,'','','',NULL,NULL,NULL,800000,NULL,'1.3.',1),(7,10,NULL,NULL,500000,0,0,2,'2017-07-08','2017-08-08',83,0,NULL,NULL,NULL,NULL,NULL,NULL,NULL,NULL,'17',NULL,'','','',NULL,NULL,NULL,1900000,NULL,'1.1.',21),(8,35,NULL,NULL,500000,0,0,2,'2017-10-27','2017-11-27',64,0,NULL,NULL,NULL,NULL,NULL,NULL,NULL,NULL,'15',NULL,'','','',NULL,NULL,NULL,1100000,NULL,'1.3.',23),(9,83,NULL,NULL,700000,0,0,5,'2017-10-25','2017-11-25',50,0,NULL,NULL,NULL,NULL,NULL,NULL,NULL,NULL,'10',NULL,'','','',NULL,NULL,NULL,1500000,NULL,'1.1.',12),(10,20,NULL,NULL,600000,0,0,3,'2017-08-08','2017-09-08',69,0,NULL,NULL,NULL,NULL,NULL,NULL,NULL,NULL,'10',NULL,'','','',NULL,NULL,NULL,1900000,NULL,'1.3.',16),(11,59,NULL,NULL,400000,0,0,6,'2017-08-08','2017-09-08',45,0,NULL,NULL,NULL,NULL,NULL,NULL,NULL,NULL,'12',NULL,'','','',NULL,NULL,NULL,1600000,NULL,'1.1.',30),(12,29,NULL,NULL,400000,0,0,4,'2017-07-26','2017-08-26',48,0,NULL,NULL,NULL,NULL,NULL,NULL,NULL,NULL,'8',NULL,'','','',NULL,NULL,NULL,1900000,NULL,'1.3.',29),(13,70,NULL,NULL,800000,0,0,4,'2017-09-15','2017-10-16',69,0,NULL,NULL,NULL,NULL,NULL,NULL,NULL,NULL,'11',NULL,'','','',NULL,NULL,NULL,1600000,NULL,'1.1.',22),(14,98,NULL,NULL,500000,0,0,5,'2017-04-24','2017-05-25',32,0,NULL,NULL,NULL,NULL,NULL,NULL,NULL,NULL,'4',NULL,'','','',NULL,NULL,NULL,1500000,NULL,'1.2.',18),(15,18,NULL,NULL,500000,0,0,1,'2017-10-01','2017-11-01',74,0,NULL,NULL,NULL,NULL,NULL,NULL,NULL,NULL,'4',NULL,'','','',NULL,NULL,NULL,800000,NULL,'1.3.',14),(16,81,NULL,NULL,400000,0,0,4,'2017-06-23','2017-07-24',2,0,NULL,NULL,NULL,NULL,NULL,NULL,NULL,NULL,'10',NULL,'','','',NULL,NULL,NULL,700000,NULL,'1.4.',21),(17,91,NULL,NULL,700000,0,0,3,'2017-09-24','2017-10-25',60,0,NULL,NULL,NULL,NULL,NULL,NULL,NULL,NULL,'14',NULL,'','','',NULL,NULL,NULL,600000,NULL,'1.4.',28),(18,59,NULL,NULL,700000,0,0,6,'2017-09-03','2017-10-04',20,0,NULL,NULL,NULL,NULL,NULL,NULL,NULL,NULL,'7',NULL,'','','',NULL,NULL,NULL,900000,NULL,'1.2.',18),(19,1,NULL,NULL,600000,0,0,5,'2017-06-07','2017-07-08',82,0,NULL,NULL,NULL,NULL,NULL,NULL,NULL,NULL,'17',NULL,'','','',NULL,NULL,NULL,1600000,NULL,'1.2.',8),(20,38,NULL,NULL,800000,0,0,2,'2017-05-09','2017-06-09',52,0,NULL,NULL,NULL,NULL,NULL,NULL,NULL,NULL,'13',NULL,'','','',NULL,NULL,NULL,1800000,NULL,'1.3.',26),(21,47,NULL,NULL,900000,0,0,2,'2017-10-28','2017-11-28',8,0,NULL,NULL,NULL,NULL,NULL,NULL,NULL,NULL,'18',NULL,'','','',NULL,NULL,NULL,1100000,NULL,'1.4.',20),(22,103,NULL,NULL,500000,0,0,2,'2017-10-24','2017-11-24',85,0,NULL,NULL,NULL,NULL,NULL,NULL,NULL,NULL,'17',NULL,'','','',NULL,NULL,NULL,1700000,NULL,'1.1.',15),(23,46,NULL,NULL,800000,0,0,2,'2017-06-28','2017-07-29',39,0,NULL,NULL,NULL,NULL,NULL,NULL,NULL,NULL,'17',NULL,'','','',NULL,NULL,NULL,1900000,NULL,'1.4.',7),(24,120,NULL,NULL,900000,0,0,4,'2017-04-04','2017-05-05',68,0,NULL,NULL,NULL,NULL,NULL,NULL,NULL,NULL,'6',NULL,'','','',NULL,NULL,NULL,1700000,NULL,'1.3.',2),(25,55,NULL,NULL,800000,0,0,5,'2017-08-16','2017-09-16',36,0,NULL,NULL,NULL,NULL,NULL,NULL,NULL,NULL,'11',NULL,'','','',NULL,NULL,NULL,1400000,NULL,'1.3.',28),(26,26,NULL,NULL,800000,0,0,5,'2017-10-10','2017-11-10',17,0,NULL,NULL,NULL,NULL,NULL,NULL,NULL,NULL,'9',NULL,'','','',NULL,NULL,NULL,1100000,NULL,'1.2.',24),(27,125,NULL,NULL,800000,0,0,2,'2017-09-16','2017-10-17',23,0,NULL,NULL,NULL,NULL,NULL,NULL,NULL,NULL,'5',NULL,'','','',NULL,NULL,NULL,1800000,NULL,'1.3.',17),(28,34,NULL,NULL,500000,0,0,6,'2017-08-09','2017-09-09',49,0,NULL,NULL,NULL,NULL,NULL,NULL,NULL,NULL,'12',NULL,'','','',NULL,NULL,NULL,1300000,NULL,'1.3.',1),(29,14,NULL,NULL,500000,0,0,5,'2017-09-24','2017-10-25',88,0,NULL,NULL,NULL,NULL,NULL,NULL,NULL,NULL,'15',NULL,'','','',NULL,NULL,NULL,700000,NULL,'1.1.',15),(30,81,NULL,NULL,400000,0,0,5,'2017-10-25','2017-11-25',84,0,NULL,NULL,NULL,NULL,NULL,NULL,NULL,NULL,'15',NULL,'','','',NULL,NULL,NULL,1000000,NULL,'1.2.',14),(31,74,NULL,NULL,400000,0,0,4,'2017-09-16','2017-10-17',78,0,NULL,NULL,NULL,NULL,NULL,NULL,NULL,NULL,'13',NULL,'','','',NULL,NULL,NULL,600000,NULL,'1.3.',6),(32,25,NULL,NULL,400000,0,0,4,'2017-06-22','2017-07-23',33,0,NULL,NULL,NULL,NULL,NULL,NULL,NULL,NULL,'14',NULL,'','','',NULL,NULL,NULL,1900000,NULL,'1.2.',11),(33,7,NULL,NULL,900000,0,0,7,'2017-10-06','2017-11-06',17,0,NULL,NULL,NULL,NULL,NULL,NULL,NULL,NULL,'6',NULL,'','','',NULL,NULL,NULL,1600000,NULL,'1.2.',5),(34,6,NULL,NULL,700000,0,0,5,'2017-06-01','2017-07-02',65,0,NULL,NULL,NULL,NULL,NULL,NULL,NULL,NULL,'7',NULL,'','','',NULL,NULL,NULL,700000,NULL,'1.4.',14),(35,23,NULL,NULL,900000,0,0,3,'2017-04-14','2017-05-15',71,0,NULL,NULL,NULL,NULL,NULL,NULL,NULL,NULL,'7',NULL,'','','',NULL,NULL,NULL,600000,NULL,'1.3.',15),(36,122,NULL,NULL,700000,0,0,7,'2017-04-05','2017-05-06',24,0,NULL,NULL,NULL,NULL,NULL,NULL,NULL,NULL,'5',NULL,'','','',NULL,NULL,NULL,1100000,NULL,'1.3.',17),(37,81,NULL,NULL,900000,0,0,2,'2017-06-12','2017-07-13',95,0,NULL,NULL,NULL,NULL,NULL,NULL,NULL,NULL,'15',NULL,'','','',NULL,NULL,NULL,1000000,NULL,'1.2.',4),(38,101,NULL,NULL,800000,0,0,1,'2017-10-18','2017-11-18',98,0,NULL,NULL,NULL,NULL,NULL,NULL,NULL,NULL,'6',NULL,'','','',NULL,NULL,NULL,1200000,NULL,'1.4.',19),(39,25,NULL,NULL,500000,0,0,2,'2017-05-09','2017-06-09',90,0,NULL,NULL,NULL,NULL,NULL,NULL,NULL,NULL,'15',NULL,'','','',NULL,NULL,NULL,1000000,NULL,'1.1.',27),(40,35,NULL,NULL,400000,0,0,4,'2017-09-04','2017-10-05',86,0,NULL,NULL,NULL,NULL,NULL,NULL,NULL,NULL,'9',NULL,'','','',NULL,NULL,NULL,1300000,NULL,'1.1.',24),(41,113,NULL,NULL,500000,0,0,5,'2017-05-13','2017-06-13',50,0,NULL,NULL,NULL,NULL,NULL,NULL,NULL,NULL,'5',NULL,'','','',NULL,NULL,NULL,1800000,NULL,'1.1.',16),(42,92,NULL,NULL,700000,0,0,5,'2017-08-04','2017-09-04',62,0,NULL,NULL,NULL,NULL,NULL,NULL,NULL,NULL,'13',NULL,'','','',NULL,NULL,NULL,1800000,NULL,'1.3.',3),(43,108,NULL,NULL,400000,0,0,2,'2017-07-07','2017-08-07',49,0,NULL,NULL,NULL,NULL,NULL,NULL,NULL,NULL,'6',NULL,'','','',NULL,NULL,NULL,1800000,NULL,'1.2.',22),(44,33,NULL,NULL,800000,0,0,2,'2017-08-17','2017-09-17',29,0,NULL,NULL,NULL,NULL,NULL,NULL,NULL,NULL,'10',NULL,'','','',NULL,NULL,NULL,1500000,NULL,'1.1.',20),(45,1,NULL,NULL,600000,0,0,3,'0000-00-00','0000-00-00',45,0,NULL,'','','','','','','','9','','','membuat berbagai jenis minuman kopi yang di pesan oleh pelanggan.','membuat dan menyajikan kopi kepada pelanggan',NULL,'','Jurusan',1500000,NULL,'1.4.',3),(46,58,NULL,NULL,700000,0,0,4,'2017-04-07','2017-05-08',83,0,NULL,NULL,NULL,NULL,NULL,NULL,NULL,NULL,'15',NULL,'','','',NULL,NULL,NULL,800000,NULL,'1.1.',20),(47,94,NULL,NULL,700000,0,0,3,'2017-09-14','2017-10-15',50,0,NULL,NULL,NULL,NULL,NULL,NULL,NULL,NULL,'16',NULL,'','','',NULL,NULL,NULL,600000,NULL,'1.3.',14),(48,110,NULL,NULL,600000,0,0,5,'2017-10-02','2017-11-02',15,0,NULL,NULL,NULL,NULL,NULL,NULL,NULL,NULL,'9',NULL,'','','',NULL,NULL,NULL,1100000,NULL,'1.2.',23),(49,101,NULL,NULL,500000,0,0,1,'2017-07-12','2017-08-12',36,0,NULL,NULL,NULL,NULL,NULL,NULL,NULL,NULL,'16',NULL,'','','',NULL,NULL,NULL,1900000,NULL,'1.2.',18),(50,10,NULL,NULL,800000,0,0,4,'2017-07-05','2017-08-05',18,0,NULL,NULL,NULL,NULL,NULL,NULL,NULL,NULL,'8',NULL,'','','',NULL,NULL,NULL,1600000,NULL,'1.1.',11),(51,74,NULL,NULL,400000,0,0,1,'2017-07-22','2017-08-22',19,0,NULL,NULL,NULL,NULL,NULL,NULL,NULL,NULL,'12',NULL,'','','',NULL,NULL,NULL,1500000,NULL,'1.1.',25),(52,21,NULL,NULL,800000,0,0,1,'2017-06-23','2017-07-24',3,0,NULL,NULL,NULL,NULL,NULL,NULL,NULL,NULL,'6',NULL,'','','',NULL,NULL,NULL,600000,NULL,'1.4.',2),(53,54,NULL,NULL,800000,0,0,1,'2017-09-22','2017-10-23',90,0,NULL,NULL,NULL,NULL,NULL,NULL,NULL,NULL,'16',NULL,'','','',NULL,NULL,NULL,1200000,NULL,'1.1.',10),(54,125,NULL,NULL,400000,0,0,4,'2017-06-08','2017-07-09',40,0,NULL,NULL,NULL,NULL,NULL,NULL,NULL,NULL,'12',NULL,'','','',NULL,NULL,NULL,1000000,NULL,'1.1.',17),(55,88,NULL,NULL,500000,0,0,7,'2017-06-04','2017-07-05',81,0,NULL,NULL,NULL,NULL,NULL,NULL,NULL,NULL,'18',NULL,'','','',NULL,NULL,NULL,1100000,NULL,'1.2.',3),(56,115,NULL,NULL,900000,0,0,3,'2017-07-25','2017-08-25',55,0,NULL,NULL,NULL,NULL,NULL,NULL,NULL,NULL,'17',NULL,'','','',NULL,NULL,NULL,1700000,NULL,'1.4.',16),(57,102,NULL,NULL,600000,0,0,4,'2017-04-25','2017-05-26',6,0,NULL,NULL,NULL,NULL,NULL,NULL,NULL,NULL,'5',NULL,'','','',NULL,NULL,NULL,1300000,NULL,'1.2.',20),(58,23,NULL,NULL,600000,0,0,7,'2017-04-15','2017-05-16',47,0,NULL,NULL,NULL,NULL,NULL,NULL,NULL,NULL,'4',NULL,'','','',NULL,NULL,NULL,1400000,NULL,'1.1.',21),(59,99,NULL,NULL,600000,0,0,2,'2017-07-05','2017-08-05',87,0,NULL,NULL,NULL,NULL,NULL,NULL,NULL,NULL,'7',NULL,'','','',NULL,NULL,NULL,1200000,NULL,'1.2.',18),(60,100,NULL,NULL,600000,0,0,4,'2017-05-09','2017-06-09',33,0,NULL,NULL,NULL,NULL,NULL,NULL,NULL,NULL,'11',NULL,'','','',NULL,NULL,NULL,1900000,NULL,'1.2.',9),(61,125,NULL,NULL,700000,0,0,5,'2017-04-05','2017-05-06',14,0,NULL,NULL,NULL,NULL,NULL,NULL,NULL,NULL,'16',NULL,'','','',NULL,NULL,NULL,1400000,NULL,'1.2.',26),(62,44,NULL,NULL,400000,0,0,7,'2017-09-05','2017-10-06',83,0,NULL,NULL,NULL,NULL,NULL,NULL,NULL,NULL,'15',NULL,'','','',NULL,NULL,NULL,800000,NULL,'1.2.',14),(63,52,NULL,NULL,600000,0,0,5,'2017-08-19','2017-09-19',72,0,NULL,NULL,NULL,NULL,NULL,NULL,NULL,NULL,'15',NULL,'','','',NULL,NULL,NULL,1600000,NULL,'1.2.',24),(64,30,NULL,NULL,700000,0,0,4,'2017-06-26','2017-07-27',6,0,NULL,NULL,NULL,NULL,NULL,NULL,NULL,NULL,'13',NULL,'','','',NULL,NULL,NULL,1200000,NULL,'1.4.',23),(65,48,NULL,NULL,600000,0,0,6,'2017-07-19','2017-08-19',52,0,NULL,NULL,NULL,NULL,NULL,NULL,NULL,NULL,'12',NULL,'','','',NULL,NULL,NULL,1400000,NULL,'1.4.',1),(66,81,NULL,NULL,700000,0,0,1,'2017-09-02','2017-10-03',58,0,NULL,NULL,NULL,NULL,NULL,NULL,NULL,NULL,'7',NULL,'','','',NULL,NULL,NULL,1900000,NULL,'1.1.',18),(67,119,NULL,NULL,800000,0,0,6,'2017-10-11','2017-11-11',3,0,NULL,NULL,NULL,NULL,NULL,NULL,NULL,NULL,'7',NULL,'','','',NULL,NULL,NULL,600000,NULL,'1.1.',20),(68,60,NULL,NULL,700000,0,0,1,'2017-04-07','2017-05-08',9,0,NULL,NULL,NULL,NULL,NULL,NULL,NULL,NULL,'9',NULL,'','','',NULL,NULL,NULL,1700000,NULL,'1.2.',4),(69,52,NULL,NULL,700000,0,0,5,'2017-10-26','2017-11-26',83,0,NULL,NULL,NULL,NULL,NULL,NULL,NULL,NULL,'12',NULL,'','','',NULL,NULL,NULL,1200000,NULL,'1.1.',7),(70,70,NULL,NULL,400000,0,0,6,'2017-09-09','2017-10-10',100,0,NULL,NULL,NULL,NULL,NULL,NULL,NULL,NULL,'14',NULL,'','','',NULL,NULL,NULL,1100000,NULL,'1.3.',17),(71,110,NULL,NULL,400000,0,0,6,'2017-04-14','2017-05-15',11,0,NULL,NULL,NULL,NULL,NULL,NULL,NULL,NULL,'14',NULL,'','','',NULL,NULL,NULL,1400000,NULL,'1.4.',7),(72,81,NULL,NULL,600000,0,0,2,'2017-05-15','2017-06-15',28,0,NULL,NULL,NULL,NULL,NULL,NULL,NULL,NULL,'12',NULL,'','','',NULL,NULL,NULL,1700000,NULL,'1.1.',27),(73,7,NULL,NULL,900000,0,0,5,'2017-04-17','2017-05-18',18,0,NULL,NULL,NULL,NULL,NULL,NULL,NULL,NULL,'18',NULL,'','','',NULL,NULL,NULL,600000,NULL,'1.1.',27),(74,27,NULL,NULL,400000,0,0,1,'2017-10-22','2017-11-22',17,0,NULL,NULL,NULL,NULL,NULL,NULL,NULL,NULL,'10',NULL,'','','',NULL,NULL,NULL,1400000,NULL,'1.4.',24),(75,118,NULL,NULL,400000,0,0,6,'2017-04-09','2017-05-10',57,0,NULL,NULL,NULL,NULL,NULL,NULL,NULL,NULL,'6',NULL,'','','',NULL,NULL,NULL,1700000,NULL,'1.3.',12),(76,73,NULL,NULL,400000,0,0,5,'2017-04-15','2017-05-16',86,0,NULL,NULL,NULL,NULL,NULL,NULL,NULL,NULL,'4',NULL,'','','',NULL,NULL,NULL,1700000,NULL,'1.1.',10),(77,48,NULL,NULL,900000,0,0,4,'2017-06-10','2017-07-11',56,0,NULL,NULL,NULL,NULL,NULL,NULL,NULL,NULL,'10',NULL,'','','',NULL,NULL,NULL,1500000,NULL,'1.3.',7),(78,95,NULL,NULL,900000,0,0,2,'2017-07-12','2017-08-12',63,0,NULL,NULL,NULL,NULL,NULL,NULL,NULL,NULL,'8',NULL,'','','',NULL,NULL,NULL,800000,NULL,'1.1.',14),(79,31,NULL,NULL,600000,0,0,3,'2017-08-02','2017-09-02',57,0,NULL,NULL,NULL,NULL,NULL,NULL,NULL,NULL,'14',NULL,'','','',NULL,NULL,NULL,1600000,NULL,'1.2.',21),(80,31,NULL,NULL,800000,0,0,1,'2017-05-07','2017-06-07',34,0,NULL,NULL,NULL,NULL,NULL,NULL,NULL,NULL,'16',NULL,'','','',NULL,NULL,NULL,1000000,NULL,'1.2.',18),(81,98,NULL,NULL,700000,0,0,1,'2017-06-27','2017-07-28',32,0,NULL,NULL,NULL,NULL,NULL,NULL,NULL,NULL,'18',NULL,'','','',NULL,NULL,NULL,1000000,NULL,'1.3.',12),(82,24,NULL,NULL,400000,0,0,5,'2017-09-27','2017-10-28',2,0,NULL,NULL,NULL,NULL,NULL,NULL,NULL,NULL,'10',NULL,'','','',NULL,NULL,NULL,1900000,NULL,'1.1.',9),(83,22,NULL,NULL,900000,0,0,6,'2017-07-20','2017-08-20',72,0,NULL,NULL,NULL,NULL,NULL,NULL,NULL,NULL,'12',NULL,'','','',NULL,NULL,NULL,1000000,NULL,'1.4.',11),(84,100,NULL,NULL,500000,0,0,5,'2017-10-15','2017-11-15',50,0,NULL,NULL,NULL,NULL,NULL,NULL,NULL,NULL,'10',NULL,'','','',NULL,NULL,NULL,1800000,NULL,'1.2.',18),(85,21,NULL,NULL,500000,0,0,3,'2017-09-11','2017-10-12',92,0,NULL,NULL,NULL,NULL,NULL,NULL,NULL,NULL,'15',NULL,'','','',NULL,NULL,NULL,700000,NULL,'1.4.',10),(86,12,NULL,NULL,900000,0,0,4,'2017-08-21','2017-09-21',37,0,NULL,NULL,NULL,NULL,NULL,NULL,NULL,NULL,'16',NULL,'','','',NULL,NULL,NULL,600000,NULL,'1.4.',12),(87,12,NULL,NULL,800000,0,0,1,'2017-10-16','2017-11-16',91,0,NULL,NULL,NULL,NULL,NULL,NULL,NULL,NULL,'5',NULL,'','','',NULL,NULL,NULL,1200000,NULL,'1.2.',11),(88,96,NULL,NULL,700000,0,0,4,'2017-10-06','2017-11-06',30,0,NULL,NULL,NULL,NULL,NULL,NULL,NULL,NULL,'17',NULL,'','','',NULL,NULL,NULL,1400000,NULL,'1.1.',5),(89,41,NULL,NULL,700000,0,0,4,'2017-10-13','2017-11-13',62,0,NULL,NULL,NULL,NULL,NULL,NULL,NULL,NULL,'18',NULL,'','','',NULL,NULL,NULL,700000,NULL,'1.3.',11),(90,100,NULL,NULL,800000,0,0,7,'2017-05-15','2017-06-15',13,0,NULL,NULL,NULL,NULL,NULL,NULL,NULL,NULL,'10',NULL,'','','',NULL,NULL,NULL,1200000,NULL,'1.1.',29),(91,6,NULL,NULL,600000,0,0,4,'2017-04-25','2017-05-26',87,0,NULL,NULL,NULL,NULL,NULL,NULL,NULL,NULL,'14',NULL,'','','',NULL,NULL,NULL,1900000,NULL,'1.2.',20),(92,74,NULL,NULL,500000,0,0,1,'2017-04-25','2017-05-26',24,0,NULL,NULL,NULL,NULL,NULL,NULL,NULL,NULL,'6',NULL,'','','',NULL,NULL,NULL,1700000,NULL,'1.2.',24),(93,17,NULL,NULL,400000,0,0,6,'2017-04-27','2017-05-28',81,0,NULL,NULL,NULL,NULL,NULL,NULL,NULL,NULL,'8',NULL,'','','',NULL,NULL,NULL,600000,NULL,'1.1.',23),(94,78,NULL,NULL,500000,0,0,3,'2017-06-22','2017-07-23',18,0,NULL,NULL,NULL,NULL,NULL,NULL,NULL,NULL,'11',NULL,'','','',NULL,NULL,NULL,1900000,NULL,'1.3.',19),(95,89,NULL,NULL,700000,0,0,1,'2017-10-02','2017-11-02',52,0,NULL,NULL,NULL,NULL,NULL,NULL,NULL,NULL,'17',NULL,'','','',NULL,NULL,NULL,1900000,NULL,'1.3.',9),(96,89,NULL,NULL,600000,0,0,1,'2017-08-02','2017-09-02',22,0,NULL,NULL,NULL,NULL,NULL,NULL,NULL,NULL,'9',NULL,'','','',NULL,NULL,NULL,1000000,NULL,'1.4.',1),(97,40,NULL,NULL,900000,0,0,2,'2017-06-16','2017-07-17',34,0,NULL,NULL,NULL,NULL,NULL,NULL,NULL,NULL,'4',NULL,'','','',NULL,NULL,NULL,1400000,NULL,'1.1.',1),(98,80,NULL,NULL,800000,0,0,6,'2017-08-26','2017-09-26',73,0,NULL,NULL,NULL,NULL,NULL,NULL,NULL,NULL,'12',NULL,'','','',NULL,NULL,NULL,1700000,NULL,'1.1.',5),(99,80,NULL,NULL,600000,0,0,7,'2017-06-07','2017-07-08',18,0,NULL,NULL,NULL,NULL,NULL,NULL,NULL,NULL,'4',NULL,'','','',NULL,NULL,NULL,900000,NULL,'1.2.',28),(100,72,NULL,NULL,500000,0,0,1,'2017-10-03','2017-11-03',53,0,NULL,NULL,NULL,NULL,NULL,NULL,NULL,NULL,'16',NULL,'','','',NULL,NULL,NULL,1000000,NULL,'1.1.',9),(101,117,NULL,NULL,800000,0,0,6,'2017-08-26','2017-09-26',9,0,NULL,NULL,NULL,NULL,NULL,NULL,NULL,NULL,'10',NULL,'','','',NULL,NULL,NULL,900000,NULL,'1.3.',4),(102,41,NULL,NULL,600000,0,0,4,'2017-08-10','2017-09-10',25,0,NULL,NULL,NULL,NULL,NULL,NULL,NULL,NULL,'8',NULL,'','','',NULL,NULL,NULL,1100000,NULL,'1.1.',25),(103,7,NULL,NULL,700000,0,0,1,'2017-10-11','2017-11-11',15,0,NULL,NULL,NULL,NULL,NULL,NULL,NULL,NULL,'18',NULL,'','','',NULL,NULL,NULL,1900000,NULL,'1.4.',21),(104,15,NULL,NULL,400000,0,0,6,'2017-05-02','2017-06-02',88,0,NULL,NULL,NULL,NULL,NULL,NULL,NULL,NULL,'9',NULL,'','','',NULL,NULL,NULL,1200000,NULL,'1.2.',24),(105,125,NULL,NULL,800000,0,0,2,'2017-08-22','2017-09-22',76,0,NULL,NULL,NULL,NULL,NULL,NULL,NULL,NULL,'8',NULL,'','','',NULL,NULL,NULL,1500000,NULL,'1.3.',10),(106,60,NULL,NULL,500000,0,0,2,'2017-10-21','2017-11-21',27,0,NULL,NULL,NULL,NULL,NULL,NULL,NULL,NULL,'16',NULL,'','','',NULL,NULL,NULL,600000,NULL,'1.3.',16),(107,74,NULL,NULL,400000,0,0,6,'2017-08-07','2017-09-07',88,0,NULL,NULL,NULL,NULL,NULL,NULL,NULL,NULL,'10',NULL,'','','',NULL,NULL,NULL,1400000,NULL,'1.2.',7),(108,20,NULL,NULL,500000,0,0,5,'2017-04-26','2017-05-27',84,0,NULL,NULL,NULL,NULL,NULL,NULL,NULL,NULL,'15',NULL,'','','',NULL,NULL,NULL,700000,NULL,'1.1.',8),(109,118,NULL,NULL,700000,0,0,4,'2017-05-05','2017-06-05',48,0,NULL,NULL,NULL,NULL,NULL,NULL,NULL,NULL,'13',NULL,'','','',NULL,NULL,NULL,600000,NULL,'1.3.',25),(110,81,NULL,NULL,400000,0,0,6,'2017-05-25','2017-06-25',5,0,NULL,NULL,NULL,NULL,NULL,NULL,NULL,NULL,'6',NULL,'','','',NULL,NULL,NULL,1400000,NULL,'1.1.',26),(111,43,NULL,NULL,700000,0,0,5,'2017-07-28','2017-08-28',49,0,NULL,NULL,NULL,NULL,NULL,NULL,NULL,NULL,'7',NULL,'','','',NULL,NULL,NULL,1500000,NULL,'1.1.',11),(112,60,NULL,NULL,700000,0,0,5,'2017-06-19','2017-07-20',35,0,NULL,NULL,NULL,NULL,NULL,NULL,NULL,NULL,'5',NULL,'','','',NULL,NULL,NULL,1600000,NULL,'1.2.',19),(113,47,NULL,NULL,500000,0,0,2,'2017-06-19','2017-07-20',59,0,NULL,NULL,NULL,NULL,NULL,NULL,NULL,NULL,'8',NULL,'','','',NULL,NULL,NULL,1100000,NULL,'1.1.',13),(114,59,NULL,NULL,700000,0,0,3,'2017-06-28','2017-07-29',21,0,NULL,NULL,NULL,NULL,NULL,NULL,NULL,NULL,'9',NULL,'','','',NULL,NULL,NULL,800000,NULL,'1.3.',30),(115,104,NULL,NULL,800000,0,0,3,'2017-09-22','2017-10-23',34,0,NULL,NULL,NULL,NULL,NULL,NULL,NULL,NULL,'7',NULL,'','','',NULL,NULL,NULL,1300000,NULL,'1.4.',14),(116,85,NULL,NULL,800000,0,0,6,'2017-07-16','2017-08-16',25,0,NULL,NULL,NULL,NULL,NULL,NULL,NULL,NULL,'8',NULL,'','','',NULL,NULL,NULL,1400000,NULL,'1.4.',25),(117,117,NULL,NULL,800000,0,0,5,'2017-10-10','2017-11-10',83,0,NULL,NULL,NULL,NULL,NULL,NULL,NULL,NULL,'15',NULL,'','','',NULL,NULL,NULL,900000,NULL,'1.3.',2),(118,1,NULL,NULL,400000,0,0,3,'2017-08-15','2017-09-15',61,0,NULL,NULL,NULL,NULL,NULL,NULL,NULL,NULL,'15',NULL,'','','',NULL,NULL,NULL,1000000,NULL,'1.2.',4),(119,63,NULL,NULL,800000,0,0,1,'2017-07-23','2017-08-23',75,0,NULL,NULL,NULL,NULL,NULL,NULL,NULL,NULL,'15',NULL,'','','',NULL,NULL,NULL,1200000,NULL,'1.1.',19),(120,1,NULL,NULL,800000,0,0,1,'2017-08-21','2017-09-21',1,0,NULL,NULL,NULL,NULL,NULL,NULL,NULL,NULL,'6',NULL,'','','',NULL,NULL,NULL,700000,NULL,'1.2.',26),(121,72,NULL,NULL,700000,0,0,6,'2017-09-17','2017-10-18',54,0,NULL,NULL,NULL,NULL,NULL,NULL,NULL,NULL,'10',NULL,'','','',NULL,NULL,NULL,700000,NULL,'1.1.',13),(122,91,NULL,NULL,700000,0,0,5,'2017-09-22','2017-10-23',5,0,NULL,NULL,NULL,NULL,NULL,NULL,NULL,NULL,'16',NULL,'','','',NULL,NULL,NULL,1500000,NULL,'1.1.',12),(123,115,NULL,NULL,500000,0,0,4,'2017-09-15','2017-10-16',74,0,NULL,NULL,NULL,NULL,NULL,NULL,NULL,NULL,'17',NULL,'','','',NULL,NULL,NULL,1500000,NULL,'1.2.',1),(124,44,NULL,NULL,700000,0,0,7,'2017-06-27','2017-07-28',34,0,NULL,NULL,NULL,NULL,NULL,NULL,NULL,NULL,'17',NULL,'','','',NULL,NULL,NULL,1200000,NULL,'1.1.',24),(125,118,NULL,NULL,600000,0,0,3,'2017-09-05','2017-10-06',8,0,NULL,NULL,NULL,NULL,NULL,NULL,NULL,NULL,'13',NULL,'','','',NULL,NULL,NULL,1800000,NULL,'1.4.',12),(126,6,NULL,NULL,500000,0,0,4,'2017-06-13','2017-07-14',41,0,NULL,NULL,NULL,NULL,NULL,NULL,NULL,NULL,'10',NULL,'','','',NULL,NULL,NULL,900000,NULL,'1.1.',23),(127,17,NULL,NULL,600000,0,0,6,'2017-04-01','2017-05-02',73,0,NULL,NULL,NULL,NULL,NULL,NULL,NULL,NULL,'10',NULL,'','','',NULL,NULL,NULL,1100000,NULL,'1.1.',10),(128,12,NULL,NULL,700000,0,0,6,'2017-09-07','2017-10-08',55,0,NULL,NULL,NULL,NULL,NULL,NULL,NULL,NULL,'18',NULL,'','','',NULL,NULL,NULL,1500000,NULL,'1.1.',16),(129,91,NULL,NULL,700000,0,0,5,'2017-07-28','2017-08-28',24,0,NULL,NULL,NULL,NULL,NULL,NULL,NULL,NULL,'11',NULL,'','','',NULL,NULL,NULL,1800000,NULL,'1.1.',14),(130,62,NULL,NULL,900000,0,0,5,'2017-06-22','2017-07-23',98,0,NULL,NULL,NULL,NULL,NULL,NULL,NULL,NULL,'14',NULL,'','','',NULL,NULL,NULL,1800000,NULL,'1.2.',22),(131,108,NULL,NULL,900000,0,0,4,'2017-07-22','2017-08-22',52,0,NULL,NULL,NULL,NULL,NULL,NULL,NULL,NULL,'8',NULL,'','','',NULL,NULL,NULL,900000,NULL,'1.5.',5),(132,63,NULL,NULL,400000,0,0,1,'2017-06-21','2017-07-22',54,0,NULL,NULL,NULL,NULL,NULL,NULL,NULL,NULL,'7',NULL,'','','',NULL,NULL,NULL,1000000,NULL,'1.5.',11),(133,84,NULL,NULL,400000,0,0,4,'2017-08-14','2017-09-14',82,0,NULL,NULL,NULL,NULL,NULL,NULL,NULL,NULL,'8',NULL,'','','',NULL,NULL,NULL,1300000,NULL,'1.5.',17),(134,66,NULL,NULL,400000,0,0,6,'2017-06-12','2017-07-13',3,0,NULL,NULL,NULL,NULL,NULL,NULL,NULL,NULL,'6',NULL,'','','',NULL,NULL,NULL,600000,NULL,'1.4.',20),(135,18,NULL,NULL,600000,0,0,7,'2017-10-22','2017-11-22',74,0,NULL,NULL,NULL,NULL,NULL,NULL,NULL,NULL,'7',NULL,'','','',NULL,NULL,NULL,1400000,NULL,'1.3.',27),(136,28,NULL,NULL,800000,0,0,4,'2017-08-11','2017-09-11',63,0,NULL,NULL,NULL,NULL,NULL,NULL,NULL,NULL,'7',NULL,'','','',NULL,NULL,NULL,1100000,NULL,'1.5.',13),(137,12,NULL,NULL,600000,0,0,2,'2017-07-10','2017-08-10',99,0,NULL,NULL,NULL,NULL,NULL,NULL,NULL,NULL,'12',NULL,'','','',NULL,NULL,NULL,1200000,NULL,'1.3.',4),(138,20,NULL,NULL,800000,0,0,6,'2017-09-17','2017-10-18',30,0,NULL,NULL,NULL,NULL,NULL,NULL,NULL,NULL,'17',NULL,'','','',NULL,NULL,NULL,800000,NULL,'1.1.',5),(139,80,NULL,NULL,600000,0,0,1,'2017-10-12','2017-11-12',42,0,NULL,NULL,NULL,NULL,NULL,NULL,NULL,NULL,'10',NULL,'','','',NULL,NULL,NULL,600000,NULL,'1.5.',22),(140,14,NULL,NULL,500000,0,0,5,'2017-08-22','2017-09-22',10,0,NULL,NULL,NULL,NULL,NULL,NULL,NULL,NULL,'16',NULL,'','','',NULL,NULL,NULL,700000,NULL,'1.5.',13),(141,107,NULL,NULL,900000,0,0,7,'2017-10-13','2017-11-13',35,0,NULL,NULL,NULL,NULL,NULL,NULL,NULL,NULL,'6',NULL,'','','',NULL,NULL,NULL,1100000,NULL,'1.4.',2),(142,68,NULL,NULL,600000,0,0,7,'2017-08-23','2017-09-23',26,0,NULL,NULL,NULL,NULL,NULL,NULL,NULL,NULL,'17',NULL,'','','',NULL,NULL,NULL,900000,NULL,'1.3.',10),(143,8,NULL,NULL,900000,0,0,4,'2017-04-21','2017-05-22',97,0,NULL,NULL,NULL,NULL,NULL,NULL,NULL,NULL,'7',NULL,'','','',NULL,NULL,NULL,1200000,NULL,'1.5.',13),(144,29,NULL,NULL,900000,0,0,6,'2017-07-28','2017-08-28',42,0,NULL,NULL,NULL,NULL,NULL,NULL,NULL,NULL,'16',NULL,'','','',NULL,NULL,NULL,700000,NULL,'1.3.',25),(145,23,NULL,NULL,900000,0,0,3,'2017-05-17','2017-06-17',16,0,NULL,NULL,NULL,NULL,NULL,NULL,NULL,NULL,'17',NULL,'','','',NULL,NULL,NULL,1200000,NULL,'1.4.',27),(146,56,NULL,NULL,600000,0,0,7,'2017-04-24','2017-05-25',5,0,NULL,NULL,NULL,NULL,NULL,NULL,NULL,NULL,'9',NULL,'','','',NULL,NULL,NULL,1700000,NULL,'1.2.',15),(147,110,NULL,NULL,900000,0,0,6,'2017-09-26','2017-10-27',14,0,NULL,NULL,NULL,NULL,NULL,NULL,NULL,NULL,'10',NULL,'','','',NULL,NULL,NULL,1500000,NULL,'1.3.',5),(148,42,NULL,NULL,900000,0,0,1,'2017-07-15','2017-08-15',67,0,NULL,NULL,NULL,NULL,NULL,NULL,NULL,NULL,'13',NULL,'','','',NULL,NULL,NULL,1300000,NULL,'1.4.',4),(149,20,NULL,NULL,500000,0,0,6,'2017-06-25','2017-07-26',26,0,NULL,NULL,NULL,NULL,NULL,NULL,NULL,NULL,'14',NULL,'','','',NULL,NULL,NULL,1200000,NULL,'1.2.',3),(150,35,NULL,NULL,800000,0,0,7,'2017-06-11','2017-07-12',56,0,NULL,NULL,NULL,NULL,NULL,NULL,NULL,NULL,'5',NULL,'','','',NULL,NULL,NULL,600000,NULL,'1.3.',29),(151,92,NULL,NULL,700000,0,0,4,'2017-09-12','2017-10-13',55,0,NULL,NULL,NULL,NULL,NULL,NULL,NULL,NULL,'11',NULL,'','','',NULL,NULL,NULL,1200000,NULL,'1.3.',1),(152,100,NULL,NULL,800000,0,0,2,'2017-08-08','2017-09-08',9,0,NULL,NULL,NULL,NULL,NULL,NULL,NULL,NULL,'6',NULL,'','','',NULL,NULL,NULL,900000,NULL,'1.2.',27),(153,75,NULL,NULL,400000,0,0,5,'2017-05-13','2017-06-13',35,0,NULL,NULL,NULL,NULL,NULL,NULL,NULL,NULL,'6',NULL,'','','',NULL,NULL,NULL,600000,NULL,'1.5.',20),(154,46,NULL,NULL,700000,0,0,1,'2017-09-22','2017-10-23',89,0,NULL,NULL,NULL,NULL,NULL,NULL,NULL,NULL,'17',NULL,'','','',NULL,NULL,NULL,1300000,NULL,'1.2.',4),(155,82,NULL,NULL,900000,0,0,2,'2017-07-12','2017-08-12',34,0,NULL,NULL,NULL,NULL,NULL,NULL,NULL,NULL,'7',NULL,'','','',NULL,NULL,NULL,1700000,NULL,'1.3.',8),(156,56,NULL,NULL,900000,0,0,3,'2017-09-14','2017-10-15',34,0,NULL,NULL,NULL,NULL,NULL,NULL,NULL,NULL,'9',NULL,'','','',NULL,NULL,NULL,1200000,NULL,'1.4.',21),(157,17,NULL,NULL,500000,0,0,5,'2017-08-09','2017-09-09',27,0,NULL,NULL,NULL,NULL,NULL,NULL,NULL,NULL,'5',NULL,'','','',NULL,NULL,NULL,1500000,NULL,'1.3.',12),(158,50,NULL,NULL,400000,0,0,6,'2017-04-27','2017-05-28',54,0,NULL,NULL,NULL,NULL,NULL,NULL,NULL,NULL,'7',NULL,'','','',NULL,NULL,NULL,900000,NULL,'1.3.',5),(159,40,NULL,NULL,800000,0,0,4,'2017-04-25','2017-05-26',85,0,NULL,NULL,NULL,NULL,NULL,NULL,NULL,NULL,'6',NULL,'','','',NULL,NULL,NULL,1900000,NULL,'1.1.',16),(160,35,NULL,NULL,800000,0,0,5,'2017-09-09','2017-10-10',52,0,NULL,NULL,NULL,NULL,NULL,NULL,NULL,NULL,'16',NULL,'','','',NULL,NULL,NULL,600000,NULL,'1.5.',15),(161,25,NULL,NULL,400000,0,0,1,'2017-05-13','2017-06-13',41,0,NULL,NULL,NULL,NULL,NULL,NULL,NULL,NULL,'18',NULL,'','','',NULL,NULL,NULL,1400000,NULL,'1.3.',26),(162,104,NULL,NULL,800000,0,0,4,'2017-10-06','2017-11-06',59,0,NULL,NULL,NULL,NULL,NULL,NULL,NULL,NULL,'15',NULL,'','','',NULL,NULL,NULL,1100000,NULL,'1.1.',10),(163,40,NULL,NULL,400000,0,0,5,'2017-06-06','2017-07-07',8,0,NULL,NULL,NULL,NULL,NULL,NULL,NULL,NULL,'4',NULL,'','','',NULL,NULL,NULL,800000,NULL,'1.3.',8),(164,2,NULL,NULL,600000,0,0,2,'2017-05-06','2017-06-06',1,0,NULL,NULL,NULL,NULL,NULL,NULL,NULL,NULL,'5',NULL,'','','',NULL,NULL,NULL,700000,NULL,'1.4.',7),(165,32,NULL,NULL,700000,0,0,5,'2017-05-10','2017-06-10',52,0,NULL,NULL,NULL,NULL,NULL,NULL,NULL,NULL,'5',NULL,'','','',NULL,NULL,NULL,1300000,NULL,'1.2.',22),(166,125,NULL,NULL,900000,0,0,2,'2017-04-28','2017-05-29',24,0,NULL,NULL,NULL,NULL,NULL,NULL,NULL,NULL,'6',NULL,'','','',NULL,NULL,NULL,1400000,NULL,'1.1.',18),(167,91,NULL,NULL,800000,0,0,1,'2017-10-03','2017-11-03',96,0,NULL,NULL,NULL,NULL,NULL,NULL,NULL,NULL,'18',NULL,'','','',NULL,NULL,NULL,900000,NULL,'1.4.',11),(168,113,NULL,NULL,500000,0,0,2,'2017-05-23','2017-06-23',85,0,NULL,NULL,NULL,NULL,NULL,NULL,NULL,NULL,'13',NULL,'','','',NULL,NULL,NULL,800000,NULL,'1.5.',13),(169,41,NULL,NULL,400000,0,0,3,'2017-10-05','2017-11-05',65,0,NULL,NULL,NULL,NULL,NULL,NULL,NULL,NULL,'10',NULL,'','','',NULL,NULL,NULL,1600000,NULL,'1.5.',3),(170,10,NULL,NULL,900000,0,0,4,'2017-09-01','2017-10-02',39,0,NULL,NULL,NULL,NULL,NULL,NULL,NULL,NULL,'8',NULL,'','','',NULL,NULL,NULL,600000,NULL,'1.5.',15),(171,100,NULL,NULL,900000,0,0,3,'2017-07-14','2017-08-14',17,0,NULL,NULL,NULL,NULL,NULL,NULL,NULL,NULL,'5',NULL,'','','',NULL,NULL,NULL,1200000,NULL,'1.4.',28),(172,89,NULL,NULL,400000,0,0,4,'2017-09-13','2017-10-14',64,0,NULL,NULL,NULL,NULL,NULL,NULL,NULL,NULL,'16',NULL,'','','',NULL,NULL,NULL,1100000,NULL,'1.3.',17),(173,122,NULL,NULL,700000,0,0,6,'2017-10-01','2017-11-01',77,0,NULL,NULL,NULL,NULL,NULL,NULL,NULL,NULL,'12',NULL,'','','',NULL,NULL,NULL,1500000,NULL,'1.1.',18),(174,57,NULL,NULL,500000,0,0,6,'2017-06-15','2017-07-16',16,0,NULL,NULL,NULL,NULL,NULL,NULL,NULL,NULL,'15',NULL,'','','',NULL,NULL,NULL,1500000,NULL,'1.1.',8),(175,48,NULL,NULL,600000,0,0,5,'2017-04-04','2017-05-05',24,0,NULL,NULL,NULL,NULL,NULL,NULL,NULL,NULL,'12',NULL,'','','',NULL,NULL,NULL,1600000,NULL,'1.4.',2),(176,44,NULL,NULL,600000,0,0,6,'2017-04-09','2017-05-10',57,0,NULL,NULL,NULL,NULL,NULL,NULL,NULL,NULL,'15',NULL,'','','',NULL,NULL,NULL,1600000,NULL,'1.2.',15),(177,69,NULL,NULL,800000,0,0,3,'2017-07-23','2017-08-23',93,0,NULL,NULL,NULL,NULL,NULL,NULL,NULL,NULL,'8',NULL,'','','',NULL,NULL,NULL,1100000,NULL,'1.2.',13),(178,46,NULL,NULL,600000,0,0,3,'2017-08-18','2017-09-18',34,0,NULL,NULL,NULL,NULL,NULL,NULL,NULL,NULL,'5',NULL,'','','',NULL,NULL,NULL,700000,NULL,'1.3.',19),(179,15,NULL,NULL,800000,0,0,1,'2017-05-28','2017-06-28',47,0,NULL,NULL,NULL,NULL,NULL,NULL,NULL,NULL,'12',NULL,'','','',NULL,NULL,NULL,600000,NULL,'1.5.',30),(180,32,NULL,NULL,600000,0,0,7,'2017-06-07','2017-07-08',60,0,NULL,NULL,NULL,NULL,NULL,NULL,NULL,NULL,'8',NULL,'','','',NULL,NULL,NULL,1900000,NULL,'1.5.',7),(181,12,NULL,NULL,800000,0,0,2,'2017-05-13','2017-06-13',54,0,NULL,NULL,NULL,NULL,NULL,NULL,NULL,NULL,'14',NULL,'','','',NULL,NULL,NULL,1200000,NULL,'1.2.',2),(182,63,NULL,NULL,500000,0,0,2,'2017-08-01','2017-09-01',97,0,NULL,NULL,NULL,NULL,NULL,NULL,NULL,NULL,'7',NULL,'','','',NULL,NULL,NULL,1000000,NULL,'1.3.',7),(183,121,NULL,NULL,800000,0,0,4,'2017-07-01','2017-08-01',70,0,NULL,NULL,NULL,NULL,NULL,NULL,NULL,NULL,'11',NULL,'','','',NULL,NULL,NULL,800000,NULL,'1.2.',4),(184,63,NULL,NULL,600000,0,0,1,'2017-09-13','2017-10-14',25,0,NULL,NULL,NULL,NULL,NULL,NULL,NULL,NULL,'14',NULL,'','','',NULL,NULL,NULL,1500000,NULL,'1.1.',3),(185,106,NULL,NULL,900000,0,0,5,'2017-06-14','2017-07-15',82,0,NULL,NULL,NULL,NULL,NULL,NULL,NULL,NULL,'15',NULL,'','','',NULL,NULL,NULL,1800000,NULL,'1.4.',2),(186,45,NULL,NULL,600000,0,0,6,'2017-07-21','2017-08-21',86,0,NULL,NULL,NULL,NULL,NULL,NULL,NULL,NULL,'6',NULL,'','','',NULL,NULL,NULL,1700000,NULL,'1.4.',23),(187,26,NULL,NULL,800000,0,0,6,'2017-09-19','2017-10-20',33,0,NULL,NULL,NULL,NULL,NULL,NULL,NULL,NULL,'7',NULL,'','','',NULL,NULL,NULL,900000,NULL,'1.3.',8),(188,89,NULL,NULL,700000,0,0,4,'2017-05-16','2017-06-16',13,0,NULL,NULL,NULL,NULL,NULL,NULL,NULL,NULL,'12',NULL,'','','',NULL,NULL,NULL,1800000,NULL,'1.4.',30),(189,27,NULL,NULL,600000,0,0,5,'2017-10-28','2017-11-28',72,0,NULL,NULL,NULL,NULL,NULL,NULL,NULL,NULL,'5',NULL,'','','',NULL,NULL,NULL,1400000,NULL,'1.2.',14),(190,2,NULL,NULL,400000,0,0,6,'2017-09-17','2017-10-18',32,0,NULL,NULL,NULL,NULL,NULL,NULL,NULL,NULL,'4',NULL,'','','',NULL,NULL,NULL,1500000,NULL,'1.1.',30),(191,62,NULL,NULL,800000,0,0,3,'2017-09-06','2017-10-07',27,0,NULL,NULL,NULL,NULL,NULL,NULL,NULL,NULL,'6',NULL,'','','',NULL,NULL,NULL,1800000,NULL,'1.2.',6),(192,75,NULL,NULL,600000,0,0,4,'2017-09-04','2017-10-05',93,0,NULL,NULL,NULL,NULL,NULL,NULL,NULL,NULL,'11',NULL,'','','',NULL,NULL,NULL,700000,NULL,'1.4.',8),(193,23,NULL,NULL,700000,0,0,5,'2017-04-23','2017-05-24',88,0,NULL,NULL,NULL,NULL,NULL,NULL,NULL,NULL,'10',NULL,'','','',NULL,NULL,NULL,600000,NULL,'1.2.',19),(194,76,NULL,NULL,700000,0,0,1,'2017-04-16','2017-05-17',33,0,NULL,NULL,NULL,NULL,NULL,NULL,NULL,NULL,'10',NULL,'','','',NULL,NULL,NULL,1100000,NULL,'1.2.',9),(195,61,NULL,NULL,800000,0,0,6,'2017-07-01','2017-08-01',14,0,NULL,NULL,NULL,NULL,NULL,NULL,NULL,NULL,'13',NULL,'','','',NULL,NULL,NULL,1500000,NULL,'1.3.',7),(196,74,NULL,NULL,900000,0,0,5,'2017-08-18','2017-09-18',77,0,NULL,NULL,NULL,NULL,NULL,NULL,NULL,NULL,'9',NULL,'','','',NULL,NULL,NULL,1800000,NULL,'1.4.',23),(197,53,NULL,NULL,500000,0,0,4,'2017-09-27','2017-10-28',28,0,NULL,NULL,NULL,NULL,NULL,NULL,NULL,NULL,'12',NULL,'','','',NULL,NULL,NULL,1700000,NULL,'1.4.',21),(198,42,NULL,NULL,800000,0,0,2,'2017-10-05','2017-11-05',56,0,NULL,NULL,NULL,NULL,NULL,NULL,NULL,NULL,'9',NULL,'','','',NULL,NULL,NULL,700000,NULL,'1.2.',7),(199,111,NULL,NULL,900000,0,0,7,'2017-09-02','2017-10-03',94,0,NULL,NULL,NULL,NULL,NULL,NULL,NULL,NULL,'8',NULL,'','','',NULL,NULL,NULL,800000,NULL,'1.3.',1),(200,3,NULL,NULL,900000,0,0,3,'2017-08-14','2017-09-14',92,0,NULL,NULL,NULL,NULL,NULL,NULL,NULL,NULL,'14',NULL,'','','',NULL,NULL,NULL,1700000,NULL,'1.2.',21),(201,44,NULL,NULL,500000,0,0,5,'2017-06-25','2017-07-26',30,0,NULL,NULL,NULL,NULL,NULL,NULL,NULL,NULL,'5',NULL,'','','',NULL,NULL,NULL,1000000,NULL,'1.4.',19),(202,5,NULL,NULL,700000,0,0,4,'2017-07-05','2017-08-05',87,0,NULL,NULL,NULL,NULL,NULL,NULL,NULL,NULL,'15',NULL,'','','',NULL,NULL,NULL,1700000,NULL,'1.1.',27),(203,28,NULL,NULL,700000,0,0,4,'2017-10-11','2017-11-11',77,0,NULL,NULL,NULL,NULL,NULL,NULL,NULL,NULL,'10',NULL,'','','',NULL,NULL,NULL,1200000,NULL,'1.3.',17),(204,9,NULL,NULL,500000,0,0,6,'2017-04-06','2017-05-07',46,0,NULL,NULL,NULL,NULL,NULL,NULL,NULL,NULL,'13',NULL,'','','',NULL,NULL,NULL,1800000,NULL,'1.5.',25),(205,83,NULL,NULL,800000,0,0,7,'2017-06-25','2017-07-26',44,0,NULL,NULL,NULL,NULL,NULL,NULL,NULL,NULL,'16',NULL,'','','',NULL,NULL,NULL,1100000,NULL,'1.5.',14),(206,25,NULL,NULL,600000,0,0,2,'2017-09-04','2017-10-05',51,0,NULL,NULL,NULL,NULL,NULL,NULL,NULL,NULL,'5',NULL,'','','',NULL,NULL,NULL,1200000,NULL,'1.5.',28),(207,66,NULL,NULL,500000,0,0,2,'2017-07-11','2017-08-11',11,0,NULL,NULL,NULL,NULL,NULL,NULL,NULL,NULL,'16',NULL,'','','',NULL,NULL,NULL,1300000,NULL,'1.5.',1),(208,71,NULL,NULL,700000,0,0,3,'2017-06-14','2017-07-15',60,0,NULL,NULL,NULL,NULL,NULL,NULL,NULL,NULL,'8',NULL,'','','',NULL,NULL,NULL,1200000,NULL,'1.1.',25),(209,50,NULL,NULL,700000,0,0,5,'2017-09-13','2017-10-14',28,0,NULL,NULL,NULL,NULL,NULL,NULL,NULL,NULL,'5',NULL,'','','',NULL,NULL,NULL,1500000,NULL,'1.3.',12),(210,4,NULL,NULL,800000,0,0,1,'2017-04-22','2017-05-23',90,0,NULL,NULL,NULL,NULL,NULL,NULL,NULL,NULL,'16',NULL,'','','',NULL,NULL,NULL,1800000,NULL,'1.5.',4),(211,71,NULL,NULL,600000,0,0,1,'2017-10-28','2017-11-28',98,0,NULL,NULL,NULL,NULL,NULL,NULL,NULL,NULL,'9',NULL,'','','',NULL,NULL,NULL,1500000,NULL,'1.1.',26),(212,21,NULL,NULL,900000,0,0,5,'2017-04-18','2017-05-19',48,0,NULL,NULL,NULL,NULL,NULL,NULL,NULL,NULL,'12',NULL,'','','',NULL,NULL,NULL,1700000,NULL,'1.5.',18),(213,115,NULL,NULL,700000,0,0,4,'2017-09-06','2017-10-07',19,0,NULL,NULL,NULL,NULL,NULL,NULL,NULL,NULL,'4',NULL,'','','',NULL,NULL,NULL,1200000,NULL,'1.1.',10),(214,102,NULL,NULL,600000,0,0,4,'2017-07-25','2017-08-25',51,0,NULL,NULL,NULL,NULL,NULL,NULL,NULL,NULL,'11',NULL,'','','',NULL,NULL,NULL,1600000,NULL,'1.2.',25),(215,111,NULL,NULL,800000,0,0,7,'2017-05-16','2017-06-16',14,0,NULL,NULL,NULL,NULL,NULL,NULL,NULL,NULL,'6',NULL,'','','',NULL,NULL,NULL,900000,NULL,'1.4.',22),(216,40,NULL,NULL,900000,0,0,4,'2017-06-02','2017-07-03',33,0,NULL,NULL,NULL,NULL,NULL,NULL,NULL,NULL,'8',NULL,'','','',NULL,NULL,NULL,1400000,NULL,'1.5.',8),(217,31,NULL,NULL,400000,0,0,7,'2017-04-25','2017-05-26',85,0,NULL,NULL,NULL,NULL,NULL,NULL,NULL,NULL,'10',NULL,'','','',NULL,NULL,NULL,1400000,NULL,'1.5.',12),(218,11,NULL,NULL,800000,0,0,4,'2017-05-04','2017-06-04',32,0,NULL,NULL,NULL,NULL,NULL,NULL,NULL,NULL,'17',NULL,'','','',NULL,NULL,NULL,1700000,NULL,'1.3.',30),(219,11,NULL,NULL,400000,0,0,1,'2017-08-27','2017-09-27',43,0,NULL,NULL,NULL,NULL,NULL,NULL,NULL,NULL,'10',NULL,'','','',NULL,NULL,NULL,600000,NULL,'1.5.',23),(220,124,NULL,NULL,400000,0,0,5,'2017-09-08','2017-10-09',22,0,NULL,NULL,NULL,NULL,NULL,NULL,NULL,NULL,'17',NULL,'','','',NULL,NULL,NULL,1400000,NULL,'1.3.',10),(221,11,NULL,NULL,700000,0,0,1,'2017-08-08','2017-09-08',58,0,NULL,NULL,NULL,NULL,NULL,NULL,NULL,NULL,'16',NULL,'','','',NULL,NULL,NULL,600000,NULL,'1.4.',16),(222,61,NULL,NULL,700000,0,0,7,'2017-04-07','2017-05-08',96,0,NULL,NULL,NULL,NULL,NULL,NULL,NULL,NULL,'8',NULL,'','','',NULL,NULL,NULL,1300000,NULL,'1.2.',2),(223,113,NULL,NULL,800000,0,0,3,'2017-09-12','2017-10-13',67,0,NULL,NULL,NULL,NULL,NULL,NULL,NULL,NULL,'10',NULL,'','','',NULL,NULL,NULL,1000000,NULL,'1.2.',9),(224,74,NULL,NULL,800000,0,0,5,'2017-07-26','2017-08-26',100,0,NULL,NULL,NULL,NULL,NULL,NULL,NULL,NULL,'7',NULL,'','','',NULL,NULL,NULL,1900000,NULL,'1.3.',8),(225,30,NULL,NULL,600000,0,0,2,'2017-06-17','2017-07-18',40,0,NULL,NULL,NULL,NULL,NULL,NULL,NULL,NULL,'18',NULL,'','','',NULL,NULL,NULL,1200000,NULL,'1.4.',14),(226,9,NULL,NULL,700000,0,0,7,'2017-07-16','2017-08-16',93,0,NULL,NULL,NULL,NULL,NULL,NULL,NULL,NULL,'4',NULL,'','','',NULL,NULL,NULL,1300000,NULL,'1.2.',29),(227,25,NULL,NULL,600000,0,0,7,'2017-06-28','2017-07-29',17,0,NULL,NULL,NULL,NULL,NULL,NULL,NULL,NULL,'8',NULL,'','','',NULL,NULL,NULL,800000,NULL,'1.4.',29),(228,98,NULL,NULL,900000,0,0,5,'2017-06-11','2017-07-12',26,0,NULL,NULL,NULL,NULL,NULL,NULL,NULL,NULL,'9',NULL,'','','',NULL,NULL,NULL,900000,NULL,'1.3.',13),(229,103,NULL,NULL,900000,0,0,3,'2017-07-23','2017-08-23',11,0,NULL,NULL,NULL,NULL,NULL,NULL,NULL,NULL,'18',NULL,'','','',NULL,NULL,NULL,900000,NULL,'1.3.',14),(230,79,NULL,NULL,800000,0,0,5,'2017-10-19','2017-11-19',7,0,NULL,NULL,NULL,NULL,NULL,NULL,NULL,NULL,'8',NULL,'','','',NULL,NULL,NULL,1900000,NULL,'1.5.',15),(231,72,NULL,NULL,900000,0,0,1,'2017-05-12','2017-06-12',86,0,NULL,NULL,NULL,NULL,NULL,NULL,NULL,NULL,'12',NULL,'','','',NULL,NULL,NULL,1600000,NULL,'1.1.',7),(232,59,NULL,NULL,400000,0,0,6,'2017-04-16','2017-05-17',24,0,NULL,NULL,NULL,NULL,NULL,NULL,NULL,NULL,'8',NULL,'','','',NULL,NULL,NULL,900000,NULL,'1.2.',25),(233,91,NULL,NULL,900000,0,0,6,'2017-09-12','2017-10-13',38,0,NULL,NULL,NULL,NULL,NULL,NULL,NULL,NULL,'11',NULL,'','','',NULL,NULL,NULL,1300000,NULL,'1.5.',16),(234,84,NULL,NULL,400000,0,0,4,'2017-10-18','2017-11-18',54,0,NULL,NULL,NULL,NULL,NULL,NULL,NULL,NULL,'6',NULL,'','','',NULL,NULL,NULL,1300000,NULL,'1.4.',11),(235,44,NULL,NULL,900000,0,0,6,'2017-06-04','2017-07-05',12,0,NULL,NULL,NULL,NULL,NULL,NULL,NULL,NULL,'15',NULL,'','','',NULL,NULL,NULL,900000,NULL,'1.1.',7),(236,99,NULL,NULL,700000,0,0,6,'2017-06-21','2017-07-22',19,0,NULL,NULL,NULL,NULL,NULL,NULL,NULL,NULL,'5',NULL,'','','',NULL,NULL,NULL,900000,NULL,'1.5.',17),(237,105,NULL,NULL,900000,0,0,7,'2017-04-05','2017-05-06',98,0,NULL,NULL,NULL,NULL,NULL,NULL,NULL,NULL,'8',NULL,'','','',NULL,NULL,NULL,700000,NULL,'1.5.',8),(238,52,NULL,NULL,700000,0,0,3,'2017-08-02','2017-09-02',23,0,NULL,NULL,NULL,NULL,NULL,NULL,NULL,NULL,'14',NULL,'Barista Oke','','',NULL,NULL,NULL,1700000,NULL,'1.1.',3),(239,31,NULL,NULL,400000,0,0,4,'2017-05-09','2017-06-09',88,0,NULL,NULL,NULL,NULL,NULL,NULL,NULL,NULL,'15',NULL,'','','',NULL,NULL,NULL,1000000,NULL,'1.4.',21),(240,90,NULL,NULL,700000,0,0,3,'2017-05-16','2017-06-16',48,0,NULL,NULL,NULL,NULL,NULL,NULL,NULL,NULL,'13',NULL,'','','',NULL,NULL,NULL,600000,NULL,'1.5.',13),(241,21,NULL,NULL,500000,0,0,4,'2017-05-25','2017-06-25',20,0,NULL,NULL,NULL,NULL,NULL,NULL,NULL,NULL,'4',NULL,'','','',NULL,NULL,NULL,1100000,NULL,'1.4.',16),(242,99,NULL,NULL,600000,0,0,7,'2017-10-01','2017-11-01',69,0,NULL,NULL,NULL,NULL,NULL,NULL,NULL,NULL,'8',NULL,'','','',NULL,NULL,NULL,1100000,NULL,'1.1.',15),(243,42,NULL,NULL,700000,0,0,5,'2017-06-24','2017-07-25',77,0,NULL,NULL,NULL,NULL,NULL,NULL,NULL,NULL,'16',NULL,'','','',NULL,NULL,NULL,700000,NULL,'1.5.',1),(244,16,NULL,NULL,400000,0,0,3,'2017-07-12','2017-08-12',66,0,NULL,NULL,NULL,NULL,NULL,NULL,NULL,NULL,'8',NULL,'','','',NULL,NULL,NULL,1000000,NULL,'1.4.',8),(245,76,NULL,NULL,800000,0,0,3,'2017-04-11','2017-05-12',14,0,NULL,NULL,NULL,NULL,NULL,NULL,NULL,NULL,'9',NULL,'','','',NULL,NULL,NULL,700000,NULL,'1.3.',23),(246,56,NULL,NULL,400000,0,0,6,'2017-10-07','2017-11-07',28,0,NULL,NULL,NULL,NULL,NULL,NULL,NULL,NULL,'6',NULL,'','','',NULL,NULL,NULL,900000,NULL,'1.5.',1),(247,26,NULL,NULL,500000,0,0,6,'2017-09-02','2017-10-03',34,0,NULL,NULL,NULL,NULL,NULL,NULL,NULL,NULL,'16',NULL,'','','',NULL,NULL,NULL,1900000,NULL,'1.4.',6),(248,108,NULL,NULL,400000,0,0,1,'2017-09-17','2017-10-18',22,0,NULL,NULL,NULL,NULL,NULL,NULL,NULL,NULL,'6',NULL,'','','',NULL,NULL,NULL,700000,NULL,'1.3.',23),(249,82,NULL,NULL,600000,0,0,4,'2017-10-01','2017-11-01',14,0,NULL,NULL,NULL,NULL,NULL,NULL,NULL,NULL,'6',NULL,'','','',NULL,NULL,NULL,1100000,NULL,'1.5.',10),(250,44,NULL,NULL,700000,0,0,2,'2017-10-13','2017-11-13',24,0,NULL,NULL,NULL,NULL,NULL,NULL,NULL,NULL,'8',NULL,'','','',NULL,NULL,NULL,900000,NULL,'1.4.',19),(251,37,NULL,NULL,400000,0,0,2,'2017-09-28','2017-10-29',99,0,NULL,NULL,NULL,NULL,NULL,NULL,NULL,NULL,'9',NULL,'','','',NULL,NULL,NULL,1800000,NULL,'1.2.',14),(252,56,NULL,NULL,500000,0,0,4,'2017-04-06','2017-05-07',17,0,NULL,NULL,NULL,NULL,NULL,NULL,NULL,NULL,'13',NULL,'','','',NULL,NULL,NULL,600000,NULL,'1.1.',14),(253,108,NULL,NULL,800000,0,0,4,'2017-05-28','2017-06-28',79,0,NULL,NULL,NULL,NULL,NULL,NULL,NULL,NULL,'13',NULL,'','','',NULL,NULL,NULL,1800000,NULL,'1.1.',13),(254,40,NULL,NULL,700000,0,0,4,'2017-05-06','2017-06-06',57,0,NULL,NULL,NULL,NULL,NULL,NULL,NULL,NULL,'4',NULL,'','','',NULL,NULL,NULL,700000,NULL,'1.5.',5),(255,72,NULL,NULL,500000,0,0,1,'2017-10-22','2017-11-22',7,0,NULL,NULL,NULL,NULL,NULL,NULL,NULL,NULL,'8',NULL,'','','',NULL,NULL,NULL,1000000,NULL,'1.3.',9),(256,33,NULL,NULL,900000,0,0,5,'2017-09-01','2017-10-02',54,0,NULL,NULL,NULL,NULL,NULL,NULL,NULL,NULL,'7',NULL,'','','',NULL,NULL,NULL,1800000,NULL,'1.5.',24),(257,104,NULL,NULL,400000,0,0,2,'2017-07-23','2017-08-23',84,0,NULL,NULL,NULL,NULL,NULL,NULL,NULL,NULL,'15',NULL,'','','',NULL,NULL,NULL,700000,NULL,'1.3.',14),(258,67,NULL,NULL,500000,0,0,1,'2017-04-22','2017-05-23',79,0,NULL,NULL,NULL,NULL,NULL,NULL,NULL,NULL,'17',NULL,'','','',NULL,NULL,NULL,1300000,NULL,'1.3.',20),(259,64,NULL,NULL,500000,0,0,2,'2017-09-14','2017-10-15',80,0,NULL,NULL,NULL,NULL,NULL,NULL,NULL,NULL,'16',NULL,'','','',NULL,NULL,NULL,1700000,NULL,'1.3.',8),(260,11,NULL,NULL,900000,0,0,4,'2017-05-11','2017-06-11',45,0,NULL,NULL,NULL,NULL,NULL,NULL,NULL,NULL,'5',NULL,'','','',NULL,NULL,NULL,1500000,NULL,'1.3.',21),(261,46,NULL,NULL,800000,0,0,6,'2017-10-28','2017-11-28',73,0,NULL,NULL,NULL,NULL,NULL,NULL,NULL,NULL,'10',NULL,'','','',NULL,NULL,NULL,1100000,NULL,'1.2.',10),(262,5,NULL,NULL,500000,0,0,1,'2017-04-27','2017-05-28',75,0,NULL,NULL,NULL,NULL,NULL,NULL,NULL,NULL,'13',NULL,'','','',NULL,NULL,NULL,800000,NULL,'1.2.',18),(263,90,NULL,NULL,800000,0,0,1,'2017-06-11','2017-07-12',99,0,NULL,NULL,NULL,NULL,NULL,NULL,NULL,NULL,'16',NULL,'','','',NULL,NULL,NULL,1200000,NULL,'1.4.',23),(264,107,NULL,NULL,500000,0,0,2,'2017-08-02','2017-09-02',1,0,NULL,NULL,NULL,NULL,NULL,NULL,NULL,NULL,'18',NULL,'','','',NULL,NULL,NULL,1000000,NULL,'1.4.',13),(265,46,NULL,NULL,700000,0,0,4,'2017-06-11','2017-07-12',6,0,NULL,NULL,NULL,NULL,NULL,NULL,NULL,NULL,'11',NULL,'','','',NULL,NULL,NULL,600000,NULL,'1.3.',28),(266,84,NULL,NULL,500000,0,0,4,'2017-09-27','2017-10-28',38,0,NULL,NULL,NULL,NULL,NULL,NULL,NULL,NULL,'16',NULL,'','','',NULL,NULL,NULL,600000,NULL,'1.1.',12),(267,37,NULL,NULL,700000,0,0,7,'2017-06-18','2017-07-19',11,0,NULL,NULL,NULL,NULL,NULL,NULL,NULL,NULL,'13',NULL,'','','',NULL,NULL,NULL,1900000,NULL,'1.3.',18),(268,105,NULL,NULL,600000,0,0,3,'2017-09-14','2017-10-15',95,0,NULL,NULL,NULL,NULL,NULL,NULL,NULL,NULL,'8',NULL,'','','',NULL,NULL,NULL,1000000,NULL,'1.3.',19),(269,124,NULL,NULL,600000,0,0,5,'2017-04-03','2017-05-04',84,0,NULL,NULL,NULL,NULL,NULL,NULL,NULL,NULL,'8',NULL,'','','',NULL,NULL,NULL,1100000,NULL,'1.2.',11),(270,30,NULL,NULL,900000,0,0,2,'2017-09-06','2017-10-07',10,0,NULL,NULL,NULL,NULL,NULL,NULL,NULL,NULL,'13',NULL,'','','',NULL,NULL,NULL,600000,NULL,'1.5.',24),(271,69,NULL,NULL,400000,0,0,5,'2017-07-22','2017-08-22',28,0,NULL,NULL,NULL,NULL,NULL,NULL,NULL,NULL,'6',NULL,'','','',NULL,NULL,NULL,600000,NULL,'1.3.',12),(272,42,NULL,NULL,600000,0,0,4,'2017-05-12','2017-06-12',39,0,NULL,NULL,NULL,NULL,NULL,NULL,NULL,NULL,'18',NULL,'','','',NULL,NULL,NULL,1500000,NULL,'1.4.',13),(273,34,NULL,NULL,400000,0,0,2,'2017-08-22','2017-09-22',97,0,NULL,NULL,NULL,NULL,NULL,NULL,NULL,NULL,'4',NULL,'','','',NULL,NULL,NULL,1500000,NULL,'1.3.',6);
/*!40000 ALTER TABLE `JOB` ENABLE KEYS */;
UNLOCK TABLES;

--
-- Table structure for table `KLASIFIKASI_LINGKUNGAN`
--

DROP TABLE IF EXISTS `KLASIFIKASI_LINGKUNGAN`;
/*!40101 SET @saved_cs_client     = @@character_set_client */;
/*!40101 SET character_set_client = utf8 */;
CREATE TABLE `KLASIFIKASI_LINGKUNGAN` (
  `KLASIFIKASI_LING_ID` int(11) NOT NULL AUTO_INCREMENT,
  `KLASIFIKASI_LING_NAMA` varchar(25) DEFAULT NULL,
  `JABATAN_ID` varchar(100) DEFAULT NULL,
  `KLASIFIKASI_LING_ITEM` varchar(100) DEFAULT NULL,
  `KLASIFIKASI_LING_VALUE` varchar(100) DEFAULT NULL,
  PRIMARY KEY (`KLASIFIKASI_LING_ID`)
) ENGINE=InnoDB AUTO_INCREMENT=15 DEFAULT CHARSET=latin1;
/*!40101 SET character_set_client = @saved_cs_client */;

--
-- Dumping data for table `KLASIFIKASI_LINGKUNGAN`
--

LOCK TABLES `KLASIFIKASI_LINGKUNGAN` WRITE;
/*!40000 ALTER TABLE `KLASIFIKASI_LINGKUNGAN` DISABLE KEYS */;
INSERT INTO `KLASIFIKASI_LINGKUNGAN` VALUES (1,'Kegiatan','1',NULL,NULL),(3,NULL,NULL,NULL,NULL),(4,'SEMEN','133','SEMEN','20'),(5,'SEMEN','133','SEMEN','10'),(6,'KANTOR','134','LINGKUNGAN BOS','MEMILIKI LINGKUNGAN BOS'),(7,'DAPUR','134','DAPUR','DAPUR'),(8,'KANTOR','136','LINGKUNGAN BOS','MEMILIKI LINGKUNGAN BOS'),(9,'DAPUR','136','DAPUR','DAPUR'),(10,'KANTOR','137','LINGKUNGAN BOS','MEMILIKI LINGKUNGAN BOS'),(11,'DAPUR','137','DAPUR','DAPUR'),(14,'DIJALANAN','4','BERSIH','20%');
/*!40000 ALTER TABLE `KLASIFIKASI_LINGKUNGAN` ENABLE KEYS */;
UNLOCK TABLES;

--
-- Table structure for table `KLASIFIKASI_LINGKUNGAN_JABATAN`
--

DROP TABLE IF EXISTS `KLASIFIKASI_LINGKUNGAN_JABATAN`;
/*!40101 SET @saved_cs_client     = @@character_set_client */;
/*!40101 SET character_set_client = utf8 */;
CREATE TABLE `KLASIFIKASI_LINGKUNGAN_JABATAN` (
  `KLASIFIKASI_LING_ID` int(11) NOT NULL AUTO_INCREMENT,
  `KLASIFIKASI_LING_NAMA` varchar(25) DEFAULT NULL,
  `JOB_ID` varchar(100) DEFAULT NULL,
  `KLASIFIKASI_LING_ITEM` varchar(100) DEFAULT NULL,
  `KLASIFIKASI_LING_VALUE` varchar(100) DEFAULT NULL,
  PRIMARY KEY (`KLASIFIKASI_LING_ID`)
) ENGINE=InnoDB DEFAULT CHARSET=latin1;
/*!40101 SET character_set_client = @saved_cs_client */;

--
-- Dumping data for table `KLASIFIKASI_LINGKUNGAN_JABATAN`
--

LOCK TABLES `KLASIFIKASI_LINGKUNGAN_JABATAN` WRITE;
/*!40000 ALTER TABLE `KLASIFIKASI_LINGKUNGAN_JABATAN` DISABLE KEYS */;
/*!40000 ALTER TABLE `KLASIFIKASI_LINGKUNGAN_JABATAN` ENABLE KEYS */;
UNLOCK TABLES;

--
-- Table structure for table `KLASIFIKASI_LINGKUNGAN_JOB`
--

DROP TABLE IF EXISTS `KLASIFIKASI_LINGKUNGAN_JOB`;
/*!40101 SET @saved_cs_client     = @@character_set_client */;
/*!40101 SET character_set_client = utf8 */;
CREATE TABLE `KLASIFIKASI_LINGKUNGAN_JOB` (
  `KLASIFIKASI_LING_ID` int(11) NOT NULL AUTO_INCREMENT,
  `KLASIFIKASI_LING_NAMA` varchar(25) DEFAULT NULL,
  `JOB_ID` varchar(100) DEFAULT NULL,
  `KLASIFIKASI_LING_ITEM` varchar(100) DEFAULT NULL,
  `KLASIFIKASI_LING_VALUE` varchar(100) DEFAULT NULL,
  PRIMARY KEY (`KLASIFIKASI_LING_ID`)
) ENGINE=InnoDB AUTO_INCREMENT=43 DEFAULT CHARSET=latin1;
/*!40101 SET character_set_client = @saved_cs_client */;

--
-- Dumping data for table `KLASIFIKASI_LINGKUNGAN_JOB`
--

LOCK TABLES `KLASIFIKASI_LINGKUNGAN_JOB` WRITE;
/*!40000 ALTER TABLE `KLASIFIKASI_LINGKUNGAN_JOB` DISABLE KEYS */;
INSERT INTO `KLASIFIKASI_LINGKUNGAN_JOB` VALUES (1,'oke',NULL,'oke','90%'),(2,'oke',NULL,'oke','90%'),(3,'oke','','oke','90%'),(7,'oke','','oke','90%'),(8,'oke','','oke','90%'),(9,'oke','','oke','90%'),(10,'asfsaf','','asdfsf','sdfasf'),(11,'oke','','oke','90%'),(12,'oke','','oke','90%'),(13,'oke','','oke','90%'),(14,'asfsaf','','asdfsf','sdfasf'),(15,'oke','','oke','90%'),(16,'oke','','oke','90%'),(17,'oke','','oke','90%'),(18,'asfsaf','','asdfsf','sdfasf'),(19,'oke','9','oke','90%'),(20,'oke','9','oke','90%'),(21,'oke','9','oke','90%'),(22,'asfsaf','9','asdfsf','sdfasf'),(23,'oke','9','oke','90%'),(24,'oke','9','oke','90%'),(25,'oke','9','oke','90%'),(26,'asfsaf','9','asdfsf','sdfasf'),(27,'oke','9','oke','90%'),(28,'oke','9','oke','90%'),(29,'oke','9','oke','90%'),(30,'asfsaf','9','asdfsf','sdfasf'),(31,'oke','9','oke','90%'),(32,'oke','9','oke','90%'),(33,'oke','9','oke','90%'),(34,'asfsaf','9','asdfsf','sdfasf'),(35,'oke','','oke','oke'),(36,'oke','','oke','oke'),(37,'oke','','oke','oke'),(38,'ASFASFASDF','22','ASFASDF','ASFASF'),(39,'AASDF','36','ASDFS','FASF'),(40,'ASFASF','8','ASFASF','90'),(41,'ASDFSAF','28','ASFASF','ASFSD'),(42,'asfsaf','5','asdfsf','sdfasf');
/*!40000 ALTER TABLE `KLASIFIKASI_LINGKUNGAN_JOB` ENABLE KEYS */;
UNLOCK TABLES;

--
-- Table structure for table `KLASIFIKASI_LING_ITEM`
--

DROP TABLE IF EXISTS `KLASIFIKASI_LING_ITEM`;
/*!40101 SET @saved_cs_client     = @@character_set_client */;
/*!40101 SET character_set_client = utf8 */;
CREATE TABLE `KLASIFIKASI_LING_ITEM` (
  `KLASIFIKASI_ITEM_ID` int(11) NOT NULL AUTO_INCREMENT,
  `KLASIFIKASI_ITEM_NAMA` varchar(45) DEFAULT NULL,
  `KLASIFIKASI_ITEM_TYPE` int(11) DEFAULT NULL,
  `KLASIFIKASI_ITEM_VALUE` varchar(11) DEFAULT NULL,
  `KLASIFIKASI_LING_ID` int(11) DEFAULT NULL,
  PRIMARY KEY (`KLASIFIKASI_ITEM_ID`),
  KEY `KLASIFIKASI_LING_ID` (`KLASIFIKASI_LING_ID`)
) ENGINE=InnoDB AUTO_INCREMENT=2 DEFAULT CHARSET=latin1;
/*!40101 SET character_set_client = @saved_cs_client */;

--
-- Dumping data for table `KLASIFIKASI_LING_ITEM`
--

LOCK TABLES `KLASIFIKASI_LING_ITEM` WRITE;
/*!40000 ALTER TABLE `KLASIFIKASI_LING_ITEM` DISABLE KEYS */;
INSERT INTO `KLASIFIKASI_LING_ITEM` VALUES (1,'Duduk',1,'80 %',1);
/*!40000 ALTER TABLE `KLASIFIKASI_LING_ITEM` ENABLE KEYS */;
UNLOCK TABLES;

--
-- Table structure for table `KOMPETENSI_JABATAN`
--

DROP TABLE IF EXISTS `KOMPETENSI_JABATAN`;
/*!40101 SET @saved_cs_client     = @@character_set_client */;
/*!40101 SET character_set_client = utf8 */;
CREATE TABLE `KOMPETENSI_JABATAN` (
  `JABATAN_ID` varchar(100) DEFAULT NULL,
  `KOMPETENSI_ID` varchar(100) DEFAULT NULL
) ENGINE=InnoDB DEFAULT CHARSET=latin1;
/*!40101 SET character_set_client = @saved_cs_client */;

--
-- Dumping data for table `KOMPETENSI_JABATAN`
--

LOCK TABLES `KOMPETENSI_JABATAN` WRITE;
/*!40000 ALTER TABLE `KOMPETENSI_JABATAN` DISABLE KEYS */;
INSERT INTO `KOMPETENSI_JABATAN` VALUES ('124','13'),('124','15'),('124','10'),('124','17'),('125','11'),('125','11'),('126','16'),('126','14'),('126','18'),('126','13'),('126','10'),('126','15'),('126','9'),('129','13'),('129','19'),('129','10'),('129','16'),('129','15'),('129','17'),('129','18'),('133','19'),('133','18'),('133','17'),('133','15'),('133','19'),('133','18'),('133','10'),('133','17'),('137','14'),('137','10'),('137','15'),('137','16'),('137','17'),('137','19'),('137','18'),('1','9'),('1','9'),('4','15'),('4','14'),('4','15'),('4','14'),('4','15'),('4','14');
/*!40000 ALTER TABLE `KOMPETENSI_JABATAN` ENABLE KEYS */;
UNLOCK TABLES;

--
-- Table structure for table `LAMARAN`
--

DROP TABLE IF EXISTS `LAMARAN`;
/*!40101 SET @saved_cs_client     = @@character_set_client */;
/*!40101 SET character_set_client = utf8 */;
CREATE TABLE `LAMARAN` (
  `ID` int(11) NOT NULL AUTO_INCREMENT,
  `PEKERJA_ID` int(11) NOT NULL,
  `JOB_ID` int(11) NOT NULL,
  `DATE_CREATED` timestamp NOT NULL DEFAULT CURRENT_TIMESTAMP ON UPDATE CURRENT_TIMESTAMP,
  `STATUS_ID` varchar(10) DEFAULT NULL,
  `REKRUITER_ID` int(11) DEFAULT NULL,
  `PPTKIS_ID` int(11) DEFAULT NULL,
  `ID_TKI` varchar(100) DEFAULT NULL,
  `BNP2TKI_TKI_ID` varchar(100) DEFAULT NULL,
  PRIMARY KEY (`ID`),
  KEY `PEKERJA_ID` (`PEKERJA_ID`),
  KEY `JOB_ID` (`JOB_ID`)
) ENGINE=InnoDB AUTO_INCREMENT=1047 DEFAULT CHARSET=latin1;
/*!40101 SET character_set_client = @saved_cs_client */;

--
-- Dumping data for table `LAMARAN`
--

LOCK TABLES `LAMARAN` WRITE;
/*!40000 ALTER TABLE `LAMARAN` DISABLE KEYS */;
INSERT INTO `LAMARAN` VALUES (1,51,174,'2017-08-23 02:58:47','3.',6,8,NULL,NULL),(2,52,224,'2017-08-23 02:58:47','3.2',7,8,NULL,NULL),(3,53,30,'2017-08-23 02:58:47','4.',5,14,NULL,NULL),(4,54,192,'2017-08-23 02:58:47','4.2.',5,8,NULL,NULL),(5,55,254,'2017-08-23 02:58:47','4.2.',2,5,NULL,NULL),(6,56,238,'2017-09-08 10:03:10','4.5.',4,3,NULL,NULL),(7,57,187,'2017-08-23 02:58:47','4.',6,8,NULL,'sdfs'),(8,58,113,'2017-08-23 02:58:47','3.',3,13,NULL,NULL),(9,59,16,'2017-08-23 02:58:47','3.2.',7,21,NULL,NULL),(10,60,20,'2017-08-23 02:58:47','3.2.',7,26,NULL,'SFSDF'),(11,61,95,'2017-08-23 02:58:47','4.',5,9,NULL,NULL),(12,62,199,'2017-08-23 02:58:47','1.',5,1,NULL,NULL),(13,63,9,'2017-08-23 02:58:47','3.2.',6,12,NULL,NULL),(14,64,48,'2017-08-23 02:58:47','3.',4,23,NULL,NULL),(16,66,107,'2017-08-23 02:58:47','3.',6,7,NULL,NULL),(17,67,131,'2017-08-23 02:58:47','1.',2,5,NULL,NULL),(18,68,210,'2017-08-23 02:58:47','2.',2,4,NULL,'ertert'),(19,69,248,'2017-08-30 03:57:37','2.',6,23,NULL,'29839828'),(20,70,213,'2017-08-23 02:58:47','4.',2,10,NULL,NULL),(21,71,243,'2017-08-23 02:58:47','2.',5,1,NULL,NULL),(22,72,17,'2017-08-23 02:58:47','2.',5,28,NULL,NULL),(23,73,39,'2017-08-23 02:58:47','4.',5,27,NULL,NULL),(24,74,47,'2017-08-23 02:58:47','2.',6,14,NULL,NULL),(25,75,20,'2017-08-23 02:58:47','1.',7,26,NULL,NULL),(26,76,153,'2017-08-23 02:58:47','2.',4,20,NULL,NULL),(27,77,138,'2017-08-23 02:58:47','2.',3,5,NULL,NULL),(28,78,115,'2017-08-23 02:58:47','1.',2,14,NULL,NULL),(29,79,211,'2017-08-23 02:58:47','3.',6,26,NULL,NULL),(30,80,39,'2017-08-23 02:58:47','3.',4,27,NULL,NULL),(31,81,141,'2017-08-23 02:58:47','2.',2,2,NULL,NULL),(32,82,157,'2017-08-23 02:58:47','2.',3,12,NULL,NULL),(33,83,72,'2017-08-23 02:58:47','2.',5,27,NULL,NULL),(34,84,84,'2017-08-23 02:58:47','4.',2,18,NULL,NULL),(35,85,185,'2017-08-23 02:58:47','1.',7,2,NULL,NULL),(36,86,62,'2017-08-23 02:58:47','1.',7,14,NULL,NULL),(37,87,53,'2017-08-23 02:58:47','2.',3,10,NULL,NULL),(38,88,47,'2017-08-23 02:58:47','1.',6,14,NULL,NULL),(39,89,129,'2017-08-23 02:58:47','1.',2,14,NULL,NULL),(40,90,269,'2017-08-23 02:58:47','3.',3,11,NULL,NULL),(41,91,28,'2017-08-23 02:58:47','4.',2,1,NULL,NULL),(42,92,229,'2017-08-23 02:58:47','4.',2,14,NULL,NULL),(43,93,50,'2017-08-23 02:58:47','2.',5,11,NULL,NULL),(44,94,202,'2017-08-23 02:58:47','4.',3,27,NULL,NULL),(45,95,28,'2017-08-23 02:58:47','3.',7,1,NULL,NULL),(46,96,49,'2017-08-23 02:58:47','2.',3,18,NULL,NULL),(47,97,73,'2017-08-23 02:58:47','3.',3,27,NULL,NULL),(48,98,203,'2017-08-23 02:58:47','4.',3,17,NULL,NULL),(49,99,153,'2017-08-23 02:58:47','4.',7,20,NULL,NULL),(50,100,269,'2017-08-23 02:58:47','1.',6,11,NULL,NULL),(51,101,50,'2017-08-23 02:58:47','3.',6,11,NULL,NULL),(52,102,5,'2017-08-23 02:58:47','3.',3,26,NULL,NULL),(53,103,254,'2017-08-23 02:58:47','4.',2,5,NULL,NULL),(54,104,187,'2017-08-23 02:58:47','1.',4,8,NULL,NULL),(55,105,2,'2017-08-23 02:58:47','3.',4,27,NULL,NULL),(56,106,50,'2017-08-23 02:58:47','2.',7,11,NULL,NULL),(57,107,167,'2017-08-23 02:58:47','3.',7,11,NULL,NULL),(58,108,254,'2017-08-23 02:58:47','4.',4,5,NULL,NULL),(59,109,188,'2017-08-23 02:58:47','2.',4,30,NULL,NULL),(60,110,33,'2017-08-17 05:03:09','2.',2,5,NULL,NULL),(61,111,159,'2017-08-23 02:58:47','3.',3,16,NULL,NULL),(62,112,212,'2017-08-23 02:58:47','1.',7,18,NULL,NULL),(63,113,92,'2017-08-23 02:58:47','4.',2,24,NULL,NULL),(64,114,209,'2017-08-23 02:58:47','4.',2,12,NULL,NULL),(65,115,102,'2017-08-23 02:58:47','3.',3,25,NULL,NULL),(66,116,212,'2017-08-23 02:58:47','1.',3,18,NULL,NULL),(67,117,156,'2017-08-23 02:58:47','1.',7,21,NULL,NULL),(68,118,23,'2017-08-23 02:58:47','3.',5,7,NULL,NULL),(69,119,63,'2017-08-23 02:58:47','2.',4,24,NULL,NULL),(70,120,92,'2017-08-23 02:58:47','2.',7,24,NULL,NULL),(71,121,179,'2017-08-23 02:58:47','2.',7,30,NULL,NULL),(72,122,259,'2017-08-23 02:58:47','4.',6,8,NULL,NULL),(73,123,157,'2017-08-23 02:58:47','3.',5,12,NULL,NULL),(74,124,157,'2017-08-23 02:58:47','1.',2,12,NULL,NULL),(75,125,140,'2017-08-23 02:58:47','2.',3,13,NULL,NULL),(76,126,130,'2017-08-23 02:58:47','3.',7,22,NULL,NULL),(77,127,272,'2017-08-23 02:58:47','2.',4,13,NULL,NULL),(78,128,210,'2017-08-23 02:58:47','3.',7,4,NULL,NULL),(79,129,121,'2017-08-23 02:58:47','3.',4,13,NULL,NULL),(80,130,154,'2017-08-23 02:58:47','3.',5,4,NULL,NULL),(81,131,216,'2017-08-23 02:58:47','4.',4,8,NULL,NULL),(82,132,11,'2017-08-23 02:58:47','3.',7,30,NULL,NULL),(83,133,112,'2017-08-23 02:58:47','2.',6,19,NULL,NULL),(84,134,95,'2017-08-23 02:58:47','3.',4,9,NULL,NULL),(85,135,154,'2017-08-23 02:58:47','2.',5,4,NULL,NULL),(86,136,113,'2017-08-23 02:58:47','2.',2,13,NULL,NULL),(87,137,117,'2017-08-17 05:03:09','4.',2,2,NULL,NULL),(88,138,124,'2017-08-23 02:58:47','4.',7,24,NULL,NULL),(89,139,51,'2017-08-23 02:58:47','1.',6,25,NULL,NULL),(90,140,24,'2017-08-23 02:58:47','2.',4,2,NULL,NULL),(91,141,129,'2017-08-23 02:58:47','1.',3,14,NULL,NULL),(92,142,246,'2017-08-23 02:58:47','2.',4,1,NULL,NULL),(93,143,254,'2017-08-23 02:58:47','2.',6,5,NULL,NULL),(94,144,79,'2017-08-23 02:58:47','1.',7,21,NULL,NULL),(95,145,79,'2017-08-23 02:58:47','2.',2,21,NULL,NULL),(96,146,265,'2017-08-23 02:58:47','3.',6,28,NULL,NULL),(97,147,234,'2017-08-23 02:58:47','1.',4,11,NULL,NULL),(98,148,227,'2017-08-23 02:58:47','4.',2,29,NULL,NULL),(99,149,236,'2017-08-23 02:58:47','1.',6,17,NULL,NULL),(100,150,189,'2017-08-23 02:58:47','4.',2,14,NULL,NULL),(101,151,208,'2017-08-23 02:58:47','3.',5,25,NULL,NULL),(102,152,230,'2017-08-23 02:58:47','2.',6,15,NULL,NULL),(103,153,11,'2017-08-23 02:58:47','1.',4,30,NULL,NULL),(104,154,26,'2017-08-23 02:58:47','1.',7,24,NULL,NULL),(105,155,143,'2017-08-23 02:58:47','4.',3,13,NULL,NULL),(106,156,260,'2017-08-23 02:58:47','4.',6,21,NULL,NULL),(107,157,138,'2017-08-23 02:58:47','2.',4,5,NULL,NULL),(108,158,204,'2017-08-23 02:58:47','2.',5,25,NULL,NULL),(109,159,219,'2017-08-23 02:58:47','2.',6,23,NULL,NULL),(110,160,203,'2017-08-23 02:58:47','3.',5,17,NULL,NULL),(111,161,77,'2017-08-23 02:58:47','3.',5,7,NULL,NULL),(112,162,225,'2017-08-23 02:58:47','3.',6,14,NULL,NULL),(113,163,223,'2017-08-23 02:58:47','3.',5,9,NULL,NULL),(114,164,65,'2017-08-17 05:03:09','2.',5,1,NULL,NULL),(115,165,171,'2017-08-23 02:58:47','2.',7,28,NULL,NULL),(116,166,33,'2017-08-23 02:58:47','3.',7,5,NULL,NULL),(117,167,199,'2017-08-17 05:03:09','1.',7,1,NULL,NULL),(118,168,171,'2017-08-23 02:58:47','2.',7,28,NULL,NULL),(119,169,247,'2017-08-23 02:58:47','4.',3,6,NULL,NULL),(120,170,199,'2017-08-23 02:58:47','3.',4,1,NULL,NULL),(121,171,87,'2017-08-23 02:58:47','2.',3,11,NULL,NULL),(122,172,61,'2017-08-23 02:58:47','2.',4,26,NULL,NULL),(123,173,10,'2017-08-23 02:58:47','4.',2,16,NULL,NULL),(124,174,19,'2017-08-23 02:58:47','1.',6,8,NULL,NULL),(125,175,245,'2017-08-23 02:58:47','1.',6,23,NULL,NULL),(126,176,249,'2017-08-23 02:58:47','2.',5,10,NULL,NULL),(127,177,98,'2017-08-23 02:58:47','4.',5,5,NULL,NULL),(128,178,224,'2017-08-23 02:58:47','1.',7,8,NULL,NULL),(129,179,15,'2017-08-23 02:58:47','2.',3,14,NULL,NULL),(130,180,191,'2017-08-23 02:58:47','4.',4,6,NULL,NULL),(131,181,179,'2017-08-23 02:58:47','1.',2,30,NULL,NULL),(132,182,53,'2017-08-23 02:58:47','4.',7,10,NULL,NULL),(133,183,110,'2017-08-23 02:58:47','1.',2,26,NULL,NULL),(134,184,108,'2017-08-23 02:58:47','4.',2,8,NULL,NULL),(135,185,66,'2017-08-23 02:58:47','4.',6,18,NULL,NULL),(136,186,23,'2017-08-23 02:58:47','2.',3,7,NULL,NULL),(137,187,244,'2017-08-23 02:58:47','3.',7,8,NULL,NULL),(138,188,205,'2017-08-23 02:58:47','1.',3,14,NULL,NULL),(139,189,77,'2017-08-23 02:58:47','3.',4,7,NULL,NULL),(140,190,185,'2017-08-23 02:58:47','1.',2,2,NULL,NULL),(141,191,231,'2017-08-23 02:58:47','1.',6,7,NULL,NULL),(142,192,191,'2017-08-23 02:58:47','1.',7,6,NULL,NULL),(143,193,164,'2017-08-23 02:58:47','1.',4,7,NULL,NULL),(144,194,11,'2017-08-23 02:58:47','4.',4,30,NULL,NULL),(145,195,242,'2017-08-23 02:58:47','1.',7,15,NULL,NULL),(146,196,125,'2017-08-23 02:58:47','2.',5,12,NULL,NULL),(147,197,16,'2017-08-23 02:58:47','2.',5,21,NULL,NULL),(148,198,40,'2017-08-23 02:58:47','4.',2,24,NULL,NULL),(149,199,98,'2017-08-23 02:58:47','3.',7,5,NULL,NULL),(150,200,63,'2017-08-23 02:58:47','3.',6,24,NULL,NULL),(151,201,259,'2017-08-23 02:58:47','3.',2,8,NULL,NULL),(152,202,66,'2017-08-23 02:58:47','4.',5,18,NULL,NULL),(153,203,84,'2017-08-23 02:58:47','4.',7,18,NULL,NULL),(154,204,24,'2017-08-17 05:03:09','4.',4,2,NULL,NULL),(155,205,160,'2017-08-23 02:58:47','3.',5,15,NULL,NULL),(156,206,14,'2017-08-23 02:58:47','2.',5,18,NULL,NULL),(157,207,272,'2017-08-23 02:58:47','2.',7,13,NULL,NULL),(158,208,180,'2017-08-23 02:58:47','2.',4,7,NULL,NULL),(159,209,29,'2017-08-23 02:58:47','1.',7,15,NULL,NULL),(160,210,33,'2017-08-23 02:58:47','1.',2,5,NULL,NULL),(161,211,70,'2017-08-23 02:58:47','4.',7,17,NULL,NULL),(162,212,63,'2017-08-23 02:58:47','2.',5,24,NULL,NULL),(163,213,187,'2017-08-23 02:58:47','4.',4,8,NULL,NULL),(164,214,50,'2017-08-23 02:58:47','3.',6,11,NULL,NULL),(165,215,67,'2017-08-23 02:58:47','1.',7,20,NULL,NULL),(166,216,149,'2017-09-08 10:50:19','4.',2,3,NULL,NULL),(167,217,195,'2017-08-23 02:58:47','2.',5,7,NULL,NULL),(168,218,94,'2017-08-23 02:58:47','3.',2,19,NULL,NULL),(169,219,45,'2017-08-23 02:58:47','4.',2,3,NULL,NULL),(170,220,232,'2017-08-23 02:58:47','4.',5,25,NULL,NULL),(171,221,217,'2017-08-23 02:58:47','2.',7,12,NULL,NULL),(172,222,259,'2017-08-23 02:58:47','4.',7,8,NULL,NULL),(173,223,142,'2017-08-23 02:58:47','1.',4,10,NULL,NULL),(174,224,97,'2017-08-23 02:58:47','3.',2,1,NULL,NULL),(175,225,240,'2017-08-23 02:58:47','2.',3,13,NULL,NULL),(176,226,234,'2017-08-23 02:58:47','2.',5,11,NULL,NULL),(177,227,65,'2017-08-23 02:58:47','3.',2,1,NULL,NULL),(178,228,76,'2017-08-23 02:58:47','1.',5,10,NULL,NULL),(179,229,119,'2017-08-23 02:58:47','3.',4,19,NULL,NULL),(180,230,232,'2017-08-23 02:58:47','4.',3,25,NULL,NULL),(181,231,20,'2017-08-23 02:58:47','4.',7,26,NULL,NULL),(182,232,252,'2017-08-23 02:58:47','3.',7,14,NULL,NULL),(183,233,143,'2017-08-23 02:58:47','1.',7,13,NULL,NULL),(184,234,209,'2017-08-23 02:58:47','2.',7,12,NULL,NULL),(185,235,122,'2017-08-23 02:58:47','2.',6,12,NULL,NULL),(186,236,106,'2017-08-23 02:58:47','2.',2,16,NULL,NULL),(187,237,36,'2017-08-23 02:58:47','2.',3,17,NULL,NULL),(188,238,227,'2017-08-23 02:58:47','3.',3,29,NULL,NULL),(189,239,73,'2017-08-23 02:58:47','3.',4,27,NULL,NULL),(190,240,211,'2017-08-23 02:58:47','3.',2,26,NULL,NULL),(191,241,113,'2017-08-23 02:58:47','4.',5,13,NULL,NULL),(192,242,104,'2017-08-23 02:58:47','1.',6,24,NULL,NULL),(193,243,78,'2017-08-23 02:58:47','3.2.',2,14,NULL,NULL),(194,244,122,'2017-08-23 02:58:47','1.',7,12,NULL,NULL),(195,245,130,'2017-08-23 02:58:47','4.',7,22,NULL,NULL),(196,246,212,'2017-08-23 02:58:47','1.',5,18,NULL,NULL),(197,247,23,'2017-08-23 02:58:47','3.',5,7,NULL,NULL),(198,248,259,'2017-08-23 02:58:47','1.',6,8,NULL,NULL),(199,249,162,'2017-08-23 02:58:47','3.',5,10,NULL,NULL),(200,250,241,'2017-08-23 02:58:47','3.',4,16,NULL,NULL),(201,251,235,'2017-08-23 02:58:47','1.',5,7,NULL,NULL),(202,252,212,'2017-08-23 02:58:47','4.',4,18,NULL,NULL),(203,253,193,'2017-08-23 02:58:47','3.',5,19,NULL,NULL),(204,254,138,'2017-08-17 05:03:09','4.',6,5,NULL,NULL),(205,255,250,'2017-08-23 02:58:47','2.',5,19,NULL,NULL),(206,256,21,'2017-08-23 02:58:47','3.',3,20,NULL,NULL),(207,257,102,'2017-08-23 02:58:47','4.',7,25,NULL,NULL),(208,258,73,'2017-08-23 02:58:47','2.',2,27,NULL,NULL),(209,259,27,'2017-08-23 02:58:47','2.',7,17,NULL,NULL),(210,260,7,'2017-08-23 02:58:47','1.',5,21,NULL,NULL),(211,261,127,'2017-08-23 02:58:47','3.',3,10,NULL,NULL),(212,262,45,'2017-09-08 10:51:15','4.',7,3,NULL,NULL),(213,263,40,'2017-08-23 02:58:47','3.',2,24,NULL,NULL),(214,264,188,'2017-08-23 02:58:47','1.',2,30,NULL,NULL),(215,265,6,'2017-08-17 05:03:09','1.',5,1,NULL,NULL),(216,266,169,'2017-08-23 02:58:47','1.',2,3,NULL,NULL),(217,267,181,'2017-08-23 02:58:47','4.',3,2,NULL,NULL),(218,268,148,'2017-08-23 02:58:47','1.',7,4,NULL,NULL),(219,269,108,'2017-08-23 02:58:47','1.',7,8,NULL,NULL),(220,270,143,'2017-08-23 02:58:47','1.',7,13,NULL,NULL),(221,271,33,'2017-08-23 02:58:47','4.',3,5,NULL,NULL),(222,272,17,'2017-08-23 02:58:47','3.',6,28,NULL,NULL),(223,273,176,'2017-08-23 02:58:47','4.',2,15,NULL,NULL),(224,274,267,'2017-08-23 02:58:47','3.',5,18,NULL,NULL),(225,275,56,'2017-08-23 02:58:47','1.',4,16,NULL,NULL),(226,276,95,'2017-08-23 02:58:47','3.',4,9,NULL,NULL),(227,277,242,'2017-08-23 02:58:47','1.',3,15,NULL,NULL),(228,278,215,'2017-08-23 02:58:47','2.',4,22,NULL,NULL),(229,279,259,'2017-08-23 02:58:47','2.',5,8,NULL,NULL),(230,280,163,'2017-08-23 02:58:47','2.',6,8,NULL,NULL),(231,281,195,'2017-08-23 02:58:47','2.',4,7,NULL,NULL),(232,282,141,'2017-08-17 05:03:09','1.',7,2,NULL,NULL),(233,283,8,'2017-08-23 02:58:47','1.',5,23,NULL,NULL),(234,284,208,'2017-08-23 02:58:47','4.',7,25,NULL,NULL),(235,285,182,'2017-08-23 02:58:47','4.',6,7,NULL,NULL),(236,286,44,'2017-08-23 02:58:47','3.',4,20,NULL,NULL),(237,287,101,'2017-08-23 02:58:47','3.',3,4,NULL,NULL),(238,288,52,'2017-08-17 05:03:09','1.',3,2,NULL,NULL),(239,289,127,'2017-08-23 02:58:47','2.',6,10,NULL,NULL),(240,290,268,'2017-08-23 02:58:47','2.',6,19,NULL,NULL),(241,291,71,'2017-08-23 02:58:47','4.',2,7,NULL,NULL),(242,292,44,'2017-08-23 02:58:47','3.',2,20,NULL,NULL),(243,293,101,'2017-08-17 05:03:09','4.',3,4,NULL,NULL),(244,294,74,'2017-08-23 02:58:47','2.',7,24,NULL,NULL),(245,295,169,'2017-09-08 10:46:15','4.4.',6,3,NULL,NULL),(246,296,90,'2017-08-23 02:58:47','2.',6,29,NULL,NULL),(247,297,111,'2017-08-23 02:58:47','3.',3,11,NULL,NULL),(248,298,157,'2017-08-23 02:58:47','2.',4,12,NULL,NULL),(249,299,134,'2017-08-23 02:58:47','4.',6,20,NULL,NULL),(250,300,246,'2017-08-17 05:03:09','1.',2,1,NULL,NULL),(251,301,247,'2017-08-23 02:58:47','2.',7,6,NULL,NULL),(252,302,194,'2017-08-23 02:58:47','4.',4,9,NULL,NULL),(253,303,2,'2017-08-23 02:58:47','4.',5,27,NULL,NULL),(254,304,90,'2017-08-23 02:58:47','4.',4,29,NULL,NULL),(255,305,119,'2017-08-23 02:58:47','4.',2,19,NULL,NULL),(256,306,208,'2017-08-23 02:58:47','2.',3,25,NULL,NULL),(257,307,101,'2017-08-23 02:58:47','1.',6,4,NULL,NULL),(258,308,64,'2017-08-23 02:58:47','4.',3,23,NULL,NULL),(259,309,244,'2017-08-23 02:58:47','2.',3,8,NULL,NULL),(260,310,194,'2017-08-23 02:58:47','1.',6,9,NULL,NULL),(261,311,178,'2017-08-23 02:58:47','1.',5,19,NULL,NULL),(262,312,128,'2017-08-23 02:58:47','3.',4,16,NULL,NULL),(263,313,5,'2017-08-23 02:58:47','4.',7,26,NULL,NULL),(264,314,217,'2017-08-23 02:58:47','2.',6,12,NULL,NULL),(265,315,260,'2017-08-23 02:58:47','2.',4,21,NULL,NULL),(266,316,31,'2017-08-23 02:58:47','2.',6,6,NULL,NULL),(267,317,128,'2017-08-23 02:58:47','1.',5,16,NULL,NULL),(268,318,157,'2017-08-23 02:58:47','1.',3,12,NULL,NULL),(269,319,257,'2017-08-23 02:58:47','1.',3,14,NULL,NULL),(270,320,26,'2017-08-23 02:58:47','3.',6,24,NULL,NULL),(271,321,200,'2017-08-23 02:58:47','3.',6,21,NULL,NULL),(272,322,196,'2017-08-23 02:58:47','2.',6,23,NULL,NULL),(273,323,164,'2017-08-23 02:58:47','4.',7,7,NULL,NULL),(274,324,255,'2017-08-23 02:58:47','1.',5,9,NULL,NULL),(275,325,269,'2017-08-23 02:58:47','1.',7,11,NULL,NULL),(276,326,144,'2017-08-23 02:58:47','4.',7,25,NULL,NULL),(277,327,241,'2017-08-23 02:58:47','4.',2,16,NULL,NULL),(278,328,32,'2017-08-23 02:58:47','1.',6,11,NULL,NULL),(279,329,153,'2017-08-23 02:58:47','2.',4,20,NULL,NULL),(280,330,142,'2017-08-23 02:58:47','2.',4,10,NULL,NULL),(281,331,49,'2017-08-23 02:58:47','4.',7,18,NULL,NULL),(282,332,145,'2017-08-23 02:58:47','1.',3,27,NULL,NULL),(283,333,237,'2017-08-23 02:58:47','2.',5,8,NULL,NULL),(284,334,171,'2017-08-23 02:58:47','2.',5,28,NULL,NULL),(285,335,166,'2017-08-23 02:58:47','2.',2,18,NULL,NULL),(286,336,163,'2017-08-23 02:58:47','3.',3,8,NULL,NULL),(287,337,166,'2017-08-23 02:58:47','2.',6,18,NULL,NULL),(288,338,24,'2017-08-23 02:58:47','2.',6,2,NULL,NULL),(289,339,85,'2017-08-23 02:58:47','2.',3,10,NULL,NULL),(290,340,168,'2017-08-23 02:58:47','2.',3,13,NULL,NULL),(291,341,3,'2017-08-23 02:58:47','1.',5,29,NULL,NULL),(292,342,143,'2017-08-23 02:58:47','1.',6,13,NULL,NULL),(293,343,148,'2017-08-23 02:58:47','2.',2,4,NULL,NULL),(294,344,168,'2017-08-23 02:58:47','3.',2,13,NULL,NULL),(295,345,65,'2017-08-23 02:58:47','4.',4,1,NULL,NULL),(296,346,110,'2017-08-23 02:58:47','4.',6,26,NULL,NULL),(297,347,196,'2017-08-23 02:58:47','2.',7,23,NULL,NULL),(298,348,130,'2017-08-23 02:58:47','3.',2,22,NULL,NULL),(299,349,237,'2017-08-23 02:58:47','4.',7,8,NULL,NULL),(300,350,130,'2017-08-23 02:58:47','2.',3,22,NULL,NULL),(301,351,251,'2017-08-23 02:58:47','4.',2,14,NULL,NULL),(302,352,32,'2017-08-23 02:58:47','2.',5,11,NULL,NULL),(303,353,99,'2017-08-23 02:58:47','4.',5,28,NULL,NULL),(304,354,264,'2017-08-23 02:58:47','1.',3,13,NULL,NULL),(305,355,248,'2017-08-23 02:58:47','3.',6,23,NULL,NULL),(306,356,101,'2017-08-23 02:58:47','2.',6,4,NULL,NULL),(307,357,196,'2017-08-23 02:58:47','2.',2,23,NULL,NULL),(308,358,106,'2017-08-23 02:58:47','4.',3,16,NULL,NULL),(309,359,22,'2017-08-23 02:58:47','3.',3,15,NULL,NULL),(310,360,72,'2017-08-23 02:58:47','2.',3,27,NULL,NULL),(311,361,255,'2017-08-23 02:58:47','3.',7,9,NULL,NULL),(312,362,47,'2017-08-23 02:58:47','1.',2,14,NULL,NULL),(313,363,212,'2017-08-23 02:58:47','3.',2,18,NULL,NULL),(314,364,121,'2017-08-23 02:58:47','4.',3,13,NULL,NULL),(315,365,108,'2017-08-23 02:58:47','2.',4,8,NULL,NULL),(316,366,255,'2017-08-23 02:58:47','3.',4,9,NULL,NULL),(317,367,87,'2017-08-23 02:58:47','3.',6,11,NULL,NULL),(318,368,38,'2017-08-23 02:58:47','2.',5,19,NULL,NULL),(319,369,65,'2017-08-23 02:58:47','2.',4,1,NULL,NULL),(320,370,51,'2017-08-23 02:58:47','4.',5,25,NULL,NULL),(321,371,49,'2017-08-23 02:58:47','1.',6,18,NULL,NULL),(322,372,22,'2017-08-23 02:58:47','2.',5,15,NULL,NULL),(323,373,8,'2017-08-23 02:58:47','3.',6,23,NULL,NULL),(324,374,64,'2017-08-23 02:58:47','4.',4,23,NULL,NULL),(325,375,270,'2017-08-23 02:58:47','2.',7,24,NULL,NULL),(326,376,40,'2017-08-23 02:58:47','4.',5,24,NULL,NULL),(327,377,139,'2017-08-23 02:58:47','4.',3,22,NULL,NULL),(328,378,203,'2017-08-23 02:58:47','1.',5,17,NULL,NULL),(329,379,132,'2017-08-23 02:58:47','3.',3,11,NULL,NULL),(330,380,135,'2017-08-23 02:58:47','3.',2,27,NULL,NULL),(331,381,172,'2017-08-23 02:58:47','1.',5,17,NULL,NULL),(332,382,160,'2017-08-23 02:58:47','1.',2,15,NULL,NULL),(333,383,123,'2017-08-23 02:58:47','1.',5,1,NULL,NULL),(334,384,56,'2017-08-23 02:58:47','1.',7,16,NULL,NULL),(335,385,162,'2017-08-23 02:58:47','1.',6,10,NULL,NULL),(336,386,268,'2017-08-23 02:58:47','3.',4,19,NULL,NULL),(337,387,94,'2017-08-23 02:58:47','2.',2,19,NULL,NULL),(338,388,49,'2017-08-23 02:58:47','3.',7,18,NULL,NULL),(339,389,120,'2017-08-23 02:58:47','2.',2,26,NULL,NULL),(340,390,145,'2017-08-23 02:58:47','3.',2,27,NULL,NULL),(341,391,160,'2017-08-23 02:58:47','2.',6,15,NULL,NULL),(342,392,156,'2017-08-23 02:58:47','4.',5,21,NULL,NULL),(343,393,198,'2017-08-23 02:58:47','3.',7,7,NULL,NULL),(344,394,147,'2017-08-23 02:58:47','1.',2,5,NULL,NULL),(345,395,157,'2017-08-23 02:58:47','3.',4,12,NULL,NULL),(346,396,104,'2017-08-23 02:58:47','2.',4,24,NULL,NULL),(347,397,175,'2017-08-23 02:58:47','3.',6,2,NULL,NULL),(348,398,91,'2017-08-23 02:58:47','1.',5,20,NULL,NULL),(349,399,29,'2017-08-23 02:58:47','3.',5,15,NULL,NULL),(350,400,199,'2017-08-23 02:58:47','4.',4,1,NULL,NULL),(351,401,141,'2017-08-23 02:58:47','3.',7,2,NULL,NULL),(352,402,85,'2017-08-23 02:58:47','4.',5,10,NULL,NULL),(353,403,248,'2017-08-23 02:58:47','4.',3,23,NULL,NULL),(354,404,124,'2017-08-23 02:58:47','2.',3,24,NULL,NULL),(355,405,248,'2017-08-23 02:58:47','3.',5,23,NULL,NULL),(356,406,59,'2017-08-23 02:58:47','1.',3,18,NULL,NULL),(357,407,132,'2017-08-23 02:58:47','2.',6,11,NULL,NULL),(358,408,39,'2017-08-23 02:58:47','2.',2,27,NULL,NULL),(359,409,266,'2017-08-23 02:58:47','2.',7,12,NULL,NULL),(360,410,86,'2017-08-23 02:58:47','3.',2,12,NULL,NULL),(361,411,180,'2017-08-23 02:58:47','4.',2,7,NULL,NULL),(362,412,149,'2017-08-17 05:03:09','3.',3,3,NULL,NULL),(363,413,232,'2017-08-23 02:58:47','3.',5,25,NULL,NULL),(364,414,45,'2017-09-08 10:52:17','4.',6,3,NULL,NULL),(365,415,28,'2017-08-23 02:58:47','1.',4,1,NULL,NULL),(366,416,183,'2017-08-23 02:58:47','4.',4,4,NULL,NULL),(367,417,219,'2017-08-23 02:58:47','3.',3,23,NULL,NULL),(368,418,14,'2017-08-23 02:58:47','3.',7,18,NULL,NULL),(369,419,89,'2017-08-23 02:58:47','3.',4,11,NULL,NULL),(370,420,239,'2017-08-23 02:58:47','4.',2,21,NULL,NULL),(371,421,216,'2017-08-23 02:58:47','3.',4,8,NULL,NULL),(372,422,50,'2017-08-23 02:58:47','4.',6,11,NULL,NULL),(373,423,104,'2017-08-23 02:58:47','2.',3,24,NULL,NULL),(374,424,39,'2017-08-23 02:58:47','4.',2,27,NULL,NULL),(375,425,229,'2017-08-23 02:58:47','1.',2,14,NULL,NULL),(376,426,71,'2017-08-23 02:58:47','1.',6,7,NULL,NULL),(377,427,25,'2017-08-23 02:58:47','1.',4,28,NULL,NULL),(378,428,252,'2017-08-23 02:58:47','1.',5,14,NULL,NULL),(379,429,65,'2017-08-23 02:58:47','2.',4,1,NULL,NULL),(380,430,85,'2017-08-23 02:58:47','1.',6,10,NULL,NULL),(381,431,51,'2017-08-23 02:58:47','3.',6,25,NULL,NULL),(382,432,200,'2017-08-23 02:58:47','2.',5,21,NULL,NULL),(383,433,46,'2017-08-23 02:58:47','1.',5,20,NULL,NULL),(384,434,123,'2017-08-23 02:58:47','3.',2,1,NULL,NULL),(385,435,193,'2017-08-23 02:58:47','3.',5,19,NULL,NULL),(386,436,109,'2017-08-23 02:58:47','2.',2,25,NULL,NULL),(387,437,160,'2017-08-23 02:58:47','4.',6,15,NULL,NULL),(388,438,9,'2017-08-23 02:58:47','1.',7,12,NULL,NULL),(389,439,121,'2017-08-23 02:58:47','3.',2,13,NULL,NULL),(390,440,173,'2017-08-23 02:58:47','3.',2,18,NULL,NULL),(391,441,151,'2017-08-23 02:58:47','3.',6,1,NULL,NULL),(392,442,139,'2017-08-23 02:58:47','2.',3,22,NULL,NULL),(393,443,173,'2017-08-23 02:58:47','3.',3,18,NULL,NULL),(394,444,49,'2017-08-23 02:58:47','4.',6,18,NULL,NULL),(395,445,235,'2017-08-23 02:58:47','4.',4,7,NULL,NULL),(396,446,120,'2017-08-23 02:58:47','4.',7,26,NULL,NULL),(397,447,28,'2017-08-23 02:58:47','3.',3,1,NULL,NULL),(398,448,229,'2017-08-23 02:58:47','2.',2,14,NULL,NULL),(399,449,267,'2017-08-23 02:58:47','3.',5,18,NULL,NULL),(400,450,73,'2017-08-23 02:58:47','3.',5,27,NULL,NULL),(401,451,273,'2017-08-23 02:58:47','2.',3,6,NULL,NULL),(402,452,54,'2017-08-23 02:58:47','1.',7,17,NULL,NULL),(403,453,260,'2017-08-23 02:58:47','1.',7,21,NULL,NULL),(404,454,119,'2017-08-23 02:58:47','3.',2,19,NULL,NULL),(405,455,193,'2017-08-23 02:58:47','2.',7,19,NULL,NULL),(406,456,149,'2017-08-23 02:58:47','4.',5,3,NULL,NULL),(407,457,125,'2017-08-23 02:58:47','3.',2,12,NULL,NULL),(408,458,21,'2017-08-23 02:58:47','2.',6,20,NULL,NULL),(409,459,181,'2017-08-23 02:58:47','1.',4,2,NULL,NULL),(410,460,81,'2017-08-23 02:58:47','2.',7,12,NULL,NULL),(411,461,258,'2017-08-23 02:58:47','1.',5,20,NULL,NULL),(412,462,166,'2017-08-23 02:58:47','2.',7,18,NULL,NULL),(413,463,269,'2017-08-23 02:58:47','2.',4,11,NULL,NULL),(414,464,229,'2017-08-23 02:58:47','1.',2,14,NULL,NULL),(415,465,46,'2017-08-23 02:58:47','2.',2,20,NULL,NULL),(416,466,234,'2017-08-23 02:58:47','4.',2,11,NULL,NULL),(417,467,236,'2017-08-23 02:58:47','1.',3,17,NULL,NULL),(418,468,45,'2017-08-23 02:58:47','1.',6,3,NULL,NULL),(419,469,158,'2017-08-17 05:03:09','3.',5,5,NULL,NULL),(420,470,219,'2017-08-23 02:58:47','2.',2,23,NULL,NULL),(421,471,173,'2017-08-23 02:58:47','4.',3,18,NULL,NULL),(422,472,235,'2017-08-23 02:58:47','2.',2,7,NULL,NULL),(423,473,115,'2017-08-23 02:58:47','4.',2,14,NULL,NULL),(424,474,224,'2017-08-23 02:58:47','3.',6,8,NULL,NULL),(425,475,112,'2017-08-23 02:58:47','3.',2,19,NULL,NULL),(426,476,77,'2017-08-23 02:58:47','1.',7,7,NULL,NULL),(427,477,104,'2017-08-23 02:58:47','2.',2,24,NULL,NULL),(428,478,239,'2017-08-23 02:58:47','2.',5,21,NULL,NULL),(429,479,176,'2017-08-23 02:58:47','2.',7,15,NULL,NULL),(430,480,100,'2017-08-23 02:58:47','1.',6,9,NULL,NULL),(431,481,219,'2017-08-23 02:58:47','4.',7,23,NULL,NULL),(432,482,20,'2017-08-23 02:58:47','2.',5,26,NULL,NULL),(433,483,16,'2017-08-23 02:58:47','2.',5,21,NULL,NULL),(434,484,141,'2017-08-23 02:58:47','3.',3,2,NULL,NULL),(435,485,119,'2017-08-23 02:58:47','3.',5,19,NULL,NULL),(436,486,174,'2017-08-23 02:58:47','3.',6,8,NULL,NULL),(437,487,57,'2017-08-23 02:58:47','4.',3,20,NULL,NULL),(438,488,90,'2017-08-23 02:58:47','4.',3,29,NULL,NULL),(439,489,215,'2017-08-23 02:58:47','1.',5,22,NULL,NULL),(440,490,243,'2017-08-17 05:03:09','4.',5,1,NULL,NULL),(441,491,165,'2017-08-23 02:58:47','1.',3,22,NULL,NULL),(442,492,67,'2017-08-23 02:58:47','2.',6,20,NULL,NULL),(443,493,136,'2017-08-23 02:58:47','1.',4,13,NULL,NULL),(444,494,264,'2017-08-23 02:58:47','3.',7,13,NULL,NULL),(445,495,35,'2017-08-23 02:58:47','3.',7,15,NULL,NULL),(446,496,243,'2017-08-23 02:58:47','3.',7,1,NULL,NULL),(447,497,152,'2017-08-23 02:58:47','2.',6,27,NULL,NULL),(448,498,137,'2017-08-23 02:58:47','2.',4,4,NULL,NULL),(449,499,57,'2017-08-23 02:58:47','3.',2,20,NULL,NULL),(450,500,185,'2017-08-23 02:58:47','2.',2,2,NULL,NULL),(451,501,238,'2017-08-23 02:58:47','4.',6,3,NULL,NULL),(452,502,4,'2017-08-23 02:58:47','4.',7,18,NULL,NULL),(453,503,100,'2017-08-23 02:58:47','2.',7,9,NULL,NULL),(454,504,105,'2017-08-23 02:58:47','2.',6,10,NULL,NULL),(455,505,166,'2017-08-23 02:58:47','3.',7,18,NULL,NULL),(456,506,130,'2017-08-23 02:58:47','4.',5,22,NULL,NULL),(457,507,60,'2017-08-23 02:58:47','2.',4,9,NULL,NULL),(458,508,221,'2017-08-23 02:58:47','4.',5,16,NULL,NULL),(459,509,122,'2017-08-23 02:58:47','3.',3,12,NULL,NULL),(460,510,207,'2017-08-23 02:58:47','4.',6,1,NULL,NULL),(461,511,215,'2017-08-23 02:58:47','4.',2,22,NULL,NULL),(462,512,185,'2017-08-23 02:58:47','2.',4,2,NULL,NULL),(463,513,244,'2017-08-23 02:58:47','2.',3,8,NULL,NULL),(464,514,139,'2017-08-23 02:58:47','4.',5,22,NULL,NULL),(465,515,15,'2017-08-23 02:58:47','2.',2,14,NULL,NULL),(466,516,190,'2017-08-23 02:58:47','1.',3,30,NULL,NULL),(467,517,103,'2017-08-23 02:58:47','1.',2,21,NULL,NULL),(468,518,219,'2017-08-23 02:58:47','4.',7,23,NULL,NULL),(469,519,178,'2017-08-23 02:58:47','3.',7,19,NULL,NULL),(470,520,138,'2017-08-23 02:58:47','3.',3,5,NULL,NULL),(471,521,217,'2017-08-23 02:58:47','2.',2,12,NULL,NULL),(472,522,236,'2017-08-23 02:58:47','1.',3,17,NULL,NULL),(473,523,192,'2017-08-23 02:58:47','3.',5,8,NULL,NULL),(474,524,93,'2017-08-23 02:58:47','4.',7,23,NULL,NULL),(475,525,241,'2017-08-23 02:58:47','3.',7,16,NULL,NULL),(476,526,202,'2017-08-23 02:58:47','4.',3,27,NULL,NULL),(477,527,100,'2017-08-23 02:58:47','4.',6,9,NULL,NULL),(478,528,70,'2017-08-23 02:58:47','4.',6,17,NULL,NULL),(479,529,58,'2017-08-23 02:58:47','3.',4,21,NULL,NULL),(480,530,19,'2017-08-23 02:58:47','2.',3,8,NULL,NULL),(481,531,244,'2017-08-23 02:58:47','3.',6,8,NULL,NULL),(482,532,23,'2017-08-23 02:58:47','1.',7,7,NULL,NULL),(483,533,143,'2017-08-23 02:58:47','1.',5,13,NULL,NULL),(484,534,170,'2017-08-23 02:58:47','2.',6,15,NULL,NULL),(485,535,55,'2017-09-08 10:47:49','4.',7,3,NULL,NULL),(486,536,267,'2017-08-23 02:58:47','1.',6,18,NULL,NULL),(487,537,184,'2017-09-08 11:00:32','3.2.',6,3,NULL,NULL),(488,538,253,'2017-08-23 02:58:47','2.',6,13,NULL,NULL),(489,539,174,'2017-08-23 02:58:47','4.',6,8,NULL,NULL),(490,540,68,'2017-08-23 02:58:47','1.',2,4,NULL,NULL),(491,541,50,'2017-08-23 02:58:47','3.',4,11,NULL,NULL),(492,542,21,'2017-08-23 02:58:47','4.',6,20,NULL,NULL),(493,543,59,'2017-08-23 02:58:47','3.',6,18,NULL,NULL),(494,544,149,'2017-08-23 02:58:47','3.',6,3,NULL,NULL),(495,545,99,'2017-08-23 02:58:47','3.',5,28,NULL,NULL),(496,546,153,'2017-08-23 02:58:47','1.',5,20,NULL,NULL),(497,547,112,'2017-08-23 02:58:47','2.',4,19,NULL,NULL),(498,548,2,'2017-08-23 02:58:47','4.',7,27,NULL,NULL),(499,549,96,'2017-08-23 02:58:47','4.',2,1,NULL,NULL),(500,550,228,'2017-08-23 02:58:47','1.',5,13,NULL,NULL),(501,551,93,'2017-08-23 02:58:47','1.',2,23,NULL,NULL),(502,552,111,'2017-08-23 02:58:47','4.',3,11,NULL,NULL),(503,553,28,'2017-08-23 02:58:47','3.',3,1,NULL,NULL),(504,554,110,'2017-08-23 02:58:47','2.',6,26,NULL,NULL),(505,555,146,'2017-08-23 02:58:47','2.',5,15,NULL,NULL),(506,556,130,'2017-08-23 02:58:47','3.',5,22,NULL,NULL),(507,557,81,'2017-08-23 02:58:47','3.',4,12,NULL,NULL),(508,558,120,'2017-08-23 02:58:47','4.',7,26,NULL,NULL),(509,559,244,'2017-08-23 02:58:47','3.',5,8,NULL,NULL),(510,560,33,'2017-08-23 02:58:47','4.',7,5,NULL,NULL),(511,561,73,'2017-08-23 02:58:47','4.',6,27,NULL,NULL),(512,562,41,'2017-08-23 02:58:47','2.',2,16,NULL,NULL),(513,563,165,'2017-08-23 02:58:47','3.',6,22,NULL,NULL),(514,564,254,'2017-08-23 02:58:47','2.',4,5,NULL,NULL),(515,565,59,'2017-08-23 02:58:47','4.',4,18,NULL,NULL),(516,566,158,'2017-08-23 02:58:47','3.',7,5,NULL,NULL),(517,567,223,'2017-08-23 02:58:47','3.',3,9,NULL,NULL),(518,568,89,'2017-08-23 02:58:47','3.',4,11,NULL,NULL),(519,569,120,'2017-08-23 02:58:47','1.',3,26,NULL,NULL),(520,570,224,'2017-08-23 02:58:47','1.',4,8,NULL,NULL),(521,571,129,'2017-08-23 02:58:47','4.',7,14,NULL,NULL),(522,572,122,'2017-08-23 02:58:47','3.',6,12,NULL,NULL),(523,573,255,'2017-08-23 02:58:47','2.',6,9,NULL,NULL),(524,574,106,'2017-08-23 02:58:47','4.',2,16,NULL,NULL),(525,575,146,'2017-08-23 02:58:47','2.',6,15,NULL,NULL),(526,576,244,'2017-08-23 02:58:47','1.',2,8,NULL,NULL),(527,577,115,'2017-08-23 02:58:47','1.',2,14,NULL,NULL),(528,578,23,'2017-08-23 02:58:47','2.',7,7,NULL,NULL),(529,579,3,'2017-08-23 02:58:47','2.',3,29,NULL,NULL),(530,580,215,'2017-08-23 02:58:47','1.',5,22,NULL,NULL),(531,581,86,'2017-08-23 02:58:47','3.',2,12,NULL,NULL),(532,582,38,'2017-08-23 02:58:47','1.',7,19,NULL,NULL),(533,583,97,'2017-08-23 02:58:47','1.',3,1,NULL,NULL),(534,584,18,'2017-08-23 02:58:47','4.',4,18,NULL,NULL),(535,585,153,'2017-08-23 02:58:47','3.',5,20,NULL,NULL),(536,586,215,'2017-08-23 02:58:47','2.',3,22,NULL,NULL),(537,587,47,'2017-08-23 02:58:47','4.',6,14,NULL,NULL),(538,588,265,'2017-08-23 02:58:47','3.',7,28,NULL,NULL),(539,589,147,'2017-08-17 05:03:09','1.',2,5,NULL,NULL),(540,590,184,'2017-09-09 07:23:11','4.',3,3,NULL,NULL),(541,591,109,'2017-08-23 02:58:47','1.',5,25,NULL,NULL),(542,592,15,'2017-08-23 02:58:47','4.',7,14,NULL,NULL),(543,593,105,'2017-08-23 02:58:47','2.',3,10,NULL,NULL),(544,594,268,'2017-08-23 02:58:47','2.',5,19,NULL,NULL),(545,595,201,'2017-08-23 02:58:47','4.',7,19,NULL,NULL),(546,596,10,'2017-08-23 02:58:47','2.',7,16,NULL,NULL),(547,597,34,'2017-08-23 02:58:47','3.',6,14,NULL,NULL),(548,598,210,'2017-08-23 02:58:47','3.',5,4,NULL,NULL),(549,599,99,'2017-08-23 02:58:47','1.',4,28,NULL,NULL),(550,600,178,'2017-08-23 02:58:47','1.',3,19,NULL,NULL),(551,601,185,'2017-08-17 05:03:09','2.',6,2,NULL,NULL),(552,602,209,'2017-08-23 02:58:47','4.',2,12,NULL,NULL),(553,603,272,'2017-08-23 02:58:47','4.',2,13,NULL,NULL),(554,604,243,'2017-08-23 02:58:47','2.',4,1,NULL,NULL),(555,605,171,'2017-08-23 02:58:47','4.',5,28,NULL,NULL),(556,606,253,'2017-08-23 02:58:47','4.',3,13,NULL,NULL),(557,607,257,'2017-08-23 02:58:47','4.',4,14,NULL,NULL),(558,608,161,'2017-08-23 02:58:47','2.',7,26,NULL,NULL),(559,609,113,'2017-08-23 02:58:47','1.',7,13,NULL,NULL),(560,610,52,'2017-08-23 02:58:47','2.',3,2,NULL,NULL),(561,611,141,'2017-08-17 05:03:09','4.',2,2,NULL,NULL),(562,612,262,'2017-08-23 02:58:47','3.',7,18,NULL,NULL),(563,613,225,'2017-08-23 02:58:47','2.',2,14,NULL,NULL),(564,614,247,'2017-08-23 02:58:47','1.',2,6,NULL,NULL),(565,615,19,'2017-08-23 02:58:47','1.',7,8,NULL,NULL),(566,616,187,'2017-08-23 02:58:47','4.',3,8,NULL,NULL),(567,617,92,'2017-08-23 02:58:47','1.',3,24,NULL,NULL),(568,618,99,'2017-08-23 02:58:47','4.',4,28,NULL,NULL),(569,619,64,'2017-08-23 02:58:47','1.',6,23,NULL,NULL),(570,620,40,'2017-08-23 02:58:47','3.',6,24,NULL,NULL),(571,621,73,'2017-08-23 02:58:47','1.',4,27,NULL,NULL),(572,622,196,'2017-08-23 02:58:47','1.',4,23,NULL,NULL),(573,623,218,'2017-08-23 02:58:47','3.',5,30,NULL,NULL),(574,624,56,'2017-08-23 02:58:47','2.',5,16,NULL,NULL),(575,625,221,'2017-08-23 02:58:47','2.',5,16,NULL,NULL),(576,626,223,'2017-08-23 02:58:47','2.',6,9,NULL,NULL),(577,627,79,'2017-08-23 02:58:47','4.',7,21,NULL,NULL),(578,628,151,'2017-08-23 02:58:47','1.',2,1,NULL,NULL),(579,629,236,'2017-08-23 02:58:47','4.',2,17,NULL,NULL),(580,630,271,'2017-08-23 02:58:47','4.',3,12,NULL,NULL),(581,631,241,'2017-08-23 02:58:47','3.',3,16,NULL,NULL),(582,632,263,'2017-08-23 02:58:47','1.',3,23,NULL,NULL),(583,633,17,'2017-08-23 02:58:47','2.',5,28,NULL,NULL),(584,634,102,'2017-08-23 02:58:47','1.',5,25,NULL,NULL),(585,635,226,'2017-08-23 02:58:47','2.',4,29,NULL,NULL),(586,636,39,'2017-08-23 02:58:47','2.',5,27,NULL,NULL),(587,637,44,'2017-08-23 02:58:47','4.',4,20,NULL,NULL),(588,638,227,'2017-08-23 02:58:47','4.',2,29,NULL,NULL),(589,639,76,'2017-08-23 02:58:47','4.',5,10,NULL,NULL),(590,640,180,'2017-08-23 02:58:47','3.',4,7,NULL,NULL),(591,641,162,'2017-08-23 02:58:47','4.',4,10,NULL,NULL),(592,642,213,'2017-08-23 02:58:47','2.',3,10,NULL,NULL),(593,643,147,'2017-08-17 05:03:09','1.',5,5,NULL,NULL),(594,644,270,'2017-08-23 02:58:47','1.',6,24,NULL,NULL),(595,645,243,'2017-08-23 02:58:47','2.',6,1,NULL,NULL),(596,646,175,'2017-08-23 02:58:47','4.',7,2,NULL,NULL),(597,647,213,'2017-08-23 02:58:47','2.',5,10,NULL,NULL),(598,648,240,'2017-08-23 02:58:47','3.',3,13,NULL,NULL),(599,649,149,'2017-09-08 10:58:08','4.',6,3,NULL,NULL),(600,650,1,'2017-08-23 02:58:47','4.',2,28,NULL,NULL),(601,651,236,'2017-08-23 02:58:47','4.',7,17,NULL,NULL),(602,652,127,'2017-08-23 02:58:47','3.',2,10,NULL,NULL),(603,653,188,'2017-08-23 02:58:47','4.',2,30,NULL,NULL),(604,654,71,'2017-08-23 02:58:47','4.',4,7,NULL,NULL),(605,655,47,'2017-08-23 02:58:47','3.',7,14,NULL,NULL),(606,656,129,'2017-08-23 02:58:47','2.',6,14,NULL,NULL),(607,657,142,'2017-08-23 02:58:47','1.',3,10,NULL,NULL),(608,658,106,'2017-08-23 02:58:47','1.',2,16,NULL,NULL),(609,659,263,'2017-08-23 02:58:47','4.',7,23,NULL,NULL),(610,660,110,'2017-08-23 02:58:47','2.',6,26,NULL,NULL),(611,661,189,'2017-08-23 02:58:47','1.',3,14,NULL,NULL),(612,662,215,'2017-08-23 02:58:47','2.',2,22,NULL,NULL),(613,663,67,'2017-08-23 02:58:47','4.',6,20,NULL,NULL),(614,664,182,'2017-08-23 02:58:47','1.',4,7,NULL,NULL),(615,665,157,'2017-08-23 02:58:47','3.',6,12,NULL,NULL),(616,666,128,'2017-08-23 02:58:47','4.',3,16,NULL,NULL),(617,667,144,'2017-08-23 02:58:47','3.',4,25,NULL,NULL),(618,668,254,'2017-08-23 02:58:47','1.',2,5,NULL,NULL),(619,669,85,'2017-08-23 02:58:47','2.',5,10,NULL,NULL),(620,670,202,'2017-08-23 02:58:47','4.',3,27,NULL,NULL),(621,671,151,'2017-08-23 02:58:47','4.',6,1,NULL,NULL),(622,672,9,'2017-08-23 02:58:47','3.',2,12,NULL,NULL),(623,673,26,'2017-08-23 02:58:47','1.',4,24,NULL,NULL),(624,674,110,'2017-08-23 02:58:47','4.',4,26,NULL,NULL),(625,675,166,'2017-08-23 02:58:47','4.',5,18,NULL,NULL),(626,676,189,'2017-08-23 02:58:47','4.',3,14,NULL,NULL),(627,677,242,'2017-08-23 02:58:47','4.',5,15,NULL,NULL),(628,678,236,'2017-08-23 02:58:47','2.',3,17,NULL,NULL),(629,679,249,'2017-08-23 02:58:47','4.',3,10,NULL,NULL),(630,680,191,'2017-08-23 02:58:47','4.',4,6,NULL,NULL),(631,681,100,'2017-08-23 02:58:47','3.',2,9,NULL,NULL),(632,682,34,'2017-08-23 02:58:47','1.',6,14,NULL,NULL),(633,683,229,'2017-08-23 02:58:47','1.',7,14,NULL,NULL),(634,684,170,'2017-08-23 02:58:47','1.',4,15,NULL,NULL),(635,685,157,'2017-08-23 02:58:47','3.',7,12,NULL,NULL),(636,686,58,'2017-08-23 02:58:47','1.',5,21,NULL,NULL),(637,687,191,'2017-08-23 02:58:47','3.',5,6,NULL,NULL),(638,688,51,'2017-08-23 02:58:47','4.',3,25,NULL,NULL),(639,689,197,'2017-08-23 02:58:47','4.',5,21,NULL,NULL),(640,690,271,'2017-08-23 02:58:47','1.',7,12,NULL,NULL),(641,691,42,'2017-08-23 02:58:47','1.',2,3,NULL,NULL),(642,692,102,'2017-08-23 02:58:47','2.',6,25,NULL,NULL),(643,693,256,'2017-08-23 02:58:47','3.',3,24,NULL,NULL),(644,694,69,'2017-08-23 02:58:47','2.',7,7,NULL,NULL),(645,695,169,'2017-08-23 02:58:47','1.',2,3,NULL,NULL),(646,696,170,'2017-08-23 02:58:47','3.',5,15,NULL,NULL),(647,697,194,'2017-08-23 02:58:47','3.',3,9,NULL,NULL),(648,698,158,'2017-08-23 02:58:47','1.',4,5,NULL,NULL),(649,699,4,'2017-08-23 02:58:47','3.',5,18,NULL,NULL),(650,700,72,'2017-08-23 02:58:47','3.',5,27,NULL,NULL),(651,701,221,'2017-08-23 02:58:47','1.',3,16,NULL,NULL),(652,702,196,'2017-08-23 02:58:47','4.',5,23,NULL,NULL),(653,703,168,'2017-08-23 02:58:47','1.',2,13,NULL,NULL),(654,704,15,'2017-08-23 02:58:47','1.',7,14,NULL,NULL),(655,705,218,'2017-08-23 02:58:47','2.',7,30,NULL,NULL),(656,706,271,'2017-08-23 02:58:47','1.',2,12,NULL,NULL),(657,707,171,'2017-08-23 02:58:47','4.',6,28,NULL,NULL),(658,708,268,'2017-08-23 02:58:47','2.',5,19,NULL,NULL),(659,709,198,'2017-08-23 02:58:47','3.',3,7,NULL,NULL),(660,710,134,'2017-08-23 02:58:47','2.',5,20,NULL,NULL),(661,711,204,'2017-08-23 02:58:47','4.',3,25,NULL,NULL),(662,712,181,'2017-08-23 02:58:47','2.',4,2,NULL,NULL),(663,713,19,'2017-08-23 02:58:47','2.',3,8,NULL,NULL),(664,714,105,'2017-08-23 02:58:47','2.',2,10,NULL,NULL),(665,715,99,'2017-08-23 02:58:47','2.',4,28,NULL,NULL),(666,716,92,'2017-08-23 02:58:47','3.',6,24,NULL,NULL),(667,717,80,'2017-08-23 02:58:47','2.',5,18,NULL,NULL),(668,718,47,'2017-08-23 02:58:47','2.',4,14,NULL,NULL),(669,719,254,'2017-08-17 05:03:09','2.',6,5,NULL,NULL),(670,720,57,'2017-08-23 02:58:47','3.',7,20,NULL,NULL),(671,721,117,'2017-08-23 02:58:47','2.',4,2,NULL,NULL),(672,722,61,'2017-08-23 02:58:47','3.',5,26,NULL,NULL),(673,723,175,'2017-08-23 02:58:47','3.',6,2,NULL,NULL),(674,724,29,'2017-08-23 02:58:47','1.',3,15,NULL,NULL),(675,725,161,'2017-08-23 02:58:47','1.',2,26,NULL,NULL),(676,726,140,'2017-08-23 02:58:47','1.',7,13,NULL,NULL),(677,727,31,'2017-08-23 02:58:47','4.',3,6,NULL,NULL),(678,728,229,'2017-08-23 02:58:47','2.',2,14,NULL,NULL),(679,729,125,'2017-08-23 02:58:47','1.',3,12,NULL,NULL),(680,730,206,'2017-08-23 02:58:47','1.',2,28,NULL,NULL),(681,731,201,'2017-08-23 02:58:47','2.',5,19,NULL,NULL),(682,732,106,'2017-08-23 02:58:47','4.',6,16,NULL,NULL),(683,733,105,'2017-08-23 02:58:47','3.',3,10,NULL,NULL),(684,734,178,'2017-08-23 02:58:47','2.',3,19,NULL,NULL),(685,735,168,'2017-08-23 02:58:47','3.',3,13,NULL,NULL),(686,736,49,'2017-08-23 02:58:47','1.',7,18,NULL,NULL),(687,737,19,'2017-08-23 02:58:47','3.',7,8,NULL,NULL),(688,738,48,'2017-08-23 02:58:47','2.',3,23,NULL,NULL),(689,739,179,'2017-08-23 02:58:47','3.',3,30,NULL,NULL),(690,740,102,'2017-08-23 02:58:47','1.',5,25,NULL,NULL),(691,741,254,'2017-08-23 02:58:47','4.',2,5,NULL,NULL),(692,742,231,'2017-08-23 02:58:47','1.',5,7,NULL,NULL),(693,743,181,'2017-08-23 02:58:47','3.',5,2,NULL,NULL),(694,744,106,'2017-08-23 02:58:47','4.',5,16,NULL,NULL),(695,745,192,'2017-08-23 02:58:47','3.',2,8,NULL,NULL),(696,746,165,'2017-08-23 02:58:47','3.',4,22,NULL,NULL),(697,747,196,'2017-08-23 02:58:47','2.',4,23,NULL,NULL),(698,748,156,'2017-08-23 02:58:47','2.',2,21,NULL,NULL),(699,749,16,'2017-08-23 02:58:47','4.',5,21,NULL,NULL),(700,750,180,'2017-08-23 02:58:47','3.',3,7,NULL,NULL),(701,751,157,'2017-08-23 02:58:47','1.',5,12,NULL,NULL),(702,752,251,'2017-08-23 02:58:47','3.',6,14,NULL,NULL),(703,753,138,'2017-08-17 05:03:09','2.',7,5,NULL,NULL),(704,754,208,'2017-08-23 02:58:47','1.',2,25,NULL,NULL),(705,755,50,'2017-08-23 02:58:47','3.',7,11,NULL,NULL),(706,756,27,'2017-08-23 02:58:47','4.',7,17,NULL,NULL),(707,757,70,'2017-08-23 02:58:47','2.',6,17,NULL,NULL),(708,758,100,'2017-08-23 02:58:47','3.',2,9,NULL,NULL),(709,759,261,'2017-08-23 02:58:47','3.',4,10,NULL,NULL),(710,760,85,'2017-08-23 02:58:47','2.',7,10,NULL,NULL),(711,761,190,'2017-08-23 02:58:47','4.',5,30,NULL,NULL),(712,762,93,'2017-08-23 02:58:47','4.',6,23,NULL,NULL),(713,763,45,'2017-09-08 10:12:35','4.5.',7,3,NULL,NULL),(714,764,204,'2017-08-23 02:58:47','4.',2,25,NULL,NULL),(715,765,174,'2017-08-23 02:58:47','3.',6,8,NULL,NULL),(716,766,14,'2017-08-23 02:58:47','1.',3,18,NULL,NULL),(717,767,247,'2017-08-23 02:58:47','3.',2,6,NULL,NULL),(718,768,81,'2017-08-23 02:58:47','1.',7,12,NULL,NULL),(719,769,79,'2017-08-23 02:58:47','3.',5,21,NULL,NULL),(720,770,36,'2017-08-23 02:58:47','1.',3,17,NULL,NULL),(721,771,104,'2017-08-23 02:58:47','2.',7,24,NULL,NULL),(722,772,139,'2017-08-23 02:58:47','4.',5,22,NULL,NULL),(723,773,246,'2017-08-23 02:58:47','3.',6,1,NULL,NULL),(724,774,111,'2017-08-23 02:58:47','3.',7,11,NULL,NULL),(725,775,111,'2017-08-23 02:58:47','1.',3,11,NULL,NULL),(726,776,94,'2017-08-23 02:58:47','4.',7,19,NULL,NULL),(727,777,65,'2017-08-23 02:58:47','2.',3,1,NULL,NULL),(728,778,80,'2017-08-23 02:58:47','4.',3,18,NULL,NULL),(729,779,2,'2017-08-23 02:58:47','1.',5,27,NULL,NULL),(730,780,204,'2017-08-23 02:58:47','4.',3,25,NULL,NULL),(731,781,227,'2017-08-23 02:58:47','3.',2,29,NULL,NULL),(732,782,9,'2017-08-23 02:58:47','1.',3,12,NULL,NULL),(733,783,265,'2017-08-23 02:58:47','4.',2,28,NULL,NULL),(734,784,204,'2017-08-23 02:58:47','2.',5,25,NULL,NULL),(735,785,129,'2017-08-23 02:58:47','2.',4,14,NULL,NULL),(736,786,38,'2017-08-23 02:58:47','2.',2,19,NULL,NULL),(737,787,1,'2017-08-23 02:58:47','3.',5,28,NULL,NULL),(738,788,184,'2017-08-23 02:58:47','2.',2,3,NULL,NULL),(739,789,23,'2017-08-23 02:58:47','1.',5,7,NULL,NULL),(740,790,56,'2017-08-23 02:58:47','1.',2,16,NULL,NULL),(741,791,209,'2017-08-23 02:58:47','2.',7,12,NULL,NULL),(742,792,87,'2017-08-23 02:58:47','4.',4,11,NULL,NULL),(743,793,236,'2017-08-23 02:58:47','2.',3,17,NULL,NULL),(744,794,171,'2017-08-23 02:58:47','2.',5,28,NULL,NULL),(745,795,2,'2017-08-23 02:58:47','2.',7,27,NULL,NULL),(746,796,267,'2017-08-23 02:58:47','1.',4,18,NULL,NULL),(747,797,67,'2017-08-23 02:58:47','4.',3,20,NULL,NULL),(748,798,3,'2017-08-23 02:58:47','1.',3,29,NULL,NULL),(749,799,74,'2017-08-23 02:58:47','3.',2,24,NULL,NULL),(750,800,22,'2017-08-23 02:58:47','1.',3,15,NULL,NULL),(751,801,262,'2017-08-23 02:58:47','1.',7,18,NULL,NULL),(752,802,245,'2017-08-23 02:58:47','3.',2,23,NULL,NULL),(753,803,239,'2017-08-23 02:58:47','4.',5,21,NULL,NULL),(754,804,241,'2017-08-23 02:58:47','3.',2,16,NULL,NULL),(755,805,85,'2017-08-23 02:58:47','3.',2,10,NULL,NULL),(756,806,8,'2017-08-23 02:58:47','1.',7,23,NULL,NULL),(757,807,184,'2017-09-08 11:32:38','2.',3,3,NULL,NULL),(758,808,164,'2017-08-23 02:58:47','2.',4,7,NULL,NULL),(759,809,111,'2017-08-23 02:58:47','4.',3,11,NULL,NULL),(760,810,37,'2017-08-23 02:58:47','4.',3,4,NULL,NULL),(761,811,167,'2017-08-23 02:58:47','1.',2,11,NULL,NULL),(762,812,117,'2017-08-23 02:58:47','4.',5,2,NULL,NULL),(763,813,154,'2017-08-23 02:58:47','1.',6,4,NULL,NULL),(764,814,5,'2017-08-23 02:58:47','1.',2,26,NULL,NULL),(765,815,86,'2017-08-23 02:58:47','2.',6,12,NULL,NULL),(766,816,118,'2017-08-23 02:58:47','4.',3,4,NULL,NULL),(767,817,244,'2017-08-23 02:58:47','4.',2,8,NULL,NULL),(768,818,210,'2017-08-23 02:58:47','2.',6,4,NULL,NULL),(769,819,86,'2017-08-23 02:58:47','2.',5,12,NULL,NULL),(770,820,3,'2017-08-23 02:58:47','1.',6,29,NULL,NULL),(771,821,247,'2017-08-23 02:58:47','1.',6,6,NULL,NULL),(772,822,84,'2017-08-23 02:58:47','2.',7,18,NULL,NULL),(773,823,216,'2017-08-23 02:58:47','1.',4,8,NULL,NULL),(774,824,85,'2017-08-23 02:58:47','2.',2,10,NULL,NULL),(775,825,237,'2017-08-23 02:58:47','4.',7,8,NULL,NULL),(776,826,267,'2017-08-23 02:58:47','1.',4,18,NULL,NULL),(777,827,42,'2017-08-23 02:58:47','2.',2,3,NULL,NULL),(778,828,134,'2017-08-23 02:58:47','1.',4,20,NULL,NULL),(779,829,231,'2017-08-23 02:58:47','1.',7,7,NULL,NULL),(780,830,165,'2017-08-23 02:58:47','2.',4,22,NULL,NULL),(781,831,212,'2017-08-23 02:58:47','3.',6,18,NULL,NULL),(782,832,149,'2017-08-23 02:58:47','3.',7,3,NULL,NULL),(783,833,73,'2017-08-23 02:58:47','2.',5,27,NULL,NULL),(784,834,9,'2017-08-23 02:58:47','2.',3,12,NULL,NULL),(785,835,61,'2017-08-23 02:58:47','2.',4,26,NULL,NULL),(786,836,10,'2017-08-23 02:58:47','4.',4,16,NULL,NULL),(787,837,142,'2017-08-23 02:58:47','3.',6,10,NULL,NULL),(788,838,221,'2017-08-23 02:58:47','4.',3,16,NULL,NULL),(789,839,261,'2017-08-23 02:58:47','1.',6,10,NULL,NULL),(790,840,254,'2017-08-23 02:58:47','1.',6,5,NULL,NULL),(791,841,160,'2017-08-23 02:58:47','3.',2,15,NULL,NULL),(792,842,239,'2017-08-23 02:58:47','4.',5,21,NULL,NULL),(793,843,88,'2017-08-23 02:58:47','4.',4,5,NULL,NULL),(794,844,193,'2017-08-23 02:58:47','2.',7,19,NULL,NULL),(795,845,249,'2017-08-23 02:58:47','4.',4,10,NULL,NULL),(796,846,208,'2017-08-23 02:58:47','3.',2,25,NULL,NULL),(797,847,44,'2017-08-23 02:58:47','3.',2,20,NULL,NULL),(798,848,174,'2017-08-23 02:58:47','3.',6,8,NULL,NULL),(799,849,52,'2017-08-23 02:58:47','3.',4,2,NULL,NULL),(800,850,197,'2017-08-23 02:58:47','2.',4,21,NULL,NULL),(801,851,195,'2017-08-23 02:58:47','2.',7,7,NULL,NULL),(802,852,239,'2017-08-23 02:58:47','3.',7,21,NULL,NULL),(803,853,23,'2017-08-23 02:58:47','4.',2,7,NULL,NULL),(804,854,6,'2017-08-23 02:58:47','1.',5,1,NULL,NULL),(805,855,165,'2017-08-23 02:58:47','2.',6,22,NULL,NULL),(806,856,134,'2017-08-23 02:58:47','4.',3,20,NULL,NULL),(807,857,2,'2017-08-23 02:58:47','1.',7,27,NULL,NULL),(808,858,6,'2017-08-23 02:58:47','2.',4,1,NULL,NULL),(809,859,8,'2017-08-23 02:58:47','4.',7,23,NULL,NULL),(810,860,89,'2017-08-23 02:58:47','4.',5,11,NULL,NULL),(811,861,111,'2017-08-23 02:58:47','2.',4,11,NULL,NULL),(812,862,6,'2017-08-23 02:58:47','4.',2,1,NULL,NULL),(813,863,208,'2017-08-23 02:58:47','3.',4,25,NULL,NULL),(814,864,18,'2017-08-23 02:58:47','4.',5,18,NULL,NULL),(815,865,164,'2017-08-23 02:58:47','1.',5,7,NULL,NULL),(816,866,217,'2017-08-23 02:58:47','2.',2,12,NULL,NULL),(817,867,179,'2017-08-23 02:58:47','4.',7,30,NULL,NULL),(818,868,48,'2017-08-23 02:58:47','1.',6,23,NULL,NULL),(819,869,234,'2017-08-23 02:58:47','1.',2,11,NULL,NULL),(820,870,207,'2017-08-23 02:58:47','2.',6,1,NULL,NULL),(821,871,112,'2017-08-23 02:58:47','1.',2,19,NULL,NULL),(822,872,64,'2017-08-23 02:58:47','3.',3,23,NULL,NULL),(823,873,119,'2017-08-23 02:58:47','3.',4,19,NULL,NULL),(824,874,38,'2017-08-23 02:58:47','1.',2,19,NULL,NULL),(825,875,129,'2017-08-23 02:58:47','4.',3,14,NULL,NULL),(826,876,105,'2017-08-23 02:58:47','1.',7,10,NULL,NULL),(827,877,269,'2017-08-23 02:58:47','2.',4,11,NULL,NULL),(828,878,47,'2017-08-23 02:58:47','3.',6,14,NULL,NULL),(829,879,125,'2017-08-23 02:58:47','1.',6,12,NULL,NULL),(830,880,29,'2017-08-23 02:58:47','2.',3,15,NULL,NULL),(831,881,9,'2017-08-23 02:58:47','3.',4,12,NULL,NULL),(832,882,62,'2017-08-23 02:58:47','4.',5,14,NULL,NULL),(833,883,270,'2017-08-23 02:58:47','2.',5,24,NULL,NULL),(834,884,106,'2017-08-23 02:58:47','1.',5,16,NULL,NULL),(835,885,30,'2017-08-23 02:58:47','4.',4,14,NULL,NULL),(836,886,222,'2017-08-17 05:03:09','4.',7,2,NULL,NULL),(837,887,48,'2017-08-23 02:58:47','2.',2,23,NULL,NULL),(838,888,252,'2017-08-23 02:58:47','1.',3,14,NULL,NULL),(839,889,38,'2017-08-23 02:58:47','4.',6,19,NULL,NULL),(840,890,70,'2017-08-23 02:58:47','1.',2,17,NULL,NULL),(841,891,248,'2017-08-23 02:58:47','2.',6,23,NULL,NULL),(842,892,96,'2017-08-23 02:58:47','2.',5,1,NULL,NULL),(843,893,105,'2017-08-23 02:58:47','4.',5,10,NULL,NULL),(844,894,192,'2017-08-23 02:58:47','3.',7,8,NULL,NULL),(845,895,17,'2017-08-23 02:58:47','2.',2,28,NULL,NULL),(846,896,135,'2017-08-23 02:58:47','1.',7,27,NULL,NULL),(847,897,129,'2017-08-23 02:58:47','4.',3,14,NULL,NULL),(848,898,51,'2017-08-23 02:58:47','1.',4,25,NULL,NULL),(849,899,186,'2017-08-23 02:58:47','2.',6,23,NULL,NULL),(850,900,114,'2017-08-23 02:58:47','3.',6,30,NULL,NULL),(851,901,37,'2017-08-23 02:58:47','2.',5,4,NULL,NULL),(852,902,119,'2017-08-23 02:58:47','3.',5,19,NULL,NULL),(853,903,183,'2017-08-17 05:03:09','3.',6,4,NULL,NULL),(854,904,161,'2017-08-23 02:58:47','4.',5,26,NULL,NULL),(855,905,101,'2017-08-23 02:58:47','1.',2,4,NULL,NULL),(856,906,179,'2017-08-23 02:58:47','1.',3,30,NULL,NULL),(857,907,10,'2017-08-23 02:58:47','2.',6,16,NULL,NULL),(858,908,220,'2017-08-23 02:58:47','4.',7,10,NULL,NULL),(859,909,133,'2017-08-23 02:58:47','3.',7,17,NULL,NULL),(860,910,242,'2017-08-23 02:58:47','2.',7,15,NULL,NULL),(861,911,249,'2017-08-23 02:58:47','3.',3,10,NULL,NULL),(862,912,121,'2017-08-23 02:58:47','3.',5,13,NULL,NULL),(863,913,164,'2017-08-23 02:58:47','2.',6,7,NULL,NULL),(864,914,120,'2017-08-23 02:58:47','4.',2,26,NULL,NULL),(865,915,145,'2017-08-23 02:58:47','2.',6,27,NULL,NULL),(866,916,33,'2017-08-23 02:58:47','1.',5,5,NULL,NULL),(867,917,19,'2017-08-23 02:58:47','3.',7,8,NULL,NULL),(868,918,30,'2017-08-23 02:58:47','3.',7,14,NULL,NULL),(869,919,22,'2017-08-23 02:58:47','4.',3,15,NULL,NULL),(870,920,228,'2017-08-23 02:58:47','3.',3,13,NULL,NULL),(871,921,48,'2017-08-23 02:58:47','1.',3,23,NULL,NULL),(872,922,245,'2017-08-23 02:58:47','4.',5,23,NULL,NULL),(873,923,167,'2017-08-23 02:58:47','2.',7,11,NULL,NULL),(874,924,120,'2017-08-23 02:58:47','2.',3,26,NULL,NULL),(875,925,146,'2017-08-23 02:58:47','4.',3,15,NULL,NULL),(876,926,129,'2017-08-23 02:58:47','2.',7,14,NULL,NULL),(877,927,235,'2017-08-23 02:58:47','3.',4,7,NULL,NULL),(878,928,82,'2017-08-23 02:58:47','1.',3,9,NULL,NULL),(879,929,241,'2017-08-23 02:58:47','3.',3,16,NULL,NULL),(880,930,168,'2017-08-23 02:58:47','2.',6,13,NULL,NULL),(881,931,154,'2017-08-23 02:58:47','4.',4,4,NULL,NULL),(882,932,216,'2017-08-23 02:58:47','3.',4,8,NULL,NULL),(883,933,91,'2017-08-23 02:58:47','3.2.',3,20,NULL,NULL),(884,934,72,'2017-08-23 02:58:47','2.',2,27,NULL,NULL),(885,935,155,'2017-08-23 02:58:47','2.',4,8,NULL,NULL),(886,936,206,'2017-08-23 02:58:47','4.',4,28,NULL,NULL),(887,937,99,'2017-08-23 02:58:47','3.',4,28,NULL,NULL),(888,938,265,'2017-08-23 02:58:47','3.',4,28,NULL,NULL),(889,939,167,'2017-08-23 02:58:47','4.',2,11,NULL,NULL),(890,940,137,'2017-08-17 05:03:09','1.',5,4,NULL,NULL),(891,941,20,'2017-08-23 02:58:47','3.',3,26,NULL,NULL),(892,942,144,'2017-08-23 02:58:47','3.',3,25,NULL,NULL),(893,943,3,'2017-08-23 02:58:47','3.',5,29,NULL,NULL),(894,944,24,'2017-08-23 02:58:47','3.',5,2,NULL,NULL),(895,945,9,'2017-08-23 02:58:47','3.',5,12,NULL,NULL),(896,946,209,'2017-08-23 02:58:47','1.',3,12,NULL,NULL),(897,947,9,'2017-08-23 02:58:47','2.',6,12,NULL,NULL),(898,948,260,'2017-08-23 02:58:47','3.',4,21,NULL,NULL),(899,949,12,'2017-08-23 02:58:47','1.',5,29,NULL,NULL),(900,950,17,'2017-08-23 02:58:47','3.',6,28,NULL,NULL),(901,951,213,'2017-08-23 02:58:47','3.',6,10,NULL,NULL),(902,952,96,'2017-08-23 02:58:47','2.',6,1,NULL,NULL),(903,953,202,'2017-08-23 02:58:47','3.',7,27,NULL,NULL),(904,954,87,'2017-08-23 02:58:47','3.',6,11,NULL,NULL),(905,955,70,'2017-08-23 02:58:47','1.',7,17,NULL,NULL),(906,956,226,'2017-08-23 02:58:47','2.',5,29,NULL,NULL),(907,957,23,'2017-08-23 02:58:47','3.',7,7,NULL,NULL),(908,958,264,'2017-08-23 02:58:47','4.',5,13,NULL,NULL),(909,959,198,'2017-08-23 02:58:47','1.',3,7,NULL,NULL),(910,960,181,'2017-08-23 02:58:47','3.',6,2,NULL,NULL),(911,961,75,'2017-08-23 02:58:47','4.',3,12,NULL,NULL),(912,962,12,'2017-08-23 02:58:47','3.',3,29,NULL,NULL),(913,963,239,'2017-08-23 02:58:47','2.',3,21,NULL,NULL),(914,964,76,'2017-08-23 02:58:47','3.',7,10,NULL,NULL),(915,965,23,'2017-08-23 02:58:47','3.',7,7,NULL,NULL),(916,966,176,'2017-08-23 02:58:47','3.',6,15,NULL,NULL),(917,967,78,'2017-08-23 02:58:47','1.',6,14,NULL,NULL),(918,968,104,'2017-08-23 02:58:47','3.',3,24,NULL,NULL),(919,969,210,'2017-08-23 02:58:47','1.',6,4,NULL,NULL),(920,970,48,'2017-08-23 02:58:47','4.',7,23,NULL,NULL),(921,971,75,'2017-08-23 02:58:47','3.',3,12,NULL,NULL),(922,972,113,'2017-08-23 02:58:47','1.',7,13,NULL,NULL),(923,973,200,'2017-08-23 02:58:47','4.',2,21,NULL,NULL),(924,974,228,'2017-08-23 02:58:47','4.',7,13,NULL,NULL),(925,975,47,'2017-08-23 02:58:47','1.',3,14,NULL,NULL),(926,976,171,'2017-08-23 02:58:47','3.',6,28,NULL,NULL),(927,977,248,'2017-08-23 02:58:47','2.',6,23,NULL,NULL),(1024,54,261,'2017-08-23 02:58:47','1.',NULL,10,NULL,NULL),(1025,424,21,'2017-08-23 02:58:47','4.2.',NULL,20,NULL,'sdfsd'),(1026,65,69,'2017-08-23 02:58:47','2.',NULL,7,NULL,NULL),(1027,65,21,'2017-08-23 02:58:47','2.',NULL,20,NULL,NULL),(1039,1056,0,'2017-08-23 02:58:47','1.',0,NULL,NULL,NULL),(1040,1057,0,'2017-08-23 03:24:01','1.',0,0,NULL,NULL),(1041,1058,0,'2017-08-23 03:30:11','1.',0,3,NULL,NULL),(1042,1059,0,'2017-08-23 04:13:17','1.',0,3,NULL,NULL),(1043,1145,69,'2017-08-29 07:49:49','2.',0,3,NULL,NULL),(1044,1146,0,'2017-09-04 22:10:34','1.',0,0,NULL,NULL),(1045,1147,0,'2017-09-04 23:55:07','1.',0,0,NULL,NULL),(1046,1148,0,'2017-09-05 01:01:56','1.',0,0,NULL,NULL);
/*!40000 ALTER TABLE `LAMARAN` ENABLE KEYS */;
UNLOCK TABLES;

--
-- Table structure for table `LAMARAN_ASURANSI`
--

DROP TABLE IF EXISTS `LAMARAN_ASURANSI`;
/*!40101 SET @saved_cs_client     = @@character_set_client */;
/*!40101 SET character_set_client = utf8 */;
CREATE TABLE `LAMARAN_ASURANSI` (
  `ASURANSI_ID` int(11) NOT NULL AUTO_INCREMENT,
  `ASURANSI_DATE` date NOT NULL,
  `ASURANSI_LK` varchar(11) NOT NULL,
  `ASURANSI_AKUN` varchar(45) NOT NULL,
  `ASURANSI_URAIAN` text NOT NULL,
  `DOKUMEN_ID` varchar(45) NOT NULL,
  `JOB_ID` int(11) NOT NULL,
  `PENGGUNA_ID` int(11) NOT NULL,
  `LAMARAN_ID` int(11) NOT NULL,
  PRIMARY KEY (`ASURANSI_ID`)
) ENGINE=InnoDB AUTO_INCREMENT=15 DEFAULT CHARSET=utf8;
/*!40101 SET character_set_client = @saved_cs_client */;

--
-- Dumping data for table `LAMARAN_ASURANSI`
--

LOCK TABLES `LAMARAN_ASURANSI` WRITE;
/*!40000 ALTER TABLE `LAMARAN_ASURANSI` DISABLE KEYS */;
INSERT INTO `LAMARAN_ASURANSI` VALUES (1,'2017-08-17','2','ASF','ASF','0',2,5,67),(2,'2017-08-14','2','sdfs','sdfsd','0',7,4,66),(3,'2017-08-14','2','sdf','sf','0',5,5,61),(4,'2017-08-14','2','sdf','sdfsf','0',5,10,3),(5,'2017-08-15','4','1234','tes','0',2,40,2),(6,'2017-08-17','3','98989','89SFSDFSF','0',20,60,10),(7,'2017-08-17','1','3434sdfs','sdfs','0',187,57,7),(8,'2017-08-01','4','34r24','asfsf','0',21,424,1025),(9,'2017-08-01','2','3434','sdfsdf','0',210,68,18),(13,'2017-08-30','2','99889','oke','0',248,69,19),(14,'2017-09-13','2','12','12','0',184,590,540);
/*!40000 ALTER TABLE `LAMARAN_ASURANSI` ENABLE KEYS */;
UNLOCK TABLES;

--
-- Table structure for table `LAMARAN_BERANGKAT`
--

DROP TABLE IF EXISTS `LAMARAN_BERANGKAT`;
/*!40101 SET @saved_cs_client     = @@character_set_client */;
/*!40101 SET character_set_client = utf8 */;
CREATE TABLE `LAMARAN_BERANGKAT` (
  `PEMBERANGKATAN_ID` int(11) NOT NULL AUTO_INCREMENT,
  `BANDARA_START` varchar(11) DEFAULT NULL,
  `BANDARA_END` varchar(100) DEFAULT NULL,
  `PEMBERANGKATAN_MASKAPAI` varchar(100) DEFAULT NULL,
  `PENGGUNA_ID` varchar(100) DEFAULT NULL,
  `JOB_ID` varchar(100) DEFAULT NULL,
  `LAMARAN_ID` varchar(100) DEFAULT NULL,
  `DOKUMEN_ID` varchar(150) DEFAULT NULL,
  `PEMBERANGKATAN_DATE` date DEFAULT NULL,
  PRIMARY KEY (`PEMBERANGKATAN_ID`)
) ENGINE=InnoDB AUTO_INCREMENT=32 DEFAULT CHARSET=latin1;
/*!40101 SET character_set_client = @saved_cs_client */;

--
-- Dumping data for table `LAMARAN_BERANGKAT`
--

LOCK TABLES `LAMARAN_BERANGKAT` WRITE;
/*!40000 ALTER TABLE `LAMARAN_BERANGKAT` DISABLE KEYS */;
INSERT INTO `LAMARAN_BERANGKAT` VALUES (0,'berlangkat','2017-08-16','berangkat','11','1','75',NULL,'0000-00-00'),(5,'asdfas','2017-08-31',NULL,'5','5','61',NULL,'0000-00-00'),(6,'asdfas','2017-08-31',NULL,'5','5','61',NULL,'0000-00-00'),(8,'sdfs','2017-08-14','SDFSFA','5','2','67',NULL,'2017-08-15'),(9,'','','','','','',NULL,'0000-00-00'),(10,'dfsdfs','2017-08-31','asfasf','10','5','3',NULL,'0000-00-00'),(11,'asdfs','2017-08-26','sf','4','7','66',NULL,'0000-00-00'),(12,'dfsdfs','2017-08-31','asfasf','10','5','3',NULL,'0000-00-00'),(13,'tes','2017-08-16','tes','40','2','2',NULL,'0000-00-00'),(14,'tes','2017-08-16','tes','5','1','1',NULL,'0000-00-00'),(16,'','','','118','443','74',NULL,'0000-00-00'),(17,'','','','118','443','74',NULL,'0000-00-00'),(18,'berlangkat','','berangkat','125','1','75',NULL,'0000-00-00'),(19,'tes','2017-08-17','tes','243','78','193',NULL,'0000-00-00'),(20,'tes','2017-08-17','tes','243','78','193',NULL,'0000-00-00'),(21,'ASDFASF','2017-08-17','ASFSF','59','16','9',NULL,'0000-00-00'),(22,'ASDFASF','2017-08-17','ASFSF','59','16','9',NULL,'0000-00-00'),(23,'ASDFASF','2017-08-17','ASFSF','63','9','13',NULL,'0000-00-00'),(24,'tes','2017-08-17','-','933','91','883',NULL,'0000-00-00'),(25,'adada','2017-08-11','asdad','424','21','1025',NULL,'0000-00-00'),(26,'jsksksk','2017-08-01','asdfsf','60','20','10',NULL,'0000-00-00'),(27,'sdfsdf','2017-08-18','sdfsf','57','187','7',NULL,'0000-00-00'),(28,'sdfs','2017-09-12','sfsf','537','184','487',NULL,'0000-00-00'),(29,'BANDRARA SO','King Abdul Aziz','NAM AIR','590','184','540',NULL,'2017-09-13'),(30,'BANDRARA SO','King Abdul Aziz','NAM AIR','590','184','540',NULL,'2017-09-13'),(31,'BANDRARA SO','King Abdul Aziz','NAM AIR','590','184','540',NULL,'2017-09-13');
/*!40000 ALTER TABLE `LAMARAN_BERANGKAT` ENABLE KEYS */;
UNLOCK TABLES;

--
-- Table structure for table `LAMARAN_BNP2TKI`
--

DROP TABLE IF EXISTS `LAMARAN_BNP2TKI`;
/*!40101 SET @saved_cs_client     = @@character_set_client */;
/*!40101 SET character_set_client = utf8 */;
CREATE TABLE `LAMARAN_BNP2TKI` (
  `BNP2TKI_ID` int(11) NOT NULL AUTO_INCREMENT,
  `LAMARAN_ID` varchar(100) DEFAULT NULL,
  `JOB_ID` varchar(100) DEFAULT NULL,
  `PENGGUNA_ID` varchar(100) DEFAULT NULL,
  `BNP2TKI_DATE` varchar(100) DEFAULT NULL,
  `BNP2TKI_URAIAN` varchar(100) DEFAULT NULL,
  `BNP2TKI_TKI_ID` varchar(100) DEFAULT NULL,
  PRIMARY KEY (`BNP2TKI_ID`)
) ENGINE=InnoDB AUTO_INCREMENT=37 DEFAULT CHARSET=latin1;
/*!40101 SET character_set_client = @saved_cs_client */;

--
-- Dumping data for table `LAMARAN_BNP2TKI`
--

LOCK TABLES `LAMARAN_BNP2TKI` WRITE;
/*!40000 ALTER TABLE `LAMARAN_BNP2TKI` DISABLE KEYS */;
INSERT INTO `LAMARAN_BNP2TKI` VALUES (28,'2','2','40','2017-08-15','OKELAH','90898998979'),(29,'66','7','4','2017-08-24','SDFSDFSDF','KIU'),(30,'2','2','40','2017-08-15','OKELAH','90898998979'),(31,'3','5','10','2017-08-16','ASFSDF','080898'),(32,'10','20','60','2017-08-18','SDFSDF','SFSDF'),(33,'7','187','57','2017-08-18','dfsdf','sdfs'),(34,'1025','21','424','2017-08-02','sdfsdf','sdfsd'),(35,'18','210','68','2017-08-11','ertert','ertert'),(36,'19','248','69','2017-08-30','kamu saya tetapkan','29839828');
/*!40000 ALTER TABLE `LAMARAN_BNP2TKI` ENABLE KEYS */;
UNLOCK TABLES;

--
-- Table structure for table `LAMARAN_HILANG`
--

DROP TABLE IF EXISTS `LAMARAN_HILANG`;
/*!40101 SET @saved_cs_client     = @@character_set_client */;
/*!40101 SET character_set_client = utf8 */;
CREATE TABLE `LAMARAN_HILANG` (
  `JOB_ID` varchar(100) DEFAULT NULL,
  `PENGGUNA_ID` varchar(100) DEFAULT NULL,
  `RIWAYAT_DATE` date DEFAULT NULL,
  `RIWAYAT_ID` int(100) NOT NULL AUTO_INCREMENT,
  `LAMARAN_ID` varchar(100) DEFAULT NULL,
  `RIWAYAT_KETERANGAN` varchar(100) DEFAULT NULL,
  `STATUS_ID` varchar(100) DEFAULT NULL,
  PRIMARY KEY (`RIWAYAT_ID`)
) ENGINE=InnoDB AUTO_INCREMENT=4 DEFAULT CHARSET=latin1;
/*!40101 SET character_set_client = @saved_cs_client */;

--
-- Dumping data for table `LAMARAN_HILANG`
--

LOCK TABLES `LAMARAN_HILANG` WRITE;
/*!40000 ALTER TABLE `LAMARAN_HILANG` DISABLE KEYS */;
INSERT INTO `LAMARAN_HILANG` VALUES ('187','57','2017-08-01',1,'7','sdfsdf','4.4.'),('169','295','2017-09-14',2,'245','SDF','4.4.'),('184','590','2017-09-12',3,'540','sdf','4.4.');
/*!40000 ALTER TABLE `LAMARAN_HILANG` ENABLE KEYS */;
UNLOCK TABLES;

--
-- Table structure for table `LAMARAN_KASUS`
--

DROP TABLE IF EXISTS `LAMARAN_KASUS`;
/*!40101 SET @saved_cs_client     = @@character_set_client */;
/*!40101 SET character_set_client = utf8 */;
CREATE TABLE `LAMARAN_KASUS` (
  `JOB_ID` varchar(100) DEFAULT NULL,
  `PENGGUNA_ID` varchar(100) DEFAULT NULL,
  `RIWAYAT_DATE` date DEFAULT NULL,
  `RIWAYAT_ID` int(100) NOT NULL AUTO_INCREMENT,
  `LAMARAN_ID` varchar(100) DEFAULT NULL,
  `RIWAYAT_KETERANGAN` varchar(100) DEFAULT NULL,
  `STATUS_ID` varchar(100) DEFAULT NULL,
  `ALASANKASUS_ID` varchar(100) DEFAULT NULL,
  `RIWAYAT_TEXT` varchar(100) DEFAULT NULL,
  PRIMARY KEY (`RIWAYAT_ID`)
) ENGINE=InnoDB AUTO_INCREMENT=14 DEFAULT CHARSET=latin1;
/*!40101 SET character_set_client = @saved_cs_client */;

--
-- Dumping data for table `LAMARAN_KASUS`
--

LOCK TABLES `LAMARAN_KASUS` WRITE;
/*!40000 ALTER TABLE `LAMARAN_KASUS` DISABLE KEYS */;
INSERT INTO `LAMARAN_KASUS` VALUES ('238','58','2017-09-11',12,'6','ZDFSDF','4.5.','2','Sakit Keras'),('184','590','2017-09-12',13,'540','SDFSDF','4.5.','2','Sakit Keras');
/*!40000 ALTER TABLE `LAMARAN_KASUS` ENABLE KEYS */;
UNLOCK TABLES;

--
-- Table structure for table `LAMARAN_LK`
--

DROP TABLE IF EXISTS `LAMARAN_LK`;
/*!40101 SET @saved_cs_client     = @@character_set_client */;
/*!40101 SET character_set_client = utf8 */;
CREATE TABLE `LAMARAN_LK` (
  `LLK_ID` int(11) NOT NULL AUTO_INCREMENT,
  `LK_ID` int(11) NOT NULL,
  `JOB_ID` int(11) NOT NULL,
  `PENGGUNA_ID` int(11) NOT NULL,
  `LAMARAN_ID` int(11) NOT NULL,
  `LK_AKUN` varchar(255) NOT NULL,
  `LK_URAIAN` varchar(255) NOT NULL,
  `DOKUMEN_ID` int(11) NOT NULL,
  `LK_DATE` date NOT NULL,
  PRIMARY KEY (`LLK_ID`)
) ENGINE=InnoDB AUTO_INCREMENT=11 DEFAULT CHARSET=utf8;
/*!40101 SET character_set_client = @saved_cs_client */;

--
-- Dumping data for table `LAMARAN_LK`
--

LOCK TABLES `LAMARAN_LK` WRITE;
/*!40000 ALTER TABLE `LAMARAN_LK` DISABLE KEYS */;
INSERT INTO `LAMARAN_LK` VALUES (1,2,5,10,3,'3434','SDFSDF',45,'2017-08-16'),(2,3,5,5,61,'75757','JHJJHJ',46,'2017-08-16'),(3,2,2,40,2,'123','tes',0,'2017-08-15'),(4,3,7,4,66,'3434','SDFSDFSDF',57,'2017-08-16'),(5,4,20,60,10,'34343','SDFSFSD',156,'2017-08-18'),(6,5,187,57,7,'545','SFS',161,'2017-08-24'),(7,2,21,424,1025,'3434','sdfsf',176,'2017-08-01'),(8,3,210,68,18,'3434','sdfsdf',178,'2017-08-10'),(9,3,248,69,19,'9393993','skkdfkdfkfkd',207,'2017-08-30'),(10,3,184,590,540,'12','sdf',212,'2017-09-13');
/*!40000 ALTER TABLE `LAMARAN_LK` ENABLE KEYS */;
UNLOCK TABLES;

--
-- Table structure for table `LAMARAN_MEDICALPRA`
--

DROP TABLE IF EXISTS `LAMARAN_MEDICALPRA`;
/*!40101 SET @saved_cs_client     = @@character_set_client */;
/*!40101 SET character_set_client = utf8 */;
CREATE TABLE `LAMARAN_MEDICALPRA` (
  `MEDICAL_ID` int(11) NOT NULL AUTO_INCREMENT,
  `MEDICAL_SARANA` varchar(11) DEFAULT NULL,
  `MEDICAL_PEMERIKSAAN` varchar(100) DEFAULT NULL,
  `MEDICAL_HASIL` varchar(100) DEFAULT NULL,
  `MEDICAL_FILE` varchar(100) DEFAULT NULL,
  `ID` varchar(100) DEFAULT NULL,
  `MEDICAL_STATUS` varchar(100) DEFAULT NULL,
  `PENGGUNA_ID` varchar(100) DEFAULT NULL,
  `JOB_ID` varchar(100) DEFAULT NULL,
  `LAMARAN_ID` varchar(100) DEFAULT NULL,
  `DOKUMEN_ID` varchar(150) DEFAULT NULL,
  PRIMARY KEY (`MEDICAL_ID`)
) ENGINE=InnoDB AUTO_INCREMENT=53 DEFAULT CHARSET=latin1;
/*!40101 SET character_set_client = @saved_cs_client */;

--
-- Dumping data for table `LAMARAN_MEDICALPRA`
--

LOCK TABLES `LAMARAN_MEDICALPRA` WRITE;
/*!40000 ALTER TABLE `LAMARAN_MEDICALPRA` DISABLE KEYS */;
INSERT INTO `LAMARAN_MEDICALPRA` VALUES (30,'2','08/14/2017','1',NULL,'67','1','5','2','67','32'),(31,'3','08/14/2017','1',NULL,'3','1','10','5','3','33'),(32,'2','08/14/2017','1',NULL,'61','','5','5','61','37'),(33,'3','08/16/2017','1',NULL,'61','1','5','5','61','38'),(34,'1','08/15/2017','1','','3','','10','5','3','58'),(35,'2','08/15/2017','1','','2','','40','2','2','52'),(36,'3','08/22/2017','0',NULL,'2','1','40','2','2','0'),(37,'','','0',NULL,'1','','5','1','1','0'),(38,'1','08/16/2017','1',NULL,'1','1','5','1','1','0'),(39,'1','08/01/2017','1',NULL,'10','','60','20','10','147'),(40,'2','08/17/2017','1',NULL,'10','1','60','20','10','153'),(41,'1','08/17/2017','1',NULL,'7','','57','187','7','154'),(42,'1','08/17/2017','1','','7','1','57','187','7','163'),(43,'3','08/17/2017','1',NULL,'75','','125','140','75','159'),(44,'2','08/17/2017','1',NULL,'90','','140','24','90','160'),(45,'1','08/01/2017','1',NULL,'1025','','424','21','1025','174'),(46,'2','08/01/2017','1',NULL,'1025','1','424','21','1025','175'),(47,'2','08/01/2017','1',NULL,'18','','58','210','18','180'),(48,'3','08/11/2017','1',NULL,'18','1','58','210','18','181'),(49,'1','08/01/2017','1',NULL,'19','1','69','248','19','205'),(50,'2','08/30/2017','1',NULL,'19','','69','248','19','206'),(51,'1','09/12/2017','1',NULL,'540','','590','184','540','210'),(52,'2','09/13/2017','1',NULL,'540','1','590','184','540','211');
/*!40000 ALTER TABLE `LAMARAN_MEDICALPRA` ENABLE KEYS */;
UNLOCK TABLES;

--
-- Table structure for table `LAMARAN_PEMBEKALAN`
--

DROP TABLE IF EXISTS `LAMARAN_PEMBEKALAN`;
/*!40101 SET @saved_cs_client     = @@character_set_client */;
/*!40101 SET character_set_client = utf8 */;
CREATE TABLE `LAMARAN_PEMBEKALAN` (
  `PEMBEKALAN_ID` int(11) NOT NULL AUTO_INCREMENT,
  `PEMBEKALAN_URAIAN` varchar(255) NOT NULL,
  `JOB_ID` varchar(11) NOT NULL,
  `LAMARAN_ID` varchar(11) NOT NULL,
  `PENGGUNA_ID` int(11) NOT NULL,
  `PEMBEKALAN_START` date DEFAULT NULL,
  `PEMBEKALAN_END` date DEFAULT NULL,
  PRIMARY KEY (`PEMBEKALAN_ID`)
) ENGINE=InnoDB AUTO_INCREMENT=2 DEFAULT CHARSET=utf8;
/*!40101 SET character_set_client = @saved_cs_client */;

--
-- Dumping data for table `LAMARAN_PEMBEKALAN`
--

LOCK TABLES `LAMARAN_PEMBEKALAN` WRITE;
/*!40000 ALTER TABLE `LAMARAN_PEMBEKALAN` DISABLE KEYS */;
INSERT INTO `LAMARAN_PEMBEKALAN` VALUES (1,'SDFSDF','184','540',590,'2017-09-12','2017-09-29');
/*!40000 ALTER TABLE `LAMARAN_PEMBEKALAN` ENABLE KEYS */;
UNLOCK TABLES;

--
-- Table structure for table `LAMARAN_PERJANJIAN`
--

DROP TABLE IF EXISTS `LAMARAN_PERJANJIAN`;
/*!40101 SET @saved_cs_client     = @@character_set_client */;
/*!40101 SET character_set_client = utf8 */;
CREATE TABLE `LAMARAN_PERJANJIAN` (
  `PERJANJIAN_ID` int(11) NOT NULL AUTO_INCREMENT,
  `LAMARAN_ID` varchar(100) DEFAULT NULL,
  `JOB_ID` varchar(100) DEFAULT NULL,
  `PENGGUNA_ID` varchar(100) DEFAULT NULL,
  `PERJANJIAN_DATE` varchar(100) DEFAULT NULL,
  `PERJANJIAN_URAIAN` varchar(100) DEFAULT NULL,
  `PERJANJIAN_START` date DEFAULT NULL,
  `PERJANJIAN_END` date DEFAULT NULL,
  `DOKUMEN_ID` varchar(100) DEFAULT NULL,
  PRIMARY KEY (`PERJANJIAN_ID`)
) ENGINE=InnoDB AUTO_INCREMENT=29 DEFAULT CHARSET=latin1;
/*!40101 SET character_set_client = @saved_cs_client */;

--
-- Dumping data for table `LAMARAN_PERJANJIAN`
--

LOCK TABLES `LAMARAN_PERJANJIAN` WRITE;
/*!40000 ALTER TABLE `LAMARAN_PERJANJIAN` DISABLE KEYS */;
INSERT INTO `LAMARAN_PERJANJIAN` VALUES (5,'66','7','4','08/14/2017','sfddf',NULL,NULL,NULL),(6,'61','5','5','2017-08-30','asfsdfsdSF','2017-08-02','2017-08-31',NULL),(7,'3','5','10','2017-08-15','ASFSFSDF','2017-08-16','2017-08-24',NULL),(8,'62','5','4','2017-08-16','asdfasf','2017-08-16','2017-08-31',NULL),(9,'67','2','5','2017-08-09','sdfsdf','2017-08-09','2017-08-16',NULL),(10,'2','2','40','2017-08-15','tes','2017-05-16','2017-12-30',NULL),(11,'74','1','3','2017-08-16','ASFASFASFASDF','2017-08-17','2017-08-17',NULL),(12,'10','20','60','2017-08-17','SDFSDF','2017-08-10','2017-08-18',NULL),(13,'7','187','57','2017-08-17','ADFSDF','2017-08-18','2017-08-17',NULL),(14,'19','248','69','2017-08-17','SDFS','2017-08-18','2017-08-14',NULL),(15,'46','49','96','2017-08-17','dsfsf','2017-08-18','2017-08-18',NULL),(16,'18','210','68','2017-08-18','sdfsdf','2017-08-19','2017-08-17',NULL),(17,'1025','21','424','2017-08-01','sdsasdfsf','2017-08-09','2017-08-10',NULL),(18,'1025','21','424','2017-08-04','awdqweqwe','2017-08-19','2017-08-11',NULL),(19,'1025','21','424','2017-08-01','sdfsdf','2017-08-19','2017-08-01',NULL),(20,'166','149','216','2017-09-15','SDFSF','2017-09-15','2017-09-21',NULL),(21,'487','184','537','2017-09-12','sdfsdf','2017-09-14','2018-02-28',NULL),(22,'540','184','590','2017-09-13','sdfsdf','2017-09-13','2017-09-14',NULL),(26,'540','184','590','2017-09-13','sdfsdf','2017-09-13','2017-09-30',NULL),(27,'782','149','832','2017-09-12','sdf','2017-09-22','2018-02-28',NULL),(28,'540','184','590','2017-09-01','SSDF','2017-09-13','2018-02-28',NULL);
/*!40000 ALTER TABLE `LAMARAN_PERJANJIAN` ENABLE KEYS */;
UNLOCK TABLES;

--
-- Table structure for table `LAMARAN_PINDAH`
--

DROP TABLE IF EXISTS `LAMARAN_PINDAH`;
/*!40101 SET @saved_cs_client     = @@character_set_client */;
/*!40101 SET character_set_client = utf8 */;
CREATE TABLE `LAMARAN_PINDAH` (
  `JOB_ID` varchar(100) DEFAULT NULL,
  `PENGGUNA_ID` varchar(100) DEFAULT NULL,
  `RIWAYAT_DATE` date DEFAULT NULL,
  `RIWAYAT_ID` int(100) NOT NULL AUTO_INCREMENT,
  `LAMARAN_ID` varchar(100) DEFAULT NULL,
  `RIWAYAT_KETERANGAN` varchar(100) DEFAULT NULL,
  `STATUS_ID` varchar(100) DEFAULT NULL,
  `ALASANPINDAH_ID` varchar(100) DEFAULT NULL,
  `RIWAYAT_TEXT` varchar(100) DEFAULT NULL,
  PRIMARY KEY (`RIWAYAT_ID`)
) ENGINE=InnoDB AUTO_INCREMENT=4 DEFAULT CHARSET=latin1;
/*!40101 SET character_set_client = @saved_cs_client */;

--
-- Dumping data for table `LAMARAN_PINDAH`
--

LOCK TABLES `LAMARAN_PINDAH` WRITE;
/*!40000 ALTER TABLE `LAMARAN_PINDAH` DISABLE KEYS */;
INSERT INTO `LAMARAN_PINDAH` VALUES (NULL,NULL,NULL,1,NULL,NULL,NULL,NULL,NULL),('184','590','2017-09-12',2,'540','sdfsdfSDF','4.2.','2','Inisaiatif Sendiri'),('184','590','2017-09-13',3,'540','SDFSDF','4.2.','1','Mengikuti Majikan / Perusahaan');
/*!40000 ALTER TABLE `LAMARAN_PINDAH` ENABLE KEYS */;
UNLOCK TABLES;

--
-- Table structure for table `LAMARAN_PURNA`
--

DROP TABLE IF EXISTS `LAMARAN_PURNA`;
/*!40101 SET @saved_cs_client     = @@character_set_client */;
/*!40101 SET character_set_client = utf8 */;
CREATE TABLE `LAMARAN_PURNA` (
  `JOB_ID` varchar(100) DEFAULT NULL,
  `PENGGUNA_ID` varchar(100) DEFAULT NULL,
  `PURNA_DATE` date DEFAULT NULL,
  `PURNA_ID` int(100) NOT NULL AUTO_INCREMENT,
  `LAMARAN_ID` varchar(100) DEFAULT NULL,
  `PURNA_KETERANGAN` varchar(100) DEFAULT NULL,
  `STATUS_ID` varchar(100) DEFAULT NULL,
  `RIWAYAT_TEXT` varchar(100) DEFAULT NULL,
  `ALASANPULANG_ID` varchar(100) DEFAULT NULL,
  PRIMARY KEY (`PURNA_ID`)
) ENGINE=InnoDB AUTO_INCREMENT=17 DEFAULT CHARSET=latin1;
/*!40101 SET character_set_client = @saved_cs_client */;

--
-- Dumping data for table `LAMARAN_PURNA`
--

LOCK TABLES `LAMARAN_PURNA` WRITE;
/*!40000 ALTER TABLE `LAMARAN_PURNA` DISABLE KEYS */;
INSERT INTO `LAMARAN_PURNA` VALUES ('1','5','2017-08-10',1,'70','asfsdf','4.2.',NULL,NULL),('1','5','2017-08-04',2,'70','asfsf','4.2.',NULL,NULL),('1','5','2017-08-10',3,'70','asf','4.2.',NULL,NULL),('1','5','2017-08-18',4,'70','jkjjkj','4.2.',NULL,NULL),('1','4','2017-08-15',5,'64','tes','4.2.',NULL,NULL),('21','424','2017-08-01',6,'1025','asfafd','4.2.',NULL,NULL),('192','54','2017-08-03',7,'4','drdrdrd','4.2.',NULL,NULL),('254','55','2017-08-01',8,'5','erwer','4.2.',NULL,NULL),('95','61','2017-08-17',9,'11','rxrdrd','4.2.',NULL,NULL),('187','58','2017-08-03',10,'7','rfftft','4.2.',NULL,NULL),('55','535','2017-09-13',11,'485','SDF','4.2.',NULL,''),('149','216','2017-09-08',12,'166','SDSD','4.2.','',''),('149','216','2017-09-21',13,'166','SDF','4.2.','',''),('45','414','2017-09-11',14,'364','SDFSD','4.2.','',''),('184','590','2017-09-12',15,'540','SDFS','4.2.','','1'),('149','216','2017-09-13',16,'166','SDF','4.2.','','1');
/*!40000 ALTER TABLE `LAMARAN_PURNA` ENABLE KEYS */;
UNLOCK TABLES;

--
-- Table structure for table `LAMARAN_SAMPAI`
--

DROP TABLE IF EXISTS `LAMARAN_SAMPAI`;
/*!40101 SET @saved_cs_client     = @@character_set_client */;
/*!40101 SET character_set_client = utf8 */;
CREATE TABLE `LAMARAN_SAMPAI` (
  `JOB_ID` varchar(100) DEFAULT NULL,
  `PENGGUNA_ID` varchar(100) DEFAULT NULL,
  `RIWAYAT_DATE` date DEFAULT NULL,
  `RIWAYAT_ID` int(100) NOT NULL AUTO_INCREMENT,
  `LAMARAN_ID` varchar(100) DEFAULT NULL,
  `RIWAYAT_KETERANGAN` varchar(100) DEFAULT NULL,
  `STATUS_ID` varchar(100) DEFAULT NULL,
  PRIMARY KEY (`RIWAYAT_ID`)
) ENGINE=InnoDB AUTO_INCREMENT=28 DEFAULT CHARSET=latin1;
/*!40101 SET character_set_client = @saved_cs_client */;

--
-- Dumping data for table `LAMARAN_SAMPAI`
--

LOCK TABLES `LAMARAN_SAMPAI` WRITE;
/*!40000 ALTER TABLE `LAMARAN_SAMPAI` DISABLE KEYS */;
INSERT INTO `LAMARAN_SAMPAI` VALUES ('5','4','2017-08-16',1,'62',NULL,NULL),('1','5','2017-08-08',2,'70',NULL,NULL),('1','5','2017-08-14',3,'63',NULL,NULL),('5','4','2017-08-14',4,'62','asdfs','3.2'),('5','4','2017-08-14',5,'62','asdfs','3.2'),('5','4','2017-08-14',6,'62','asff','3.2'),('5','4','2017-08-14',7,'62','asdf','4.3.'),('1','5','2017-08-14',8,'70','sfasf','4.2.'),('5','4','2017-08-14',9,'62','asdfasdf','4.2.'),('5','4','2017-08-14',10,'62','asdf','3.2'),('1','5','2017-08-14',11,'70','asf','4.3.'),('1','5','2017-08-14',12,'63','asf','4.3.'),('1','5','2017-08-09',13,'63','asf','4.2.'),('1','5','2017-08-14',14,'70','sdf','4.2.'),('5','4','2017-08-14',15,'62','asf','4.3.'),('1','5','2017-08-23',16,'63','asfdsf','4.5.'),('1','5','2017-08-16',17,'63','sfasdfdsfsdf','4.3.'),('1','5','2017-08-09',18,'70','sdfsdf','4.4.'),('1','5','2017-08-15',23,'63','uuhuhuuh','4.5.'),('1','5','2017-08-16',24,'63','ASDFDFSDFSDFsdf','4.5.'),('1','5','2017-08-16',25,'63','ASDFDFSDFSDFsdfsdf','4.5.'),('5','4','2017-08-15',26,'62','sdfsdf','4.5.'),('1','5','2017-08-09',27,'70','oioioi','4.4.');
/*!40000 ALTER TABLE `LAMARAN_SAMPAI` ENABLE KEYS */;
UNLOCK TABLES;

--
-- Table structure for table `LAMARAN_SELESAI`
--

DROP TABLE IF EXISTS `LAMARAN_SELESAI`;
/*!40101 SET @saved_cs_client     = @@character_set_client */;
/*!40101 SET character_set_client = utf8 */;
CREATE TABLE `LAMARAN_SELESAI` (
  `JOB_ID` varchar(100) DEFAULT NULL,
  `PENGGUNA_ID` varchar(100) DEFAULT NULL,
  `RIWAYAT_DATE` date DEFAULT NULL,
  `RIWAYAT_ID` int(100) NOT NULL AUTO_INCREMENT,
  `LAMARAN_ID` varchar(100) DEFAULT NULL,
  `RIWAYAT_KETERANGAN` varchar(100) DEFAULT NULL,
  `STATUS_ID` varchar(100) DEFAULT NULL,
  PRIMARY KEY (`RIWAYAT_ID`)
) ENGINE=InnoDB AUTO_INCREMENT=16 DEFAULT CHARSET=latin1;
/*!40101 SET character_set_client = @saved_cs_client */;

--
-- Dumping data for table `LAMARAN_SELESAI`
--

LOCK TABLES `LAMARAN_SELESAI` WRITE;
/*!40000 ALTER TABLE `LAMARAN_SELESAI` DISABLE KEYS */;
INSERT INTO `LAMARAN_SELESAI` VALUES ('1','10','2017-08-10',1,'71','asdfsdf','4.'),('1','10','2017-08-16',2,'71','asdfsf','4.'),('1','4','2017-08-17',3,'64','sdfsdf','4.'),('7','5','2017-08-17',4,'65','asf','4.'),('5','4','2017-08-16',5,'62','','4.'),('1','11','2017-08-17',6,'75','asdfsdf','4.'),('514','63','0000-00-00',7,'19','','4.'),('21','424','2017-08-03',8,'1025','sds','4.'),('45','262','2017-09-15',9,'212','SDF','4.'),('45','262','2017-09-15',10,'212','SDSD','4.'),('45','262','2017-09-15',11,'212','SDF','4.'),('45','414','2017-09-14',12,'364','SDF','4.'),('149','216','2017-09-14',13,'166','sdf','4.'),('149','58','2017-09-13',14,'599','sdfsdf','4.'),('184','590','2017-09-12',15,'540','SDFSF','4.');
/*!40000 ALTER TABLE `LAMARAN_SELESAI` ENABLE KEYS */;
UNLOCK TABLES;

--
-- Table structure for table `LAMARAN_VISA`
--

DROP TABLE IF EXISTS `LAMARAN_VISA`;
/*!40101 SET @saved_cs_client     = @@character_set_client */;
/*!40101 SET character_set_client = utf8 */;
CREATE TABLE `LAMARAN_VISA` (
  `VISA_ID` int(11) NOT NULL AUTO_INCREMENT,
  `JOB_ID` varchar(100) DEFAULT NULL,
  `PENGGUNA_ID` varchar(100) DEFAULT NULL,
  `VISA_DATE_END` varchar(100) DEFAULT NULL,
  `DOKUMEN_ID` varchar(100) DEFAULT NULL,
  `VISA_NOMOR` varchar(100) DEFAULT NULL,
  `LAMARAN_ID` varchar(100) DEFAULT NULL,
  PRIMARY KEY (`VISA_ID`)
) ENGINE=InnoDB AUTO_INCREMENT=10 DEFAULT CHARSET=latin1;
/*!40101 SET character_set_client = @saved_cs_client */;

--
-- Dumping data for table `LAMARAN_VISA`
--

LOCK TABLES `LAMARAN_VISA` WRITE;
/*!40000 ALTER TABLE `LAMARAN_VISA` DISABLE KEYS */;
INSERT INTO `LAMARAN_VISA` VALUES (1,'5','5','08/14/2017','19','sdfs','61'),(2,'5','10','08/14/2017','35','SDFSDF','3'),(3,'2','40','08/15/2017','0','123','2'),(4,'20','60','08/10/2017','155','SDFSDF','10'),(5,'187','57','08/17/2017','162','SDFSD','7'),(6,'21','424','08/03/2017','177','sdfsdf','1025'),(7,'210','68','08/10/2017','179','sdfsdf','18'),(8,'248','69','08/30/2017','208','89899798897979','19'),(9,'184','590','09/13/2017','213','sdf','540');
/*!40000 ALTER TABLE `LAMARAN_VISA` ENABLE KEYS */;
UNLOCK TABLES;

--
-- Table structure for table `MASTER_AGENSI`
--

DROP TABLE IF EXISTS `MASTER_AGENSI`;
/*!40101 SET @saved_cs_client     = @@character_set_client */;
/*!40101 SET character_set_client = utf8 */;
CREATE TABLE `MASTER_AGENSI` (
  `AGEN_ID` int(11) NOT NULL AUTO_INCREMENT,
  `AGEN_NAMA` varchar(255) NOT NULL,
  `AGEN_TELP` varchar(20) NOT NULL,
  `BARANG_SATUAN` varchar(255) NOT NULL,
  `WILAYAH_ID` int(11) NOT NULL,
  `LEGALITAS` varchar(100) DEFAULT NULL,
  `NEGARA` varchar(255) DEFAULT NULL,
  KEY `AGEN_ID` (`AGEN_ID`)
) ENGINE=InnoDB AUTO_INCREMENT=102 DEFAULT CHARSET=latin1;
/*!40101 SET character_set_client = @saved_cs_client */;

--
-- Dumping data for table `MASTER_AGENSI`
--

LOCK TABLES `MASTER_AGENSI` WRITE;
/*!40000 ALTER TABLE `MASTER_AGENSI` DISABLE KEYS */;
INSERT INTO `MASTER_AGENSI` VALUES (1,'YUNG SHENG FUNG CO.,LTD','','',0,NULL,'TAIWAN'),(2,'GUAN YU INTERNATIONAL DEVELOPMENT CO., LTD.','','',0,NULL,'TAIWAN'),(3,'LIYING INTERNATIONAL BUSINESS ENTERPRISE CO,LTD','','',0,NULL,'TAIWAN'),(4,'LIEN-TING INTERNASIONAL DEVELOP CO.,LTD','','',0,NULL,'TAIWAN'),(5,'LONG SENG INTERNATIONAL CO,LTD','','',0,NULL,'TAIWAN'),(6,'CHIA I MANAGEMENT CO.,LTD.','','',0,NULL,'TAIWAN'),(7,'YU TO MANPOWER AGENCY CO,LTD','','',0,NULL,'TAIWAN'),(8,'Li-Wang lnternational Co., Ltd','','',0,NULL,'TAIWAN'),(9,'LEE SOON HUMAN RESOURCE MANAGEMENT CO.,LTD','','',0,NULL,'TAIWAN'),(10,'HUNG YU INTERNATIONAL DEVELOPMENT CO LTD','','',0,NULL,'TAIWAN'),(11,'WEI DE MANPOWER CO.,LTD.','','',0,NULL,'TAIWAN'),(12,'MANSTRONG INTERNATIONAL MANPOWER DEVELOPMENT CO,LTD','','',0,NULL,'TAIWAN'),(13,'TUNG HUA HUMAN RESOURCE CO.,LTD','','',0,NULL,'TAIWAN'),(14,'SHENG ASIA MANPOWER AGENCY AND CONSULT CORP.','','',0,NULL,'TAIWAN'),(15,'Yong Xin Human Resources Co.,Ltd.','','',0,NULL,'TAIWAN'),(16,'YI HONG INTERNATIONAL CO,LTD','','',0,NULL,'TAIWAN'),(17,'LI TUNG INTERNATIONAL CO., LTD. KAOHSIUNG OFFICE','','',0,NULL,'TAIWAN'),(18,'CYUAN WEI MANAGEMENT CONSULTING CO.','','',0,NULL,'TAIWAN'),(19,'LIYANG MANPOWER CO.LTD','','',0,NULL,'TAIWAN'),(20,'SUMMIT CO.,LTD','','',0,NULL,'TAIWAN'),(21,'KAI JI MANPOWER RESOURCE MANAGEMENT CONSULTANT CO., LTD.','','',0,NULL,'TAIWAN'),(22,'FAVOR INTERNATIONAL PLACEMENT CO., LTD','','',0,NULL,'TAIWAN'),(23,'FORWARD HUMAN RESOURCE MANAGEMENT CONSULT CO.,LTD','','',0,NULL,'TAIWAN'),(24,'CEDARS MANPOWER AGENCY CO., LTD.','','',0,NULL,'TAIWAN'),(25,'LI FON INTERNATIONAL CORP.','','',0,NULL,'TAIWAN'),(26,'LIEN-YANG INTERNATIONAL DEVELOP CO.,LTD-CHUNG KAOHSIUNG BRANCH','','',0,NULL,'TAIWAN'),(27,'CREATIVE DEVELOPMENT CO. LTD','','',0,NULL,'TAIWAN'),(28,'SECURITY INTERNATIONAL PLACEMENT CO., LTD','','',0,NULL,'TAIWAN'),(29,'MENGO TRADING AND MANPOWER DEVELOPMENT CO. ,LTD','','',0,NULL,'TAIWAN'),(30,'MAN LEADER INTERNATIONAL INC','','',0,NULL,'TAIWAN'),(31,'HUAN-CHIH INTERNATIONAL DEVELOPMENT CO.LTD','','',0,NULL,'TAIWAN'),(32,'SHENGHSING MANPOWER CO.,LTD','','',0,NULL,'TAIWAN'),(33,'SHIEH SHUN INTERNATIONAL CO.,LTD.TAIPEI CITY CO.,LTD.','','',0,NULL,'TAIWAN'),(34,'JU ZHAN DEVELOPMENT ENTERPRISE CO ., LTD','','',0,NULL,'TAIWAN'),(35,'YONG FONG INTERNATIONAL DEVELOP CO LTD','','',0,NULL,'TAIWAN'),(36,'TOP INTERNATIONAL CORP','','',0,NULL,'TAIWAN'),(37,'CHENG YI MANPOWER CO.LTD','','',0,NULL,'TAIWAN'),(38,'MAW YIH INTERNATIONAL MANPOWER CO., LTD','','',0,NULL,'TAIWAN'),(39,'BAOHUA MANPOWER CO.,LTD.','','',0,NULL,'TAIWAN'),(40,'ALL-REAL CO.,LTD','','',0,NULL,'TAIWAN'),(41,'SHENG DE INTERNATION MANPOWER CO.,LTD','','',0,NULL,'TAIWAN'),(42,'NOSTRA MANPOWER PTE LTD.','','',0,NULL,'TAIWAN'),(43,'AZA EMPLOYMENT AGENCY PTE LTD','','',0,NULL,'TAIWAN'),(44,'REN DE INTERNATIONAL DEVELOPMENT CO. LTD.','','',0,NULL,'TAIWAN'),(45,'CHU CHERNG HUMAN RESOURCES CONSULTING CORP..','','',0,NULL,'TAIWAN'),(46,'TAI MING INTERNATIONAL CO., LTD. KAOHSIUNG BRANCH','','',0,NULL,'TAIWAN'),(47,'WISDOMS INTERNATIONAL CORPORATION','','',0,NULL,'TAIWAN'),(48,'TAI MING INTERNATIONAL CO.,LTD.','','',0,NULL,'TAIWAN'),(49,'TOP CITY MANPOWER CO.,LTD','','',0,NULL,'TAIWAN'),(50,'THAI FENG INTERNATIONAL MANPOWER CO., LTD.','','',0,NULL,'TAIWAN'),(51,'OCEAN HUMAN RESOURCES CO.,LTD','','',0,NULL,'TAIWAN'),(52,'YU CANG INTERNATIONAL DEVELOP CO., LTD','','',0,NULL,'TAIWAN'),(53,'SHEY CHENG MANPOWER AGENCY CO.LTD','','',0,NULL,'TAIWAN'),(54,'ONE-CREDIT INTERNATIONAL MANPOWER AGENCY CO., LTD.','','',0,NULL,'TAIWAN'),(55,'HSIANG YOU INTERNATIONAL CO.,LTD','','',0,NULL,'TAIWAN'),(56,'WE FIND HUMAN RESOURCES MANAGEMENT ADVISOR CO.LTD','','',0,NULL,'TAIWAN'),(57,'JIH SHENG INTERNATIONAL CO,LTD','','',0,NULL,'TAIWAN'),(58,'MAGI UNION INTERNATIONAL CO.','','',0,NULL,'TAIWAN'),(59,'CHENG KAI HUMAN RESOURCE CO., LTD.','','',0,NULL,'TAIWAN'),(60,'BIG TREE HUMAN RESOURCES MANAGEMENT AND CONSULTING','','',0,NULL,'TAIWAN'),(61,'KANG TUO MANPOWER CO.,LTD.','','',0,NULL,'TAIWAN'),(62,'ALL WIN MANPOWER SERVICE CO., LTD.','','',0,NULL,'TAIWAN'),(63,'TOP ASIA MANPOWER AGENCY AND CONSULT CORP.','','',0,NULL,'TAIWAN'),(64,'MENG CHENG MANPOWER DEVELOPMENT CO.LTD','','',0,NULL,'TAIWAN'),(65,'EN DER INTERNATIONAL DEVELOPMENT CO.,LTD','','',0,NULL,'TAIWAN'),(66,'PREMIER MANPOWER CO.,LTD','','',0,NULL,'TAIWAN'),(67,'YU-WEN INTERNATIONAL CO., LTD','','',0,NULL,'TAIWAN'),(68,'MULTI PROSPERITY MANPOWER CO LTD','','',0,NULL,'TAIWAN'),(69,'CHIUAN HUNG INTERNATIONAL DEVELOPMENT CO,.LTD.','','',0,NULL,'TAIWAN'),(70,'LIEN-WIN INTERNATIONAL DEVELOP CO., LTD.','','',0,NULL,'TAIWAN'),(71,'MAJESTY MANPOWER CO., LTD.','','',0,NULL,'TAIWAN'),(72,'GIANT FRIEND','','',0,NULL,'TAIWAN'),(73,'HSIN HUNG MANPOWER CO.,LTD','','',0,NULL,'TAIWAN'),(74,'SHENG HUA MANPOWER RESOURCE ENTERPRISE CO., LTD.','','',0,NULL,'TAIWAN'),(75,'K. H. INTERNATIONAL DEPT CO., LTD.','','',0,NULL,'TAIWAN'),(76,'CHANG CHENG NAN SERVICES CO.LTD.','','',0,NULL,'TAIWAN'),(77,'CHRISTINA MANPOWER INC','','',0,NULL,'TAIWAN'),(78,'COMPEX INTERNATIONAL BUSINESS CO.,LTD.','','',0,NULL,'TAIWAN'),(79,'TSAIR TA INTERNATIONAL CO LTD','','',0,NULL,'TAIWAN'),(80,'YUANTA INTERNATIONAL CONCERN CO.,LTD','','',0,NULL,'TAIWAN'),(81,'HONG MING HUMAN RESOURCES CO., LTD','','',0,NULL,'TAIWAN'),(82,'TONG SENG INTERNATIONAL CORP.','','',0,NULL,'TAIWAN'),(83,'HUNG DA INTERNATIONAL MANPOWER CONSULTANTS CO., LTD.','','',0,NULL,'TAIWAN'),(84,'ANN HUMAN RESOURCES AND MANAGEMENT CO.,LTD','','',0,NULL,'TAIWAN'),(85,'CTS INTERNATIONAL DEVELOPMENT CO.,LTD','','',0,NULL,'TAIWAN'),(86,'HI LINK INTERNATIONAL','','',0,NULL,'TAIWAN'),(87,'I HSIN MANPOWER PROPERTY CO., LTD','','',0,NULL,'TAIWAN'),(88,'CHEN DARD MANPOWER CO.,LTD','','',0,NULL,'TAIWAN'),(89,'HONGLONG EMPLOYMENT SERVICE CO.,LTD.','','',0,NULL,'TAIWAN'),(90,'EASTERN MANPOWER CO., LTD','','',0,NULL,'TAIWAN'),(91,'PROSPERITY MANPOWER AGENCY CO.,LTD','','',0,NULL,'TAIWAN'),(92,'JIA-HE INTERNATIONAL CO., LTD','','',0,NULL,'TAIWAN'),(93,'WEN HAO INTERNATIONAL COMPANY LIMITED.','','',0,NULL,'TAIWAN'),(94,'ELITE HUMAN RESOUECES MANAGEMENT CO.,LTD','','',0,NULL,'TAIWAN'),(95,'GOLDEN LEACH INT`L DEVELOPMET CO LTD','','',0,NULL,'TAIWAN'),(96,'U CHEER HUMAN RESOURCE MANAGEMENT CONSULTANT CO.,LTD.','','',0,NULL,'TAIWAN'),(97,'JYE-BOW HUMAN RESOURCE CONSULTING.,LTD','','',0,NULL,'TAIWAN'),(98,'NEW VISION HUMAN RESOURCE CO.,LTD','','',0,NULL,'TAIWAN'),(99,'XINXING INTERNATION DEVELOPMENT CO.,LTD','','',0,NULL,'TAIWAN'),(100,'SIXTY-SEVEN THOUSAND INTERNATIONAL MANPOWER AGENCY CO., LTD.','','',0,NULL,'TAIWAN'),(101,'TA-AN INTERNATIONAL BUSINESS MANPOWERANDCONSULTING CO.,LTD','','',0,NULL,'TAIWAN');
/*!40000 ALTER TABLE `MASTER_AGENSI` ENABLE KEYS */;
UNLOCK TABLES;

--
-- Table structure for table `MASTER_BIDANG`
--

DROP TABLE IF EXISTS `MASTER_BIDANG`;
/*!40101 SET @saved_cs_client     = @@character_set_client */;
/*!40101 SET character_set_client = utf8 */;
CREATE TABLE `MASTER_BIDANG` (
  `BIDANG_ID` varchar(11) NOT NULL,
  `BIDANG_NAMA` varchar(100) NOT NULL
) ENGINE=InnoDB DEFAULT CHARSET=latin1;
/*!40101 SET character_set_client = @saved_cs_client */;

--
-- Dumping data for table `MASTER_BIDANG`
--

LOCK TABLES `MASTER_BIDANG` WRITE;
/*!40000 ALTER TABLE `MASTER_BIDANG` DISABLE KEYS */;
INSERT INTO `MASTER_BIDANG` VALUES ('1.','Hospitality'),('2.','Pemasaran'),('3.','Konstruksi'),('4.','Manufaktur'),('5.','Kesehatan'),('6.','Jasa'),('7.','Maritim'),('8.','Transportasi'),('9.','Teknologi Informasi (IT)'),('10.','Perhubungan dan Komunikasi'),('11.','Otomotif'),('12.','Minyak dan Gas'),('13.','Pertanian / Perkebunan'),('1.1.','Spa'),('2.1.','Penjualan Retail'),('3.1.','Sipil'),('3.2.','Mekanikal'),('6.1.','Homecare'),('6.2.','Teknisi'),('7.1.','Perikanan'),('7.2.','Pelayaran'),('1.2.','Restoran'),('1.3.','Hotel');
/*!40000 ALTER TABLE `MASTER_BIDANG` ENABLE KEYS */;
UNLOCK TABLES;

--
-- Table structure for table `MASTER_JABATAN`
--

DROP TABLE IF EXISTS `MASTER_JABATAN`;
/*!40101 SET @saved_cs_client     = @@character_set_client */;
/*!40101 SET character_set_client = utf8 */;
CREATE TABLE `MASTER_JABATAN` (
  `JABATAN_ID` int(11) NOT NULL AUTO_INCREMENT,
  `JABATAN_NAMA` varchar(45) NOT NULL,
  `JABATAN_SLUG` varchar(255) NOT NULL,
  `JABATAN_TUGAS` varchar(255) NOT NULL,
  `JABATAN_DESKRIPSI` varchar(255) NOT NULL,
  `LINGKUNGAN_LING_ID` int(11) DEFAULT NULL,
  `BIDANG_ID` varchar(100) DEFAULT NULL,
  `JABATAN_SERTIFIKAT` varchar(100) DEFAULT NULL,
  `JABATAN_JURUSAN` varchar(100) DEFAULT NULL,
  `PENDIDIKAN_ID` varchar(100) DEFAULT NULL,
  `JABATAN_KELAMIN` varchar(2) DEFAULT NULL,
  `JABATAN_SYARAT_LAIN` varchar(255) DEFAULT NULL,
  PRIMARY KEY (`JABATAN_ID`)
) ENGINE=InnoDB AUTO_INCREMENT=129 DEFAULT CHARSET=latin1;
/*!40101 SET character_set_client = @saved_cs_client */;

--
-- Dumping data for table `MASTER_JABATAN`
--

LOCK TABLES `MASTER_JABATAN` WRITE;
/*!40000 ALTER TABLE `MASTER_JABATAN` DISABLE KEYS */;
INSERT INTO `MASTER_JABATAN` VALUES (1,'Barista','','membuat berbagai jenis minuman kopi yang di pesan oleh pelanggan.','membuat dan menyajikan kopi kepada pelanggan',NULL,'1.2.',NULL,NULL,NULL,NULL,'membuat dan menyajikan kopi kepada pelanggan'),(2,'Barker','','','membuat semua jenis roti dan kue',NULL,'1.2.',NULL,NULL,NULL,NULL,'membuat semua jenis roti dan kue'),(3,'Bartender','','Membuat minuman sesuai dengan order dari tamu sesuai denganservice proseduryang ditetapkan dan standard reciepe, Melaksanakan daily inventory, closing dan opening baik minuman maupun peralatan.','Membuat minuman sesuai denganorderantamu dan harus sesuai denganstandardPerusahaanserta memberikan kepuasan kepada tamu semaksimal mungkin',NULL,'1.2.',NULL,NULL,NULL,NULL,'Membuat minuman sesuai denganorderantamu dan harus sesuai denganstandardPerusahaanserta memberikan kepuasan kepada tamu semaksimal mungkin'),(8,'Captain Waiter','','Cek kehadiran karyawan, cek daftar pesanan, cek persediaan barang, cek kebersihan area restoran, mencatat barang masuk, membimbing karyawan baru, koordinasi dengan supervisor tentang operasional harian, memastikan terlaksananya general cleaning setiap bul','wakil supervisor yang membantu supervisor dalam penanganan operasional',NULL,'1.2.',NULL,NULL,NULL,NULL,''),(9,'Cake Decorator','','mempercantik kue agar semakin menarik ','menutup kue/cakedengan bahan penghias atau memberikan hiasan pada kue/cake',NULL,'1.2.',NULL,NULL,NULL,NULL,''),(10,'Chef','','','',NULL,'1.2.',NULL,NULL,NULL,NULL,''),(11,'Chef De Partie','','mengawasi dan membantu dalam memasak, persiapan dan penyajian makanan di restoran','kepala bagian dapur ',NULL,'1.2.',NULL,NULL,NULL,NULL,''),(12,'Commis','','Mendukung eksekutif chef, sous chef, commis chef serta karyawan dapur lainnya dalam produksi pangan, Membantu staf dapur dalam menjaga standar masakan tinggi bagi klien fungsi serta delegasi, Membantu para commis chef dalam produksi makanan yang berbeda u','staff dapur ',NULL,'1.2.',NULL,NULL,NULL,NULL,''),(13,'Cook','','turun tangan langsung mengolah makanan','Juru Masak',NULL,'1.2.',NULL,NULL,NULL,NULL,''),(14,'Waiter','','Melayani tamu. Bertanggungjawab pada persiapan restoran sebelum dibuka, melengkapi semua perlengkapan yang akan di gunakan dalam operasional, seperti chinawares, silverwares, glasswares, dan lain-lain','bagian front liner, mempunyai peran penting dalam operasional restoran dan memberikan kepuasan layanan kepada tamu restoran',NULL,'1.2.',NULL,NULL,NULL,NULL,''),(15,'Bell Boy','','melayani tamu dengan menangani barang barangnya saat check in atau check out mencatat semua barang, koper yang dititipkan baik sementara maupun yang dititipkan lebih dari 24 jam, mengisi daftar pulang, mengirim pesan tamu','Petugas pelayanan barang dikantor depan yang mengurus barang bawaan tamu serta tugas lainya pada saat tamu melakukan check-in, check-out atau room change',NULL,'1.3.',NULL,NULL,NULL,NULL,''),(16,'Male Cleaners','','','',NULL,'1.3.',NULL,NULL,NULL,NULL,''),(17,'Male Service Crew','','','',NULL,'1.3.',NULL,NULL,NULL,NULL,''),(18,'Receptionist/FO','','menjawab semua panggilan masuk dan mengarahkan panggilan orang yang tepat atau departemen','penerima tamu',NULL,'1.3.',NULL,NULL,NULL,NULL,''),(19,'Telephone Operator','','mengoperasikan switchboard dengan benar, menjaga kebersihan swithboard/tempat kerja, melayani sambungan lokal, interlokal, internasional, melayani pengiriman faksimili dari manajemen hotel, mecatat dan menyampaikan pesan dari tamu, membuat laporan sambung','kantor depan yang bertanggungjawab atas penanganan sambungan telephone, baik yang masuk maupun keluar hotel',NULL,'1.3.',NULL,NULL,NULL,NULL,''),(20,'Swimming Pool Attendant','','menjaga kebersihan kolan renang. baik di area sekitar kolam maupun di dalam kolam renang, serta bertanggung jawab atas peredaran handuk atau pool towel yang dipergunakan tamu, merawat mesin pompa ','bagian yang bertugas danbertanggung jawabmenjaga kebersihan kolan renang. baik di area sekitar kolam maupun di dalam kolam renang',NULL,'1.3.',NULL,NULL,NULL,NULL,''),(21,'Steward','','requisition, distribution, storing, cleaning & washing, collecting, restocking, inventory dan repair & maintenance terhadap F&B Equipment','mengurus alat-alat dapur dan restoran pada suatu hotel',NULL,'1.3.',NULL,NULL,NULL,NULL,''),(22,'Greeter','','','',NULL,'1.3.',NULL,NULL,NULL,NULL,''),(23,'Florist','','Memeriksa secara teliti atas kamar-kamar yang akan digunakan hari itu berdasarkanExpected Arrival List dan mencatat jumlah kamar yang memerlukan penataan bunga. Menyiapkan rangkaian bunga untuk kamar-kamar, terutama untukVIPdan yang mendapat catatan kh','Bertanggung jawab terhadap penyediaan bunga-bunga dekorasi untuk public area, seperti dilobby, FO counter, restaurant, kamar tamu dan lain-lain',NULL,'1.3.',NULL,NULL,NULL,NULL,''),(24,'Floor Supervisor','','','',NULL,'1.3.',NULL,NULL,NULL,NULL,''),(25,'Room Attendant','','','',NULL,'1.3.',NULL,NULL,NULL,NULL,''),(26,'Laundry Manager','','','',NULL,'1.3.',NULL,NULL,NULL,NULL,''),(27,'Laundry Attendant','','','',NULL,'1.3.',NULL,NULL,NULL,NULL,''),(28,'Public Area Cleaner','','','',NULL,'1.3.',NULL,NULL,NULL,NULL,''),(29,'Facial','','memastikan area kerja bersih, memberikan bimbingan kepada klien tengtang spa, memperkenalkan produk kecantikan untuk klien mendidik mereka tentang kegunaan produk itu, mengarahkan tamu ke lokasi, membuka dan menutup spa pada jam yang tepat, mengelola kebe','memberikan saran dan pelayanan kepada tamu untuk meningkatkan kecantikan mereka, memberikan tamu konsultasi kulit, menjelaskan prosedur dan memberikan info lainnya seputar kecantikan ',NULL,'1.1.',NULL,NULL,NULL,NULL,'pengalaman min 2 tahun di bidangnya, mempunyai pengetahuan pengoperasian komputer, good human relations, mengetahui tata krama mengangkat telefon, dapat multitasking, pengetahuan yang bagus terhadap produk kecantikan, keterampilan komunikasi yang baik, gr'),(30,'Massage','','memastikan area kerja bersih, memberikan bimbingan kepada klien tengtang spa, memperkenalkan produk kecantikan untuk klien mendidik mereka tentang kegunaan produk itu, mengarahkan tamu ke lokasi, membuka dan menutup spa pada jam yang tepat, mengelola kebe','memberikan saran dan pelayanan kepada tamu untuk meningkatkan kecantikan mereka, memberikan tamu konsultasi kulit, menjelaskan prosedur dan memberikan info lainnya seputar kecantikan ',NULL,'1.1.',NULL,NULL,NULL,NULL,'pengalaman min 2 tahun di bidangnya, mempunyai pengetahuan pengoperasian komputer, good human relations, mengetahui tata krama mengangkat telefon, dapat multitasking, pengetahuan yang bagus terhadap produk kecantikan, keterampilan komunikasi yang baik, gr'),(31,'Spa therapist','','memastikan area kerja bersih, memberikan bimbingan kepada klien tengtang spa, memperkenalkan produk kecantikan untuk klien mendidik mereka tentang kegunaan produk itu, mengarahkan tamu ke lokasi, membuka dan menutup spa pada jam yang tepat, mengelola kebe','memberikan saran dan pelayanan kepada tamu untuk meningkatkan kecantikan mereka, memberikan tamu konsultasi kulit, menjelaskan prosedur dan memberikan info lainnya seputar kecantikan ',NULL,'1.1.',NULL,NULL,NULL,NULL,'pengalaman min 2 tahun di bidangnya, mempunyai pengetahuan pengoperasian komputer, good human relations, mengetahui tata krama mengangkat telefon, dapat multitasking, pengetahuan yang bagus terhadap produk kecantikan, keterampilan komunikasi yang baik, gr'),(32,'Waxing','','memastikan area kerja bersih, memberikan bimbingan kepada klien tengtang spa, memperkenalkan produk kecantikan untuk klien mendidik mereka tentang kegunaan produk itu, mengarahkan tamu ke lokasi, membuka dan menutup spa pada jam yang tepat, mengelola kebe','memberikan saran dan pelayanan kepada tamu untuk meningkatkan kecantikan mereka, memberikan tamu konsultasi kulit, menjelaskan prosedur dan memberikan info lainnya seputar kecantikan ',NULL,'1.1.',NULL,NULL,NULL,NULL,'pengalaman min 2 tahun di bidangnya, mempunyai pengetahuan pengoperasian komputer, good human relations, mengetahui tata krama mengangkat telefon, dapat multitasking, pengetahuan yang bagus terhadap produk kecantikan, keterampilan komunikasi yang baik, gr'),(33,'Salesman / Salesgirl','','mempromosikan produk untuk mencapai target','mempromosikan produk dan menjualkan produk dilapangan',NULL,'2.1.',NULL,NULL,NULL,NULL,'aktif mencari target, merekap data hasil penjualan, mencari mitra kerja'),(34,'Assistant Store Manager','','','',NULL,'2.1.',NULL,NULL,NULL,NULL,''),(35,'Food & Sales Assistant','','','',NULL,'2.1.',NULL,NULL,NULL,NULL,''),(36,'Departement Manager','','','',NULL,'2.1.',NULL,NULL,NULL,NULL,''),(37,'In Store Vice Manager','','membantu manager toko','',NULL,'2.1.',NULL,NULL,NULL,NULL,'mengatur semua fungsi dalam toko berjalan dengan baik dan bertanggung jawab terhadap operasional sehari-hari dalam toko, dan sebagai pengganti manager jika tidak ada ditempat dapat multitasking, kemampuan mengelola waktu dengan baik, mengelola data dengan'),(38,'Salesman Assistant','','menyususn strategi penjualan, memastikan penjualan dan distribusi produk fokus pada area supervisinya, memastikan seluruh wilayah penugasan tercover 100% serta mengelola penjualan dan ketersediaan /stok produk seluruh areanya, memastikan pengembangan area','',NULL,'2.1.',NULL,NULL,NULL,NULL,'memiliki kemampuan komputer yang baik (MS Excel) memiliki kemampuan menjual, melakukan negosiasi dan presentasi yang baik, memiliki pengetauan tentang retail, mengetahui tentang channel/segmentation management'),(39,'Stock Labour','','','',NULL,'2.1.',NULL,NULL,NULL,NULL,''),(40,'Store Cleaner','','membersihkan toko setelah beroperasi','',NULL,'2.1.',NULL,NULL,NULL,NULL,'teliti dan cekatan dalam menggunakan alat kebersigan serta tepat waktu'),(41,'Back Store','','','',NULL,'2.1.',NULL,NULL,NULL,NULL,''),(42,'Fashion Assistant','','meng-asist tugas pemotretan para editor dan stylist untuk pemotretan, artikel dan lain-lainnya, mengambil barang-barang pemotretan, memastikan jadwal, booking model','',NULL,'2.1.',NULL,NULL,NULL,NULL,'mengetahui bidang fashion, merk, mode masa kini, minat konsumen, bentuk tubuh, mempunyai attitude dan dapat mengemukakan pendapatnya pada konsumen secara gamblang'),(43,'Junior Sales','','','',NULL,'2.1.',NULL,NULL,NULL,NULL,''),(44,'General Building Worker','','','',NULL,'3.1.',NULL,NULL,NULL,NULL,''),(45,'Bridge Construction Engineer','','','',NULL,'3.1.',NULL,NULL,NULL,NULL,''),(46,'Civil Engineering Draftsman','','','',NULL,'3.1.',NULL,NULL,NULL,NULL,''),(47,'Cost Estimator Engineer','','','',NULL,'3.1.',NULL,NULL,NULL,NULL,''),(48,'Dam Construction Engineer','','','',NULL,'3.1.',NULL,NULL,NULL,NULL,''),(49,'Road & Bridge Surveying Technician','','','',NULL,'3.1.',NULL,NULL,NULL,NULL,''),(50,'Road Asphalt Worker','','','',NULL,'3.1.',NULL,NULL,NULL,NULL,''),(51,'Road Construction Engineer','','','',NULL,'3.1.',NULL,NULL,NULL,NULL,''),(52,'Road Pavement Foreman','','','',NULL,'3.1.',NULL,NULL,NULL,NULL,''),(53,'Steed Rods Worker','','','',NULL,'3.1.',NULL,NULL,NULL,NULL,''),(54,'Tunnel Construction Engineer','','','',NULL,'3.1.',NULL,NULL,NULL,NULL,''),(55,'BMS Engineer','','','',NULL,'3.1.',NULL,NULL,NULL,NULL,''),(56,'Duty Engineer','','','',NULL,'3.1.',NULL,NULL,NULL,NULL,''),(57,'Facilities Maintenance Foreman','','','',NULL,'3.1.',NULL,NULL,NULL,NULL,''),(58,'Facilities Maintenance Supervisor','','','',NULL,'3.1.',NULL,NULL,NULL,NULL,''),(59,'Asphalt Mixing Plant Operator','','','',NULL,'3.2.',NULL,NULL,NULL,NULL,''),(60,'Bituman Sprayer Operator','','','',NULL,'3.2.',NULL,NULL,NULL,NULL,''),(61,'Bulldozer Operator','','','',NULL,'3.2.',NULL,NULL,NULL,NULL,''),(62,'Excavator Operator','','','',NULL,'3.2.',NULL,NULL,NULL,NULL,''),(63,'Forklift Operator','','','',NULL,'3.2.',NULL,NULL,NULL,NULL,''),(64,'Heavy Equipment Mechanic','','','',NULL,'3.2.',NULL,NULL,NULL,NULL,''),(65,'Mechanical Drafter & Designer','','','',NULL,'3.2.',NULL,NULL,NULL,NULL,''),(66,'Mechanical Fitter','','','',NULL,'3.2.',NULL,NULL,NULL,NULL,''),(67,'Motor Grader Operator','','','',NULL,'3.2.',NULL,NULL,NULL,NULL,''),(68,'Tower Crane Operator','','','',NULL,'3.2.',NULL,NULL,NULL,NULL,''),(69,'Wheel Crane Operator','','','',NULL,'3.2.',NULL,NULL,NULL,NULL,''),(70,'Wheel Loader Operator','','','',NULL,'3.2.',NULL,NULL,NULL,NULL,''),(71,'Wood Machine Operator','','','',NULL,'3.2.',NULL,NULL,NULL,NULL,''),(72,'3D Modeller Operator','','','',NULL,'4.',NULL,NULL,NULL,NULL,''),(73,'Automation Engineer','','','',NULL,'4.',NULL,NULL,NULL,NULL,''),(74,'Automotive Mechanics','','','',NULL,'4.',NULL,NULL,NULL,NULL,''),(75,'CAD Junior Designer','','','',NULL,'4.',NULL,NULL,NULL,NULL,''),(76,'CNC Maintenance Technician','','','',NULL,'4.',NULL,NULL,NULL,NULL,''),(77,'CNC Programmer','','','',NULL,'4.',NULL,NULL,NULL,NULL,''),(78,'Component and Product Designer','','','',NULL,'4.',NULL,NULL,NULL,NULL,''),(79,'Cosimir Robotic Operator','','','',NULL,'4.',NULL,NULL,NULL,NULL,''),(80,'Electrical and Mechanical Car Engine Technici','','','',NULL,'4.',NULL,NULL,NULL,NULL,''),(81,'Electrical Mechanic','','','',NULL,'4.',NULL,NULL,NULL,NULL,''),(82,'Electrical Welder','','','',NULL,'4.',NULL,NULL,NULL,NULL,''),(83,'Executing Mechanic','','','',NULL,'4.',NULL,NULL,NULL,NULL,''),(84,'Gas Welding Operator','','','',NULL,'4.',NULL,NULL,NULL,NULL,''),(85,'Hydraulic Pneumatic Operator','','','',NULL,'4.',NULL,NULL,NULL,NULL,''),(86,'Lathe Machine Operator','','','',NULL,'4.',NULL,NULL,NULL,NULL,''),(87,'Machine Designer','','','',NULL,'4.',NULL,NULL,NULL,NULL,''),(88,'Machinery and Tool Industrial Designer','','','',NULL,'4.',NULL,NULL,NULL,NULL,''),(89,'Maintenance Automotive Foreman','','','',NULL,'4.',NULL,NULL,NULL,NULL,''),(90,'Maintenance Supervisor','','','',NULL,'4.',NULL,NULL,NULL,NULL,''),(91,'Mechanic Technician','','','',NULL,'4.',NULL,NULL,NULL,NULL,''),(92,'Mechanical And Electrical (ME) Engineering Sp','','','',NULL,'4.',NULL,NULL,NULL,NULL,''),(93,'Mechanical Fluida','','','',NULL,'4.',NULL,NULL,NULL,NULL,''),(94,'Milling CNC Operator','','','',NULL,'4.',NULL,NULL,NULL,NULL,''),(95,'Milling Manual Operator','','','',NULL,'4.',NULL,NULL,NULL,NULL,''),(96,'Motorcycle Electro-Mechanic Technician','','','',NULL,'4.',NULL,NULL,NULL,NULL,''),(97,'Plastic Injection Machine Operator','','','',NULL,'4.',NULL,NULL,NULL,NULL,''),(98,'Programmable Logic Controller (PLC) Operator','','','',NULL,'4.',NULL,NULL,NULL,NULL,''),(99,'Press Machine Operator','','','',NULL,'4.',NULL,NULL,NULL,NULL,''),(100,'Press Wheel Operator','','','',NULL,'4.',NULL,NULL,NULL,NULL,''),(101,'Product and Process Analyst','','','',NULL,'4.',NULL,NULL,NULL,NULL,''),(102,'Production Foreman','','','',NULL,'4.',NULL,NULL,NULL,NULL,''),(103,'Production Manager','','','',NULL,'4.',NULL,NULL,NULL,NULL,''),(104,'Production Supervisor','','','',NULL,'4.',NULL,NULL,NULL,NULL,''),(105,'Programmer Supervisor','','','',NULL,'4.',NULL,NULL,NULL,NULL,''),(106,'Scrub Manual Operator','','','',NULL,'4.',NULL,NULL,NULL,NULL,''),(107,'Universal Testing Machine Operator','','','',NULL,'4.',NULL,NULL,NULL,NULL,''),(108,'Perawat','','Mengumpulkan, mengalisis dan mengintrepetasi data\r\nMengembangkan rencana tindakan keperawatan\r\nMelaksanakan asuhan keperawatan sesuai dengan konsep-konsep dan prinsip-prinsip ilmu perilaku, sosial budaya, ilmu biomedik\r\nMengevaluasi data permasalahan kepe','',NULL,'5.',NULL,NULL,NULL,NULL,''),(109,'Psikoterapi','','','',NULL,'5.',NULL,NULL,NULL,NULL,''),(110,'Caregiver','','memandikan lansia di tempat tidur, melayani BAB dan BAK, membersihkan mulut dan gigi palsu lansia, membantu mencuci rambut di tempat tidur, memotong kuku lansia, membantu berjalan lansia yang lumpuh, memindahkan lansia ke kursi roda dan sebaliknya, memban','merawat lansia di rumah atau di panti ',NULL,'6.1.',NULL,NULL,NULL,NULL,'dapat merawat lansia dengan prosedur yang benar'),(111,'Babysitter','','','',NULL,'6.1.',NULL,NULL,NULL,NULL,''),(112,'PLRT','','Merawat dan menyimpan bahan dan peralatan\r\npembersih rumah tangga, Menggunakan dan merawat peralatan rumah, Membersihkan ruang dapur, Membersihkan kamar mandi, Membersihkan dan merapikan tempat tidur, Membersihkan perabot dan asesoris rumah tangga, Merawa','kerja di rumah tanggan, Mengembangkan kerja sama dalam lingkungan rumah tangga',NULL,'6.1.',NULL,NULL,NULL,NULL,'Harus ex-Hongkong/Singapura (untuk Hongkong), Sehat jasmani dan rohani\r\n'),(113,'AC Technician','','','',NULL,'6.2.',NULL,NULL,NULL,NULL,''),(114,'Refrigerator Technician','','','',NULL,'6.2.',NULL,NULL,NULL,NULL,''),(115,'Electronics Technician','','','',NULL,'6.2.',NULL,NULL,NULL,NULL,''),(116,'Mason','','membuat pondasi, memasang batu bata, melakukan pengecoran, pembuatan dak, pembuatan lapisan dinding','Pekerjaan spesialisasi batu',NULL,'6.2.',NULL,NULL,NULL,NULL,'Menguasai teknik pemasangan pondasi dan rangka rumah'),(117,'Carpenter','','Melaksanakan Persyaratan Kesehatan dan Keselamatan Kerja dan Lingkungan (K3L), serta Peraturan Perundang-undangan yang terkait dengan Pelaksanaan Pekerjaan, Melakukan Komunikasi timbal balik di Tempat Kerja, Menggunakan Peralatan manual dan Perlatan Listr','Pekerjaan spesialisasi kayu',NULL,'6.2.',NULL,NULL,NULL,NULL,'menguasai teknik mengolah kayu sesuai prosedur'),(118,'Pipe Fitter','','Menerapkan ketentuan prinsip-prinsip sistem manajemen mutu dan sistem manajemen keselamatan dan kesehatan kerja dan Lingkungan dalam lingkup pekerjaan, menyambungkan pipa pipa','Pekerjaan spesialisasi pipa',NULL,'6.2.',NULL,NULL,NULL,NULL,'melakukan FIT-UP sebelum seorng Welder melakukan sebuah rangkaian pengelasan'),(119,'Blacksmith','','Menerapkan Keselamatan dan Kesehatan Kerja dan Lingkungan ( K3-L), Melaksanakan Pekerjaan Persiapan Lokasi Kerja, Melaksanakan Pekerjaan Pondasi Dangkal, pemotongan besi tulangangan pada pekerjaan beton, mengikat besi pertemuan pada pertemuan tulangan, pe','Pekerjaan spesialisasi besi',NULL,'6.2.',NULL,NULL,NULL,NULL,'menguasai teknik perlistrikkan yang baik dan benar sesuai prosedur'),(120,'Welder','','Menerapkan ketentuan prinsip-prinsip sistem manajemen mutu dan sistem manajemen keselamatan dan kesehatan kerja dan Lingkungan dalam lingkup pekerjaan','Pekerjaan spesialisasi pengelasan',NULL,'6.2.',NULL,NULL,NULL,NULL,'menguasai teknik pengelasan yang baik dan benar sesuai prosedur'),(121,'Painter','','Menerapkan ketentuan prinsip-prinsip sistem manajemen mutu dan sistem manajemen keselamatan dan kesehatan kerja dan Lingkungan dalam lingkup pekerjaan, mengecat dinding menggunakan mesin / manual','Pekerjaan spesialisasi pengecatan',NULL,'6.2.',NULL,NULL,NULL,NULL,'menguasai teknik pengecatan yang baik dan benar sesuai prosedur, memiliki pengetahuan tentang coating/ cat'),(122,'Nelayan','','mengangkat jaring dan mengemas ikan hasil tangkapan','Pekerjaan di atas kapal ikan',NULL,'7.1.',NULL,NULL,NULL,NULL,'menguasai teknik memancing dan menjait jaring, mempunyai pengalaman di laut minimal 1 tahun'),(123,'Cabin Steward','','','',NULL,'7.2.',NULL,NULL,NULL,NULL,''),(124,'Assistant Stateroom Steward','','','',NULL,'7.2.',NULL,NULL,NULL,NULL,''),(125,'Stateroom Steward','','','',NULL,'7.2.',NULL,NULL,NULL,NULL,''),(126,'Cook','','','',NULL,'7.2.',NULL,NULL,NULL,NULL,''),(127,'Cook Helper','','','',NULL,'7.2.',NULL,NULL,NULL,NULL,''),(128,'Waiter','','','',NULL,'7.2.',NULL,NULL,NULL,NULL,'');
/*!40000 ALTER TABLE `MASTER_JABATAN` ENABLE KEYS */;
UNLOCK TABLES;

--
-- Table structure for table `MASTER_JOB_OWNER`
--

DROP TABLE IF EXISTS `MASTER_JOB_OWNER`;
/*!40101 SET @saved_cs_client     = @@character_set_client */;
/*!40101 SET character_set_client = utf8 */;
CREATE TABLE `MASTER_JOB_OWNER` (
  `OWNER_ID` int(11) NOT NULL AUTO_INCREMENT,
  `OWNER_NAMA` varchar(45) NOT NULL,
  `WILAYAH_ID` varchar(45) DEFAULT NULL,
  `OWNER_LOGO` varchar(45) NOT NULL,
  `OWNER_NOMOR_TELPHONE` varchar(20) NOT NULL,
  `OWNER_ALAMAT_LENGKAP` varchar(255) NOT NULL,
  `OWNER_WEBSITE` varchar(255) NOT NULL,
  PRIMARY KEY (`OWNER_ID`),
  KEY `WILAYAH_ID` (`WILAYAH_ID`)
) ENGINE=InnoDB AUTO_INCREMENT=8 DEFAULT CHARSET=latin1;
/*!40101 SET character_set_client = @saved_cs_client */;

--
-- Dumping data for table `MASTER_JOB_OWNER`
--

LOCK TABLES `MASTER_JOB_OWNER` WRITE;
/*!40000 ALTER TABLE `MASTER_JOB_OWNER` DISABLE KEYS */;
INSERT INTO `MASTER_JOB_OWNER` VALUES (1,'PT. Samsung Electornic','1.1.21.','1','89779','Tanjung Priok ','www.samsung.com'),(2,'Pan Gulf Holding','1.1.','','(+966) 13 867 0444','P. O. Box - 2473, Al Khobar, Arab Saudi','http://www.pangulfholding.com/'),(3,'Qatar Primary Materials Company','1.6.','','0812345678','P.O Box: 22095','qpmc.com'),(4,'Qaryan Steel','1.1.','','0812345678','Dammam 2nd Industrial City','qaryansteel.com'),(5,'ASIA NDK CRYSTAL Sdn. Bhd','2.5.','','3434343','Shah Alam, Selangor','asiandkcrystal.com'),(6,'OSI OPTOELECTRONICS Sdn. Bhd','2.5.','','0812345678','Skudai, Johor, Malaysia','osiopto.com'),(7,'ASJ COMPONENTS (M) Sdn. Bhd.','2.5.','','0812345678','Senai, Johor','asjcomponent.com');
/*!40000 ALTER TABLE `MASTER_JOB_OWNER` ENABLE KEYS */;
UNLOCK TABLES;

--
-- Table structure for table `MASTER_KLASIFIKASI_DOK`
--

DROP TABLE IF EXISTS `MASTER_KLASIFIKASI_DOK`;
/*!40101 SET @saved_cs_client     = @@character_set_client */;
/*!40101 SET character_set_client = utf8 */;
CREATE TABLE `MASTER_KLASIFIKASI_DOK` (
  `KLASIFIKASI_ID` varchar(11) NOT NULL,
  `KLASIFIKASI_NAMA` varchar(100) NOT NULL,
  `GROUP` varchar(20) DEFAULT NULL
) ENGINE=InnoDB DEFAULT CHARSET=latin1;
/*!40101 SET character_set_client = @saved_cs_client */;

--
-- Dumping data for table `MASTER_KLASIFIKASI_DOK`
--

LOCK TABLES `MASTER_KLASIFIKASI_DOK` WRITE;
/*!40000 ALTER TABLE `MASTER_KLASIFIKASI_DOK` DISABLE KEYS */;
INSERT INTO `MASTER_KLASIFIKASI_DOK` VALUES ('1.','Identitas',NULL),('2.','Medical Record',NULL),('3.','Pendidikan',NULL),('4.','Asuransi',NULL),('10.','Fasilitas PPTKIS',NULL),('1.1.','KTP',NULL),('1.2.','Akta Kelahiran',NULL),('1.3.','Kartu Keluarga',NULL),('1.4.','Surat Izin',NULL),('1.5.','Paspor',NULL);
/*!40000 ALTER TABLE `MASTER_KLASIFIKASI_DOK` ENABLE KEYS */;
UNLOCK TABLES;

--
-- Table structure for table `MASTER_KOMPETENSI`
--

DROP TABLE IF EXISTS `MASTER_KOMPETENSI`;
/*!40101 SET @saved_cs_client     = @@character_set_client */;
/*!40101 SET character_set_client = utf8 */;
CREATE TABLE `MASTER_KOMPETENSI` (
  `KOMPETENSI_ID` int(11) NOT NULL AUTO_INCREMENT,
  `KOMPETENSI_NAMA` varchar(255) NOT NULL,
  `KOMPETENSI_SLUG` varchar(255) NOT NULL,
  `KOMPETENSI_TIPE` int(11) NOT NULL,
  `BIDANG_ID` varchar(11) NOT NULL,
  PRIMARY KEY (`KOMPETENSI_ID`),
  KEY `BIDANG_ID` (`BIDANG_ID`)
) ENGINE=InnoDB AUTO_INCREMENT=30 DEFAULT CHARSET=latin1;
/*!40101 SET character_set_client = @saved_cs_client */;

--
-- Dumping data for table `MASTER_KOMPETENSI`
--

LOCK TABLES `MASTER_KOMPETENSI` WRITE;
/*!40000 ALTER TABLE `MASTER_KOMPETENSI` DISABLE KEYS */;
INSERT INTO `MASTER_KOMPETENSI` VALUES (1,'MENCANGKUL2','mencangkul2',1,'1'),(2,'werwr','werwr',1,'1'),(3,'sdfasdf','sdfasdf',1,'1'),(4,'sdfsdfsf','sdfsdfsf',1,'1'),(5,'sdfsdfasf','sdfsdfasf',1,'1'),(6,'sdfsdfsdfsdf','sdfsdfsdfsdf',1,'0'),(7,'ASFASF','asfasf',1,'1'),(8,'ASFASF','asfasf',1,'1'),(9,'Desain Interior','desain-interior',1,'1.'),(10,'House Keeper','house-keeper',1,'2.'),(11,'Web Programming','web-programming',2,'4.'),(13,'COFFE CREATEOR','coffe-createor',2,'2.1.1.'),(14,'Gambar Bangungan','gambar-bangungan',2,'1.'),(15,'Desain Exterior Offiecer','desain-exterior-offiecer',2,'1.1.1.'),(16,'Desain Dapur','desain-dapur',2,'1.1.1.'),(17,'Desain Dashboard Mobil','desain-dashboard-mobil',2,'1.1.12.'),(23,'tes','tes',0,'5.'),(24,'','n-a',0,''),(25,'','n-a',0,''),(26,'','n-a',0,''),(27,'','n-a',0,''),(28,'','n-a',0,''),(29,'','n-a',0,'');
/*!40000 ALTER TABLE `MASTER_KOMPETENSI` ENABLE KEYS */;
UNLOCK TABLES;

--
-- Table structure for table `MASTER_KONTRAK`
--

DROP TABLE IF EXISTS `MASTER_KONTRAK`;
/*!40101 SET @saved_cs_client     = @@character_set_client */;
/*!40101 SET character_set_client = utf8 */;
CREATE TABLE `MASTER_KONTRAK` (
  `KONTRAK_ID` int(11) NOT NULL AUTO_INCREMENT,
  `KONTRAK_NAMA` varchar(255) NOT NULL,
  PRIMARY KEY (`KONTRAK_ID`)
) ENGINE=InnoDB AUTO_INCREMENT=2 DEFAULT CHARSET=latin1;
/*!40101 SET character_set_client = @saved_cs_client */;

--
-- Dumping data for table `MASTER_KONTRAK`
--

LOCK TABLES `MASTER_KONTRAK` WRITE;
/*!40000 ALTER TABLE `MASTER_KONTRAK` DISABLE KEYS */;
INSERT INTO `MASTER_KONTRAK` VALUES (1,'FULL-TIME');
/*!40000 ALTER TABLE `MASTER_KONTRAK` ENABLE KEYS */;
UNLOCK TABLES;

--
-- Table structure for table `MASTER_MATAUANG`
--

DROP TABLE IF EXISTS `MASTER_MATAUANG`;
/*!40101 SET @saved_cs_client     = @@character_set_client */;
/*!40101 SET character_set_client = utf8 */;
CREATE TABLE `MASTER_MATAUANG` (
  `MATAUANG_ID` int(11) NOT NULL AUTO_INCREMENT,
  `MATAUANG_CAPTION` varchar(255) NOT NULL,
  PRIMARY KEY (`MATAUANG_ID`)
) ENGINE=InnoDB AUTO_INCREMENT=2 DEFAULT CHARSET=latin1;
/*!40101 SET character_set_client = @saved_cs_client */;

--
-- Dumping data for table `MASTER_MATAUANG`
--

LOCK TABLES `MASTER_MATAUANG` WRITE;
/*!40000 ALTER TABLE `MASTER_MATAUANG` DISABLE KEYS */;
INSERT INTO `MASTER_MATAUANG` VALUES (1,'RUPIAH');
/*!40000 ALTER TABLE `MASTER_MATAUANG` ENABLE KEYS */;
UNLOCK TABLES;

--
-- Table structure for table `MASTER_PPTKIS`
--

DROP TABLE IF EXISTS `MASTER_PPTKIS`;
/*!40101 SET @saved_cs_client     = @@character_set_client */;
/*!40101 SET character_set_client = utf8 */;
CREATE TABLE `MASTER_PPTKIS` (
  `PPTKIS_ID` int(11) NOT NULL AUTO_INCREMENT,
  `PPTKIS_NAMA` varchar(100) DEFAULT NULL,
  `PPTKIS_ALAMAT` varchar(100) DEFAULT NULL,
  `WILAYAH_ID` varchar(100) DEFAULT NULL,
  `PPTKIS_LEGALITAS` varchar(100) DEFAULT NULL,
  `PPTKIS_DES_PENDEK` varchar(100) DEFAULT NULL,
  `PPTKIS_DES_PANJANG` text,
  `PPTKIS_NOMOR_TELPHONE` varchar(100) DEFAULT NULL,
  `PPTKIS_LOGO` varchar(255) DEFAULT NULL,
  `PPTKIS_COVER` varchar(255) DEFAULT NULL,
  `PPTKIS_STRUKTUR_ORGANISASI` varchar(255) DEFAULT NULL,
  PRIMARY KEY (`PPTKIS_ID`)
) ENGINE=InnoDB AUTO_INCREMENT=51 DEFAULT CHARSET=latin1;
/*!40101 SET character_set_client = @saved_cs_client */;

--
-- Dumping data for table `MASTER_PPTKIS`
--

LOCK TABLES `MASTER_PPTKIS` WRITE;
/*!40000 ALTER TABLE `MASTER_PPTKIS` DISABLE KEYS */;
INSERT INTO `MASTER_PPTKIS` VALUES (1,'PT. PRIMA DUTA SEJATI','JL.KAYU BESAR DALAM NO 18 RT.08 RW.11 CENGKARENG TIMUR',NULL,'KEP. 563/ 245/424.078/2017','Prima Duta Sejati Ltd adalah perusahaan pemasok tenaga kerja resmi dengan nomor ijin kerja 717 / MEN','<style type=\"text/css\"><!--td {border: 1px solid #ccc;}br {mso-data-placement:same-cell;}--></style><span style=\"font-size: 10pt;\" data-sheets-value=\"{&quot;1&quot;:2,&quot;2&quot;:&quot;Perusahaan kami, Prima Duta Sejati Ltd adalah perusahaan pemasok tenaga kerja resmi dengan nomor ijin kerja 717 / MEN / 2006 Prima Duta Sejati Ltd, didirikan pada tahun 1995, dimana beberapa direktur mulai mengeksplorasi bidang ini di luar negeri sampai tahun 1997, setelah 2 tahun pengalaman di luar negeri, direksi merasa sudah saatnya kembali ke Indonesia dengan visi dan misi untuk mendirikan perusahaan pemasok ketenagakerjaan, pada saat itu di bawah lisensi perusahaan lain di Surabaya. Dua tahun kemudian, dengan anugerah Tuhan, Prima Duta Sejat Ltd. didirikan di Surabaya. Pada tahun 2001, perusahaan tersebut dipindahkan ke lokasi yang lebih besar dan lebih baik di kota Gempol, pasuruan di Jawa Timur. Kami telah berada di sini sejak. Pusat pelatihan Prima Duta Sejati Ltd. Berdiri di atas tanah seluas 17.000 m2 dengan total luas bangunan 12.000 m2 yang dapat menampung 1200 orang sekaligus. \\nDi Prima Duta Sejati, pilihan calon pekerja dilakukan dengan sangat hati-hati untuk memastikan kualitas pekerja yang akan ditempatkan di luar negeri. Kami juga memiliki sistem kurikulum yang baik untuk pengajaran bahasa asing yang telah terbukti selama bertahun-tahun. Persentase pekerja kita yang gagal dalam pekerjaan karena ketidakmampuan bahasa kurang dari 5%. Pusat pelatihan terdiri dari 39 kelas dengan teknisi laboratorium bahasa. Ada juga 137 kamar mandi, fasilitas olah raga, 1200 tempat tidur, ruang kantor, dan lainnya. Semua fasilitas ini berkontribusi dalam membantu menciptakan pekerja berkualitas yang ditempatkan oleh Prima Duta Sejati di sektor pembantu rumah tangga, perawat, nelayan, perhotelan dan pekerja industri.\\nDengan total 35 instruktur bersertifikat pemerintah berpengalaman yang mengajarkan keterampilan bahasa kepada pekerja bahasa Kantonis, Inggris, dan Mandarin, dan juga staf administrasi dari 40 orang untuk menangani setiap divisi sesuai dengan negara tujuan. Sejak akhir tahun 1999 sampai 2007, Prima Duta Sejati telah berhasil menempatkan lebih dari 23 ribu pekerja formal dan informal di Jepang, Taiwan, Hong Kong, Singapura, Macau, Aruba dan Malaysia dengan tingkat keberhasilan 95%.\\nPrima Duta Sejati juga bekerja sama dengan PPNI, beberapa akademi Institut Kesehatan untuk merekrut perawat yang berkualitas dan dapat dipercaya. Prima Duta Sejati memiliki fasilitas yang lengkap untuk melatih perawat dengan instruktur bersertifikasi paling banyak dengan pengalaman di luar negeri untuk memastikan kualitas perawat kami terutama ke Taiwan.&quot;}\" data-sheets-userformat=\"{&quot;2&quot;:2110337,&quot;3&quot;:[null,0],&quot;10&quot;:1,&quot;11&quot;:4,&quot;12&quot;:0,&quot;15&quot;:&quot;Arial&quot;,&quot;16&quot;:10,&quot;24&quot;:[null,0,3,0,3]}\"><font face=\"arial\">Perusahaan kami, Prima Duta Sejati Ltd adalah perusahaan pemasok tenaga kerja resmi dengan nomor ijin kerja 717 / MEN / 2006 Prima Duta Sejati Ltd, didirikan pada tahun 1995, dimana beberapa direktur mulai mengeksplorasi bidang ini di luar negeri sampai tahun 1997, setelah 2 tahun pengalaman di luar negeri, direksi merasa sudah saatnya kembali ke Indonesia dengan visi dan misi untuk mendirikan perusahaan pemasok ketenagakerjaan, pada saat itu di bawah lisensi perusahaan lain di Surabaya. Dua tahun kemudian, dengan anugerah Tuhan, Prima Duta Sejat Ltd. didirikan di Surabaya. Pada tahun 2001, perusahaan tersebut dipindahkan ke lokasi yang lebih besar dan lebih baik di kota Gempol, pasuruan di Jawa Timur. Kami telah berada di sini sejak. Pusat pelatihan Prima Duta Sejati Ltd. Berdiri di atas tanah seluas 17.000 m2 dengan total luas bangunan 12.000 m2 yang dapat menampung 1200 orang sekaligus. <br><br>Di Prima Duta Sejati, pilihan calon pekerja dilakukan dengan sangat hati-hati untuk memastikan kualitas pekerja yang akan ditempatkan di luar negeri. Kami juga memiliki sistem kurikulum yang baik untuk pengajaran bahasa asing yang telah terbukti selama bertahun-tahun. Persentase pekerja kita yang gagal dalam pekerjaan karena ketidakmampuan bahasa kurang dari 5%. Pusat pelatihan terdiri dari 39 kelas dengan teknisi laboratorium bahasa. Ada juga 137 kamar mandi, fasilitas olah raga, 1200 tempat tidur, ruang kantor, dan lainnya. Semua fasilitas ini berkontribusi dalam membantu menciptakan pekerja berkualitas yang ditempatkan oleh Prima Duta Sejati di sektor pembantu rumah tangga, perawat, nelayan, perhotelan dan pekerja industri.<br><br>Dengan total 35 instruktur bersertifikat pemerintah berpengalaman yang mengajarkan keterampilan bahasa kepada pekerja bahasa Kantonis, Inggris, dan Mandarin, dan juga staf administrasi dari 40 orang untuk menangani setiap divisi sesuai dengan negara tujuan. Sejak akhir tahun 1999 sampai 2007, Prima Duta Sejati telah berhasil menempatkan lebih dari 23 ribu pekerja formal dan informal di Jepang, Taiwan, Hong Kong, Singapura, Macau, Aruba dan Malaysia dengan tingkat keberhasilan 95%.<br><br>Prima Duta Sejati juga bekerja sama dengan PPNI, beberapa akademi Institut Kesehatan untuk merekrut perawat yang berkualitas dan dapat dipercaya. Prima Duta Sejati memiliki fasilitas yang lengkap untuk melatih perawat dengan instruktur bersertifikasi paling banyak dengan pengalaman di luar negeri untuk memastikan kualitas perawat kami terutama ke Taiwan.</font></span>','021 55953329','PPTKIS_LOGO_c4ca4238a0b923820dcc509a6f75849b.jpg','PPTKIS_COVER_c4ca4238a0b923820dcc509a6f75849b.jpg',''),(2,'PT. SANJAYA PUTRA PERKASA',NULL,NULL,'KEP.MEN no 565 tahun 2016','PT Sanjaya Putera Perkasa menempatkan Tenaga Kerja ke Taiwan, Hongkong, Malaysia, Singapura','<div style=\"text-align: left;\"><span style=\"font-family: Arial;\">PT Sanjaya Putera Perkasa adalah Badan Usaha Perseroan yang bergerak dibidang jasa penempatan Tenaga Kerja Indonesia ke Luar Negeri.</span><b><br></b></div><div style=\"text-align: left;\"><span style=\"font-family: Arial;\"><br></span></div><div style=\"text-align: center;\"><b><span style=\"font-family: Arial;\">Arah dan Kebijakan Perusahaan&nbsp;</span></b></div><div><span style=\"font-family: Arial;\">Dalam rangka upaya pelaksanaan kebijakan peruhaan dalam usaha jasa pelayanan penempatan TKI ke Luar Negeri berpedoman pada:</span><div><span style=\"font-family: Arial;\">1. Tenaga Kerja Indonesia yang kami tempatkan bekerja pada sektor pekerjaaan Formal dan Informal</span></div><div><span style=\"font-family: Arial;\">2. Dalam hal penempatan kami berkomitmen meningkatkan kualitas dan kuantitas TKI dari semi terampil menjadi TKI terampil</span></div><div><span style=\"font-family: Arial;\">3. Menjalin kerjasama dengan instansi pemerintah baik pusat maupun di daerah daerah</span></div><div><span style=\"font-family: Arial;\">4. Menjalin kerjasama dengan mitra kerja kami di luar negeri dengan intensif</span></div></div>',NULL,'PPTKIS_LOGO_c81e728d9d4c2f636f067f89cc14862c.jpeg','PPTKIS_COVER_c81e728d9d4c2f636f067f89cc14862c.jpg','PPTKIS_STRUKTUR_ORGANISASI_c81e728d9d4c2f636f067f89cc14862c.png'),(3,'PT. FORWARD GLOBAL','Jl. Raya Tanjung No 52  54 Gempol',NULL,'SIUP NOMOR 444 TAHUN 2016','Perusahaan penempatan tenaga kerja Indonesia swasta (PPTKIS) ke negara Taiwan','<span style=\"font-family: Arial;\">PT. FORWARD GLOBAL sebagai perusahaan penempatan tenaga kerja Indonesia swasta (PPTKIS), berdiri sejak tahun 2005, dengan alamat di : Jl. Kayu Besar Dalam No. 18 Cengkareng Jakarta Barat 11730. PT FORWARD GLOBAL  adalah sebuah Perusahaan Pelaksana Penempatan Tenaga Kerja Indonesia Swasta yang menempatkan Tenaga Kerja Indonesia ke Luar Negeri baik di sektor Formal maupun Informal dengan Negara Tujuan Penempatan yaitu TAIWAN.</span><div><span style=\"font-family: Arial;\"><br></span></div><div><div style=\"text-align: center;\"><span style=\"font-family: Arial;\"><b>VISI</b></span></div><div><span style=\"font-family: Arial;\">Pengentasan kemiskinan, pengembangan sumber daya manusia dan meningkatkan taraf hidup masyarakat</span></div><div><span style=\"font-family: Arial;\"><br></span></div><div style=\"text-align: center;\"><span style=\"font-family: Arial;\"><b>MISI</b></span></div><div><span style=\"font-family: Arial;\">1. Mengurangi pengangguran dengan memperluas lapangan kerja ke Luar Negeri.</span></div><div><span style=\"font-family: Arial;\">2. Meningkatkan kualitas kerja.</span></div><div><span style=\"font-family: Arial;\">3. Menciptakan kemampuan profesional dan etos kerja produktif bagi TKI.</span></div><div><span style=\"font-family: Arial;\">4. Meningkatkan perlindungan Tenaga Kerja.</span></div><div><span style=\"font-family: Arial;\">5. Meningkatkan kesejahteraan Tenaga Kerja.</span></div></div>','098019231','PPTKIS_LOGO_eccbc87e4b5ce2fe28308fd9f2a7baf3.png','PPTKIS_COVER_eccbc87e4b5ce2fe28308fd9f2a7baf3.jpg','PPTKIS_STRUKTUR_ORGANISASI_eccbc87e4b5ce2fe28308fd9f2a7baf3.PNG'),(4,'PT. BINAMANDIRI MULIARAHARJA','',NULL,'','','','','PPTKIS_LOGO_a87ff679a2f3e71d9181a67b7542122c.jpg','PPTKIS_COVER_a87ff679a2f3e71d9181a67b7542122c.jpg','PPTKIS_STRUKTUR_ORGANISASI_a87ff679a2f3e71d9181a67b7542122c.png'),(5,'PT. DINASTY INSAN MANDIRI',NULL,NULL,NULL,NULL,NULL,NULL,NULL,NULL,NULL),(6,'PT. TIMURAYA JAYA LESTARI',NULL,NULL,'SIUP','PT. TIMURAYA JAYA LESTARI has grown to a large and highly respected man power supplier in Indonesia,','PT. TIMURAYA JAYA LESTARI has grown to a large and highly respected man power supplier in Indonesia, which is experienced in placing Indonesian formal and skilled workers in Asia-Pacific and Middle-East countries. Recently we boast an extensive range of modern training facilities, spacious office building, a vast recruitment network and very highly skilled staffs.',NULL,'PPTKIS_LOGO_1679091c5a880faf6fb5e6087eb1b2dc.PNG','PPTKIS_COVER_1679091c5a880faf6fb5e6087eb1b2dc.jpg','PPTKIS_STRUKTUR_ORGANISASI_1679091c5a880faf6fb5e6087eb1b2dc.png'),(7,'Karyatama Mitra Sejati',NULL,NULL,NULL,NULL,NULL,NULL,NULL,NULL,NULL),(8,'Prima Duta Sejati',NULL,NULL,NULL,NULL,NULL,NULL,NULL,NULL,NULL),(9,'Hamparan Karya Insani',NULL,NULL,NULL,NULL,NULL,NULL,NULL,NULL,NULL),(10,'Kijang Lombok Raya',NULL,NULL,NULL,NULL,NULL,NULL,NULL,NULL,NULL),(11,'Sahara Fajarindo Corp',NULL,NULL,NULL,NULL,NULL,NULL,NULL,NULL,NULL),(12,'Citra Catur Utama Karya',NULL,NULL,NULL,NULL,NULL,NULL,NULL,NULL,NULL),(13,'Berkat Sukses Makmur Sejahtera',NULL,NULL,NULL,NULL,NULL,NULL,NULL,NULL,NULL),(14,'Sampeang Alifid Mandiri',NULL,NULL,NULL,NULL,NULL,NULL,NULL,NULL,NULL),(15,'Tiaramas Ronagemilang',NULL,NULL,NULL,NULL,NULL,NULL,NULL,NULL,NULL),(16,'Perwita Nusaraya',NULL,NULL,NULL,NULL,NULL,NULL,NULL,NULL,NULL),(17,'Haena Duta Cemerlang',NULL,NULL,NULL,NULL,NULL,NULL,NULL,NULL,NULL),(18,'Sukamulia Mandiri Agung',NULL,NULL,NULL,NULL,NULL,NULL,NULL,NULL,NULL),(19,'Asamulia Indoman Power',NULL,NULL,NULL,NULL,NULL,NULL,NULL,NULL,NULL),(20,'Buana Rizqia Duta Selaras',NULL,NULL,NULL,NULL,NULL,NULL,NULL,NULL,NULL),(21,'Suma Jaya.',NULL,NULL,NULL,NULL,NULL,NULL,NULL,NULL,NULL),(22,'Bandar Laguna',NULL,NULL,NULL,NULL,NULL,NULL,NULL,NULL,NULL),(23,'Esdema Mandiri',NULL,NULL,NULL,NULL,NULL,NULL,NULL,NULL,NULL),(24,'Bhakti Persada Jaya',NULL,NULL,NULL,NULL,NULL,NULL,NULL,NULL,NULL),(25,'Dian Kharisma Mandiri',NULL,NULL,NULL,NULL,NULL,NULL,NULL,NULL,NULL),(26,'Asa Jaya',NULL,NULL,NULL,NULL,NULL,NULL,NULL,NULL,NULL),(27,'Cipta Rezeki Utama',NULL,NULL,NULL,NULL,NULL,NULL,NULL,NULL,NULL),(28,'Dewi Pengayom Bangsa',NULL,NULL,NULL,NULL,NULL,NULL,NULL,NULL,NULL),(29,'Lintas Cakrawala Buana',NULL,NULL,NULL,NULL,NULL,NULL,NULL,NULL,NULL),(30,'Citra Abdi Nusa',NULL,NULL,NULL,NULL,NULL,NULL,NULL,NULL,NULL),(31,'Pansomal Tirtanadi',NULL,NULL,NULL,NULL,NULL,NULL,NULL,NULL,NULL),(32,'PT ANGIN RIBUT','BANJARNEGARA',NULL,NULL,'BERGERAK DI BIDANG','BERGREAK','085747818383',NULL,NULL,NULL),(33,'PT ANGIN RIBUT.TBK','ASFADF',NULL,NULL,'ASF','ASFASF','085747818383',NULL,NULL,NULL),(34,'ANDRID','PT. narid',NULL,NULL,'kdkdk','ksksk','085747818383',NULL,NULL,NULL),(35,'PT. ANDRI RIYADI','JAKARATA UTARA',NULL,NULL,'BERGERAK DI BIDANG LAIN LAIN','BERGERA','021 991928',NULL,NULL,NULL),(36,'iqbalung','iqbalung',NULL,NULL,'iqbalung','iqblung','085747818383',NULL,NULL,NULL),(37,'ANDRID','asf',NULL,NULL,'asdf','asdf','asf',NULL,NULL,NULL),(38,'PT ANGIN RIBUT','asd',NULL,NULL,'asdf','asdf','asdf',NULL,NULL,NULL),(43,'adsfasf','ASF',NULL,NULL,'',NULL,'',NULL,NULL,NULL),(44,'adsfasf','ASF',NULL,NULL,'',NULL,'',NULL,NULL,NULL),(45,'PT. ANDRI RIYADI ','CIANJUR',NULL,NULL,'',NULL,'',NULL,NULL,NULL),(48,'sdfsdf','sdfsdf',NULL,'sdf','sdf',NULL,'',NULL,NULL,NULL),(49,'sksksk','kskk',NULL,'ksksk','ksksk',NULL,'',NULL,NULL,NULL),(50,'ksksj','skksk',NULL,'jsjsj','ksksk',NULL,'',NULL,NULL,NULL);
/*!40000 ALTER TABLE `MASTER_PPTKIS` ENABLE KEYS */;
UNLOCK TABLES;

--
-- Table structure for table `MASTER_STATUS_LAMARAN`
--

DROP TABLE IF EXISTS `MASTER_STATUS_LAMARAN`;
/*!40101 SET @saved_cs_client     = @@character_set_client */;
/*!40101 SET character_set_client = utf8 */;
CREATE TABLE `MASTER_STATUS_LAMARAN` (
  `ID` varchar(10) NOT NULL,
  `STATUS` varchar(255) DEFAULT NULL,
  PRIMARY KEY (`ID`)
) ENGINE=MyISAM AUTO_INCREMENT=5 DEFAULT CHARSET=latin1;
/*!40101 SET character_set_client = @saved_cs_client */;

--
-- Dumping data for table `MASTER_STATUS_LAMARAN`
--

LOCK TABLES `MASTER_STATUS_LAMARAN` WRITE;
/*!40000 ALTER TABLE `MASTER_STATUS_LAMARAN` DISABLE KEYS */;
INSERT INTO `MASTER_STATUS_LAMARAN` VALUES ('1.','PENDAFTAR'),('2.','CALON'),('3.','AKTIF'),('4.','PURNA'),('3.1.','BELUM KONFIRMASI SAMPAI'),('3.2.','AKTIF'),('4.2.','PINDAH '),('4.3.','PERPANJANG'),('4.1.','BELUM KONFIRMASI SAMPAI'),('4.4.','HILANG'),('4.5.','TERKENA KASUS'),('1.1.','TIDAK DITERIMA');
/*!40000 ALTER TABLE `MASTER_STATUS_LAMARAN` ENABLE KEYS */;
UNLOCK TABLES;

--
-- Table structure for table `MASTER_TPENDIDIKAN`
--

DROP TABLE IF EXISTS `MASTER_TPENDIDIKAN`;
/*!40101 SET @saved_cs_client     = @@character_set_client */;
/*!40101 SET character_set_client = utf8 */;
CREATE TABLE `MASTER_TPENDIDIKAN` (
  `PENDIDIKAN_ID` int(2) NOT NULL,
  `PENDIDIKAN_NAMA` varchar(150) NOT NULL,
  PRIMARY KEY (`PENDIDIKAN_ID`)
) ENGINE=InnoDB DEFAULT CHARSET=latin1;
/*!40101 SET character_set_client = @saved_cs_client */;

--
-- Dumping data for table `MASTER_TPENDIDIKAN`
--

LOCK TABLES `MASTER_TPENDIDIKAN` WRITE;
/*!40000 ALTER TABLE `MASTER_TPENDIDIKAN` DISABLE KEYS */;
INSERT INTO `MASTER_TPENDIDIKAN` VALUES (1,'SD'),(2,'SMP'),(3,'SMA/SMK'),(4,'D1'),(6,'D3'),(7,'S1/D4'),(9,'S2'),(10,'S3');
/*!40000 ALTER TABLE `MASTER_TPENDIDIKAN` ENABLE KEYS */;
UNLOCK TABLES;

--
-- Table structure for table `MASTER_WILAYAH`
--

DROP TABLE IF EXISTS `MASTER_WILAYAH`;
/*!40101 SET @saved_cs_client     = @@character_set_client */;
/*!40101 SET character_set_client = utf8 */;
CREATE TABLE `MASTER_WILAYAH` (
  `WILAYAH_ID` varchar(11) NOT NULL,
  `WILAYAH_NAMA` varchar(100) NOT NULL,
  `WILAYAH_DES_PANJANG` varchar(255) NOT NULL,
  `WILAYAH_DES_PENDEK` text NOT NULL,
  `WILAYAH_BENDERA` int(11) NOT NULL,
  `WILAYAH_LAT` int(11) NOT NULL,
  `WILAYAH_LONG` int(11) NOT NULL,
  PRIMARY KEY (`WILAYAH_ID`)
) ENGINE=InnoDB DEFAULT CHARSET=latin1;
/*!40101 SET character_set_client = @saved_cs_client */;

--
-- Dumping data for table `MASTER_WILAYAH`
--

LOCK TABLES `MASTER_WILAYAH` WRITE;
/*!40000 ALTER TABLE `MASTER_WILAYAH` DISABLE KEYS */;
INSERT INTO `MASTER_WILAYAH` VALUES ('','','','',0,0,0),('1.','Timur Tengah','','',0,0,0),('1.1.','Arab Saudi','','',0,0,0),('1.2.','Bahrain','','',0,0,0),('1.3.','Oman','','',0,0,0),('1.4.','UEA','','',0,0,0),('1.5.','Kuwait','','',0,0,0),('1.5.2.1.','Alor Setar','','',0,0,0),('1.6.','Qatar','','',0,0,0),('2.','Asia Pasifik','','',0,0,0),('2.10.','Bangladesh','','',0,0,0),('2.11.','Myanmar','','',0,0,0),('2.12.','Nepal','','',0,0,0),('2.13.','Tajikistan','','',0,0,0),('2.2.','Taiwan','','',0,0,0),('2.3.','Macau','','',0,0,0),('2.4.','Singapura','','',0,0,0),('2.5.','Malaysia','','',0,0,0),('2.5.1.','Johor','','',0,0,0),('2.5.1.1.','Johor Baru','','',0,0,0),('2.5.2.','Kedah','','',0,0,0),('2.5.3.','Kelantah','','',0,0,0),('2.5.3.1.','Kota Bahru','','',0,0,0),('2.5.4.','Melaka','','',0,0,0),('2.5.4.1.','Kota Melaka','','',0,0,0),('2.5.5.','Negeri Sembilan','','',0,0,0),('2.5.5.1.','Seremban','','',0,0,0),('2.5.6.','Perak','','',0,0,0),('2.5.6.1','Ipoh','','',0,0,0),('2.5.7.','Selangor','','',0,0,0),('2.5.7.1.','Ahah Alam','','',0,0,0),('2.5.8.','Terengganu','','',0,0,0),('2.5.8.1.','Kuala Terengganu','','',0,0,0),('2.6.','Korea Selatan','','',0,0,0),('2.7.','Jepang','','',0,0,0),('2.8.','Indonesia','','',0,0,0),('2.9.','Filipina','','',0,0,0);
/*!40000 ALTER TABLE `MASTER_WILAYAH` ENABLE KEYS */;
UNLOCK TABLES;

--
-- Table structure for table `MINAT_PEKERJA`
--

DROP TABLE IF EXISTS `MINAT_PEKERJA`;
/*!40101 SET @saved_cs_client     = @@character_set_client */;
/*!40101 SET character_set_client = utf8 */;
CREATE TABLE `MINAT_PEKERJA` (
  `PEKERJA_ID` int(11) NOT NULL,
  `BIDANG_ID` varchar(45) NOT NULL,
  KEY `PEKERJA_ID` (`PEKERJA_ID`),
  KEY `BIDANG_ID` (`BIDANG_ID`)
) ENGINE=InnoDB DEFAULT CHARSET=latin1;
/*!40101 SET character_set_client = @saved_cs_client */;

--
-- Dumping data for table `MINAT_PEKERJA`
--

LOCK TABLES `MINAT_PEKERJA` WRITE;
/*!40000 ALTER TABLE `MINAT_PEKERJA` DISABLE KEYS */;
INSERT INTO `MINAT_PEKERJA` VALUES (1,'1');
/*!40000 ALTER TABLE `MINAT_PEKERJA` ENABLE KEYS */;
UNLOCK TABLES;

--
-- Table structure for table `PARTNER_ASURANSI`
--

DROP TABLE IF EXISTS `PARTNER_ASURANSI`;
/*!40101 SET @saved_cs_client     = @@character_set_client */;
/*!40101 SET character_set_client = utf8 */;
CREATE TABLE `PARTNER_ASURANSI` (
  `ID` int(11) NOT NULL AUTO_INCREMENT,
  `NAMA` varchar(255) NOT NULL,
  `PROFILE` varchar(255) DEFAULT NULL,
  `PRODUK_LAYANAN` varchar(255) DEFAULT NULL,
  `TELP` varchar(255) DEFAULT NULL,
  `WEBSITE` varchar(255) DEFAULT NULL,
  `ALAMAT` varchar(255) DEFAULT NULL,
  `WILAYAH_ID` int(11) DEFAULT NULL,
  PRIMARY KEY (`ID`)
) ENGINE=InnoDB AUTO_INCREMENT=5 DEFAULT CHARSET=latin1;
/*!40101 SET character_set_client = @saved_cs_client */;

--
-- Dumping data for table `PARTNER_ASURANSI`
--

LOCK TABLES `PARTNER_ASURANSI` WRITE;
/*!40000 ALTER TABLE `PARTNER_ASURANSI` DISABLE KEYS */;
INSERT INTO `PARTNER_ASURANSI` VALUES (1,'PT. Asuransi Adira Dinamika','','','021 29667373',NULL,'Graha Adira, Lantai 5. Jl. MT. Haryono Kav. 42',NULL),(2,'PT. Victoria Insurance','','','',NULL,'Jalan Tomang Raya, Kav 33-37 Lantai 3B',NULL),(3,'PT. Malacca Trust Wuwungan Insurance','','','',NULL,'Chase Plaza 8th Floor, Jl. Jend. Sudirman Kav.21 ',NULL),(4,'BPJS',NULL,NULL,NULL,NULL,NULL,NULL);
/*!40000 ALTER TABLE `PARTNER_ASURANSI` ENABLE KEYS */;
UNLOCK TABLES;

--
-- Table structure for table `PARTNER_BLKLN`
--

DROP TABLE IF EXISTS `PARTNER_BLKLN`;
/*!40101 SET @saved_cs_client     = @@character_set_client */;
/*!40101 SET character_set_client = utf8 */;
CREATE TABLE `PARTNER_BLKLN` (
  `ID` int(11) NOT NULL AUTO_INCREMENT,
  `NAMA` varchar(255) NOT NULL,
  `PROFILE` varchar(255) DEFAULT NULL,
  `ALAMAT` varchar(255) DEFAULT NULL,
  `TELP` varchar(255) DEFAULT NULL,
  `NEGARA` varchar(255) DEFAULT NULL,
  `LEGALITAS` varchar(255) DEFAULT NULL,
  `AKREDITASI` varchar(255) DEFAULT NULL,
  `LAYANAN` varchar(255) DEFAULT NULL,
  `WILAYAH` varchar(255) DEFAULT NULL,
  PRIMARY KEY (`ID`)
) ENGINE=InnoDB AUTO_INCREMENT=130 DEFAULT CHARSET=latin1;
/*!40101 SET character_set_client = @saved_cs_client */;

--
-- Dumping data for table `PARTNER_BLKLN`
--

LOCK TABLES `PARTNER_BLKLN` WRITE;
/*!40000 ALTER TABLE `PARTNER_BLKLN` DISABLE KEYS */;
INSERT INTO `PARTNER_BLKLN` VALUES (1,'FORWARD GLOBAL','','',NULL,'',NULL,NULL,'',NULL),(2,'LPK PRIMA DUTA SEJATI','',NULL,NULL,'',NULL,NULL,NULL,'JAWA TIMUR'),(7,'WAHANA SUPPLY INDO / WAHANA DANAU INDAH','','Komp Perumahan Taman Indah Kec Pabuaran Karawaci - Tangerang, Telp: 021 6619237',NULL,'ASPAC',NULL,NULL,'','BANTEN'),(8,'MANPOWER INDONESIA','','KOMPLEK SENTRA KOSAMBI BLOK H1/G-H Jl RAYA KOSAMBI No: 47 KOSAMBI TIMUR, Telp: 021 55910727',NULL,'ASPAC',NULL,NULL,'','BANTEN'),(9,'RAJASA INTANA','','DS SERDANG KULON Rt 01/02 KEC PANONGAN CURUG TANGERANG, Telp: 021 6670741',NULL,'ASPAC',NULL,NULL,'','BANTEN'),(10,'ASSANA CITA MITRA BANGSA','','Jl DR SINTANALA GG-DO No: 59 TANGERANG, Telp: 021 55762956',NULL,'ASPAC',NULL,NULL,'','BANTEN'),(11,'YONASINDO INTRA PRATAMA','','Jl PEMBANGUNAN III KEL KARANGSARI KEC NEGLASARI TANGERANG, Telp: 021 55769656',NULL,'ASPAC',NULL,NULL,'','BANTEN'),(12,'SANG SURYA SENTOSA ABADI','','Jl MOH TOHA (RAYA MAUK KM 2) PABUARAN TUMPENG-TANGERANG, Telp: 021 6241971',NULL,'ASPAC',NULL,NULL,'','BANTEN'),(13,'ANTAR BANGSA CITRA DARMAINDO','','Jl Prancis No: 2 Komp Pantai Indah Dadap, Telp: 021 6682215',NULL,'ASPAC',NULL,NULL,'','BANTEN'),(14,'DANAMON WAHANA TENAGA KERJA','','Jl Halim Perdana Kusuma No: 121 Kebon Besar, Batu Ceper, Telp: 021 5534728',NULL,'ASPAC',NULL,NULL,'','BANTEN'),(15,'SUKMA KARYA SEJATI','','Jl DAAN MOGOT KM 19,4 GG MUSHOLLA Rt 03/02 TANGERANG, Telp: 021 5580235',NULL,'ASPAC',NULL,NULL,'','BANTEN'),(16,'BLKLN BARFO MAHDI','','Jl ASEM BARIS RAYA No: 3 KEBON BARU TEBET JAKSEL, Telp: 021 83784444',NULL,'Timur Tengah',NULL,NULL,'','DKI JAKARTA'),(17,'IFAN MARGATAMA','','Jl BATU AMPAR II GG PUSKESMAS N0 CONDET Jakarta Timur',NULL,'Timur Tengah',NULL,NULL,'','DKI JAKARTA'),(18,'SALHA PUTERI TUNGGAL','','Jl RD INTEN GG H NASIR No: 32 Rt 04/07 DUREN SAWIT, Jakarta Timur, Telp: 021 8197638',NULL,'Timur Tengah',NULL,NULL,'','DKI JAKARTA'),(19,'TRI TUNGGAL NUANSA PRIMATAMA','','Jl PULE No: 27 Rt 002 RW 09 CIRACAS, JAKARTA TIMUR',NULL,'Timur Tengah',NULL,NULL,'','DKI JAKARTA'),(20,'PT PRIMA PERSADA ABADI','','Jl MAN 6 Rt 08/04 KEL DUKUH, KEC KRAMAT JATI, Telp: 021 87781049',NULL,'Timur Tengah',NULL,NULL,'','DKI JAKARTA'),(21,'BINA INSAN SAKINAH','','WISMA CILIWUNG BLOK G No: 54 BUKIT DURI TANJAKAN',NULL,'Timur Tengah',NULL,NULL,'','DKI JAKARTA'),(22,'LANSIMA','','Jl Menteng Wadas Timur No: 17-D Jaksel, Telp: 021 8948521',NULL,'ASPAC',NULL,NULL,'','DKI JAKARTA'),(23,'MARBA SAFAR INTISARI','','Jl OTISTA No: 64 JAKARTA, Telp: 021 8511558',NULL,'Timur Tengah',NULL,NULL,'','DKI JAKARTA'),(24,'NOVENDA KARYA SEJATI','','Jl DAAN MOGOT RAYA KM 12 BLOK 12 B CENGKARENG TIMUR, Telp: 021 5445049',NULL,'ASPAC',NULL,NULL,'','DKI JAKARTA'),(25,'TRITAMA MEGAH ABADI','','Jl BATU AMPAR II/18A CONDET, Telp: 021 8011266',NULL,'Timur Tengah',NULL,NULL,'','DKI JAKARTA'),(26,'ADI MITRA SELARAS INTL','','Jl Batu Ampar IV No: 35 Condet , Kramat Jati , Jakarta Timur, Telp: 021 87797515',NULL,'Timur Tengah',NULL,NULL,'','DKI JAKARTA'),(27,'SARI WARt I AGUNG','','Jl PENGADEGAN UTARA Rt 010 RW 02 No: 15 CIKOKO, JAKSEL, Telp: 021 7984963',NULL,'Timur Tengah',NULL,NULL,'','DKI JAKARTA'),(28,'BUMEN JAYA DUTA PUTRA','','Jl INPRESS No: 47 KP TENGAH CONDET, Telp: 021',NULL,'Timur Tengah',NULL,NULL,'','DKI JAKARTA'),(29,'JATIM DUTA PEMBANGUNAN','','Jl SUKATANI No: 2 TEGAL ALUR, KALIDERES',NULL,'ASPAC',NULL,NULL,'','DKI JAKARTA'),(30,'MUSAFIR KELANA','','Jl SWADAYA IV Rt 04/10 CAKUNG JAKARTA TIMUR',NULL,'Timur Tengah',NULL,NULL,'','DKI JAKARTA'),(31,'LAKSANA TERAMPIL','','Jl Laut Arafuru kav 46 No: 3-4 komp Angkatan Laut Duren Sawit, Jakarta Timur',NULL,'Timur Tengah',NULL,NULL,'','DKI JAKARTA'),(32,'SAFIKA JAYA UTAMA','','Jl Cipinang Muara Raya No: 42A JAKARTA Timur',NULL,'Timur Tengah',NULL,NULL,'','DKI JAKARTA'),(33,'BUGHSAN LABRINDO','','Jl RAYA KELAPA DUA WETAN No: 17 CIRACAS Jakarta Timur',NULL,'Timur Tengah',NULL,NULL,'','DKI JAKARTA'),(34,'INDOKARSA GUNA BUANA','','Jl RAYA CONDET No: 29 Rt 05/04 KEL BATU AMPAR JAKARTA TIMUR',NULL,'ASPAC',NULL,NULL,'','DKI JAKARTA'),(35,'GENTA BINA KARYA','','Jl Darma Wanita V No: 10 Rawa Buaya Cengkareng',NULL,'ASPAC',NULL,NULL,'','DKI JAKARTA'),(36,'DWI TUNGGAL JAYA ABADI','','Jl Bambu Apus No: 45',NULL,'ASPAC',NULL,NULL,'','DKI JAKARTA'),(37,'DIAN BAKTI SETIA','','Jl DEMPO No: 2 A Rt 02/07 PEGANGASAAN MENTENG',NULL,'ASPAC',NULL,NULL,'','DKI JAKARTA'),(38,'RAHMAN PRATAMA SEJATI','','Jl Munggang No: 12 Condet, Jakarta Timur',NULL,'Timur Tengah',NULL,NULL,'','DKI JAKARTA'),(39,'BAHAM PUTRA ABADI','','Jl Pondok Kelapa V BlokB10 No: 9-10',NULL,'Timur Tengah',NULL,NULL,'','DKI JAKARTA'),(40,'BLKLN PADEMANGAN SEMESTA LESTARI','','Jl Raya Lenteng Agung No: 7 Jakarta Selatan',NULL,'ASPAC',NULL,NULL,'','DKI JAKARTA'),(41,'LIMBA JAYA','','Jl KAYU MANIS No: 7B BALEKAMBANG KRAMATJATI, Jakarta Timur',NULL,'ASPAC',NULL,NULL,'','DKI JAKARTA'),(42,'SATYA BHAKTI INDRAJAYA','','Jl Kamboja Dalam 1A Cijantung',NULL,'Timur Tengah',NULL,NULL,'','DKI JAKARTA'),(43,'NUSA SINAR PERKASA','','Jl JELAMBAR UTAMA SAKTI I No: 49 JAKARTA BARAT',NULL,'ASPAC',NULL,NULL,'','DKI JAKARTA'),(44,'KARYA SASMITA MANDIRI (KSM)','','Jl TANAH MERDEKA No: 39 Rt 014/04 KEL RAMBUTAN CIRACAS',NULL,'Timur Tengah',NULL,NULL,'','DKI JAKARTA'),(45,'DJAMIN HARAPAN ABADI','','Jl Betung Raya Pondok Bambu',NULL,'Timur Tengah',NULL,NULL,'','DKI JAKARTA'),(46,'BANTAL PERKASA SEJAHTERA','','Jl Condet Raya No: 777',NULL,'Timur Tengah',NULL,NULL,'','DKI JAKARTA'),(47,'AL HIJAZ INDOJAYA','','Jl BUDAYA N0 27 Rt 10/06 BATU AMPAR CONDET',NULL,'Timur Tengah',NULL,NULL,'','DKI JAKARTA'),(48,'DWI CITRA PUTRA MANDIRI','','Jl Siaga II No: 2 Pasar Minggu, Jakarta Selatan',NULL,'Timur Tengah',NULL,NULL,'','DKI JAKARTA'),(49,'CEGER SARI BUANA','','Jl PPA No: 24 Ceger',NULL,'ASPAC',NULL,NULL,'','DKI JAKARTA'),(50,'SUMBER INDOJAYA','','Jl Raya Tengah No: 60 , Kramat Jati 13540',NULL,'Timur Tengah',NULL,NULL,'','DKI JAKARTA'),(51,'ANTAR BANGSA CITRA DARMAINDO','','Jl PLUIT RAYA No: 132 JAKARTA UTARA',NULL,'ASPAC',NULL,NULL,'','DKI JAKARTA'),(52,'RAHANA KARINDO UTAMA','','Jl Olah Raga II / 23',NULL,'Timur Tengah',NULL,NULL,'','DKI JAKARTA'),(53,'BINTANG SUKMA SEJATI','','Jl Raya Lenteng Agung No: 1 JakSel',NULL,'ASPAC',NULL,NULL,'','DKI JAKARTA'),(54,'KENSUR HUTAMA','','Jl H NAMIN 27 A PONDOK KELAPA JAKARTA TIMUR',NULL,'Timur Tengah',NULL,NULL,'','DKI JAKARTA'),(55,'RAHAYU SEJAHTERA','','Jl H Samali No: 5 Rt 01 / 01 Pejaten Barat, Pasar Minggu',NULL,'Timur Tengah',NULL,NULL,'','DKI JAKARTA'),(56,'TISTAMA ARGA RAYA','','Jl WIJAYA TIMUR No: 99A KEBAYORAN BARU',NULL,'ASPAC',NULL,NULL,'','DKI JAKARTA'),(57,'DUMAS LINTAS BENUA','','Jl Kayu Putih Utara 1F No: 69-70',NULL,'Timur Tengah',NULL,NULL,'','DKI JAKARTA'),(58,'SABIKA ARABINDO','','Jl ASEM BARIS RAYA No: 3 JAKARTA SELATAN',NULL,'Timur Tengah',NULL,NULL,'','DKI JAKARTA'),(59,'JASA TAMA DANA MANDIRI','','Komp Ruko Pasir Mas Blok B No: 82 dan 8AA',NULL,'ASPAC',NULL,NULL,'','DKI JAKARTA'),(60,'GRAHATAMA INDOKARYA','','Jl MENTANG WADAS TIMUR No: 12 JAKSEL',NULL,'Timur Tengah',NULL,NULL,'','DKI JAKARTA'),(61,'RESTU PUTRI INDONESIA','','Jl ROBUSTA No: 32 PONDOK KOPI , Jakarta Timur',NULL,'ASPAC',NULL,NULL,'','DKI JAKARTA'),(62,'KALIAN JAYA','','Batu Sari I No: 82 Rt 17 / 02 Batu Ampar, Kramatjati',NULL,'ASPAC',NULL,NULL,'','DKI JAKARTA'),(63,'SUMAJAYA','','Jl Pulo Gebang Raya No: 25 JakTim',NULL,'ASPAC',NULL,NULL,'','DKI JAKARTA'),(64,'ORING JABU JAYA','','Jl INTAN RAYA No: 17 SUMURBATU JAKPUS',NULL,'Timur Tengah',NULL,NULL,'','DKI JAKARTA'),(65,'ALFINDO MAS BUANA','','Jl Pinawitengan Tengah No: 9A Pondok Bambu Jaktim',NULL,'Timur Tengah',NULL,NULL,'','DKI JAKARTA'),(66,'AMALINDO LANGGENG','','Jl KOMODOR 33 HALIM PERDANA KUSUMA JAKARTA TIMUR',NULL,'Timur Tengah',NULL,NULL,'','DKI JAKARTA'),(67,'RESTU BUNDA SEJATI','','Jl MASJID AL BARIYAH No: 19 KP TENGAH KR JATI Jakarta Timur',NULL,'Timur Tengah',NULL,NULL,'','DKI JAKARTA'),(68,'AMANITAMA BERKAH SEJATI','','Jl RAWA GURIH No: 24 Rt 002 RW 03 CONDET, Jakarta Timur',NULL,'Timur Tengah',NULL,NULL,'','DKI JAKARTA'),(69,'PUTRA INDO SEJAHTERA','','Jl Pademangan IV Ujung Blok E3 No: 1 Jak-Ut',NULL,'ASPAC',NULL,NULL,'','DKI JAKARTA'),(70,'DWI GUNA JAYA ABADI','','Jl KOMODOR HALIM PERDANA KUSUMA 19A JAKARTA TIMUR',NULL,'Timur Tengah',NULL,NULL,'','DKI JAKARTA'),(71,'SAFIR AMAL SEJATI','','Jl RAYA TPU PONDOK RANGGON Rt 05/05 No: 45 CIPAYUNG Jakarta Timur',NULL,'Timur Tengah',NULL,NULL,'','DKI JAKARTA'),(72,'ROSASENA PRIMAJAYA','','Jl RAYA INPRES KP TENGAH No: 71 KRAMAT JATI Jakarta Timur',NULL,'ASPAC',NULL,NULL,'','DKI JAKARTA'),(73,'KHIDMAT EL KASAB','','Jl Cipinang Cempedak IV No: 4A Polonia, JAKARTA Timur',NULL,'Timur Tengah',NULL,NULL,'','DKI JAKARTA'),(74,'AL-RIZRAH','','Jl SUCI No: 26 SUSUKAN, CIRACAS Jakarta Timur',NULL,'Timur Tengah',NULL,NULL,'','DKI JAKARTA'),(75,'BHAKTI PERSADA JAYA','','Jl BANTARJATI No: 60 Rt 05/02 CIPAYUNG JAKARTA TIMUR',NULL,'Timur Tengah',NULL,NULL,'','DKI JAKARTA'),(76,'BAHANA TIMUR MEGAH','','Jl A Rachman 18 - 19 - 20',NULL,'Timur Tengah',NULL,NULL,'','DKI JAKARTA'),(77,'BINA SETIA','','Jl DEWI SARt IKA 171 A',NULL,'Timur Tengah',NULL,NULL,'','DKI JAKARTA'),(78,'ERA SUTRA ALAM','','Jl CIPINANG LONTAR II /6 Jakarta Timur',NULL,'Timur Tengah',NULL,NULL,'','DKI JAKARTA'),(79,'DEFYA MANPOWER','','Jl BUKIT DURI SELATAN No: 5 E KEL BUKIT DURI, KEC TEBET',NULL,'ASPAC',NULL,NULL,'','DKI JAKARTA'),(80,'HOSANA ADI KREASI','','Jl Kenanga I Rt 07/02 No: 36 Kali Sari',NULL,'Timur Tengah',NULL,NULL,'','DKI JAKARTA'),(81,'AJI AYAH BUNDA SEJATI','','Jl MASJID AL KHAIRAT No: 35 CONDET',NULL,'Timur Tengah',NULL,NULL,'','DKI JAKARTA'),(82,'DINI NOER AL QOBA','','Jl CILILITAN KECIL I No: 15 KALIBATA , JAKARTA TIMUR',NULL,'Timur Tengah',NULL,NULL,'','DKI JAKARTA'),(83,'ARAFAH DUTA JASA','','Jl SMEA VI 2 Rt 08 / 09 Cawang',NULL,'Timur Tengah',NULL,NULL,'','DKI JAKARTA'),(84,'PUTRA AL IRSHAD MANDIRI','','Jl Condet Raya No: 96 Bale Kambang JAKARTA Timur',NULL,'Timur Tengah',NULL,NULL,'','DKI JAKARTA'),(85,'YANBU AL BAHAR','','Jl CONDET RAYA No: 54 JAKARTA TIMUR',NULL,'Timur Tengah',NULL,NULL,'','DKI JAKARTA'),(86,'PUTRA ALWINI','','Jl PERKUTUT No: 19 BUKIT DURI, JAKARTA SELATAN',NULL,'Timur Tengah',NULL,NULL,'','DKI JAKARTA'),(87,'YUOMBA BIBA ABADI','','Jl CIANGSANA PABUARAN WETAN Rt 03/06 GUNUNG PUTRI BOGOR',NULL,'Timur Tengah',NULL,NULL,'','JAWA BARAT'),(88,'KARYA PESONA SUMBER REJEKI','','Jl PELABUHAN II KM 8 KOTA SUKABUMI',NULL,'Timur Tengah',NULL,NULL,'','JAWA BARAT'),(89,'GRAHA AYU KARSA','','Ds Sariwangi No: 83 bandung, Telp: (022) 2017952, Fax: (022) 2010826',NULL,'ASPAC',NULL,NULL,'','JAWA BARAT'),(90,'TRIGANDA SWAJAYA','','KampSari Jaya Rt 06/02 BTB 15 Ds Puseur Jaya telukjambe, Krawang, Telp: (0267) 405860, 413950',NULL,'ASPAC',NULL,NULL,'','JAWA BARAT'),(91,'BINARAGA PERTIWI','','KP KARAJAN Rt 02/01 No: 79 JOMIN TIMUR KOTA BARU KAB KARAWANG',NULL,'ASPAC',NULL,NULL,'','JAWA BARAT'),(92,'PANDU ABDI PERTIWI','','Jl MUDA PARSI No: 100 JATIMAKMUR PD GEDE BEKASI',NULL,'ASPAC',NULL,NULL,'','JAWA BARAT'),(93,'LUCKY MITRA ABADI','','Jl RAYA MUSTIKA SARI No: 60 KP BABAKAN MUSTIKA JAYA BEKASI TIMUR',NULL,'ASPAC',NULL,NULL,'','JAWA BARAT'),(94,'KUSUMA INDAH','','Jl RAYA KODAU Rt 04/23 JATIRAHAYU PONDOK MELATI BEKASI',NULL,'Timur Tengah',NULL,NULL,'','JAWA BARAT'),(95,'FICOTAMA BINA TRAMPIL','','Jl Cemara Raya No: 2 - 4 Jaka Permai , Bekasi 17145',NULL,'Timur Tengah/ ASPAC',NULL,NULL,'','JAWA BARAT'),(96,'MUHASATAMA PERDANA','','Jl Tegal garu Cipeundeuy Subang Jabar, Telp: 026 713393',NULL,'Timur Tengah',NULL,NULL,'','JAWA BARAT'),(97,'BIDAR TIMUR','','Jl CIKUNIR BULAK Rt 04/12 JAKAMULYA BEKASI',NULL,'Timur Tengah',NULL,NULL,'','JAWA BARAT'),(98,'ABUL PRATAMA JAYA','','Jl RAYA KRANGGAN GG CENDRAWASIH No: 3 BEKASI',NULL,'Timur Tengah',NULL,NULL,'','JAWA BARAT'),(99,'SAPTA SAGUNA','','Jl MENDUT No: 51 KRANGGAN JATISAMPURNA BEKASI - JAWA BARAT',NULL,'Timur Tengah',NULL,NULL,'','JAWA BARAT'),(100,'INTI JAFFARINDO','','Jl WAHANA RAYA Rt 01 / 12, KEL TAPOS, KEC CIMANGGIS, KAB DEPOK',NULL,'Timur Tengah',NULL,NULL,'','JAWA BARAT'),(101,'YAYASAN LPTKI','','Jl PENGASINAN RAYA No: 50 RAWA LUMBU BEKASI',NULL,'ASPAC',NULL,NULL,'','JAWA BARAT'),(102,'YAYASAN KURNIA BHAKTI INSANI','','Jl Karanggan No: 99, Desa Karanggan, Gunung Putri, Bogor',NULL,'ASPAC',NULL,NULL,'','JAWA BARAT'),(103,'BIDAR PUTRA SUKSES','','Jl MUSTIKA JAYA No: 9 Rt 1/7 CIMUNING, BANTAR GEBANG, BEKASI',NULL,'ASPAC',NULL,NULL,'','JAWA BARAT'),(104,'AMRI MARGATAMA','','Jl Raya Kranggan Rt 05 / 06 No: 6 Jati Rangga',NULL,'Timur Tengah',NULL,NULL,'','JAWA BARAT'),(105,'PUTRA JABUNG PERKASA','','Jl Yayasan Nurul Huda No: 26, Bantar Gebang, Bekasi',NULL,'ASPAC',NULL,NULL,'','JAWA BARAT'),(106,'AGESA ASA JAYA','','Jl Pabuaran No: 64 Ciangsana Rt 03 / 06',NULL,'Timur Tengah',NULL,NULL,'','JAWA BARAT'),(107,'MARCORIA PUTRA','','Jl JAMBORE No: 20 Rt 01/06 HARJA MUKTI CIAMNGGIS DEPOK',NULL,'Timur Tengah',NULL,NULL,'','JAWA BARAT'),(108,'BAMA MAPAN BAHAGIA','','Jl Ciburial No: 10 Ciparigi Bogor Utara, Kedung Halang',NULL,'ASPAC',NULL,NULL,'','JAWA BARAT'),(109,'SUMBER KENCANA SEJAHTERA','','Jl Garuda No: 87 kp Kranggan Tengah , Jati Sampurna , Bekasi',NULL,'ASPAC',NULL,NULL,'','JAWA BARAT'),(110,'SALMAN PUTRA RAYANA','','Jl RAYA TAPOS Rt 003/01 CIMANGGIS - DEPOK',NULL,'Timur Tengah',NULL,NULL,'','JAWA BARAT'),(111,'AVIDA AVIA DUTA','','Jl Raya Hankam No: 37 Pondok Gede, Bekasi',NULL,'Timur Tengah',NULL,NULL,'','JAWA BARAT'),(112,'ASSAMI ANANDA MANDIRI','','Jl Hankam Raya No: 7 Jati Sempurna, Bekasi',NULL,'Timur Tengah',NULL,NULL,'','JAWA BARAT'),(113,'JAUHARA PERDANA SATU','','Jl KRANGGAN PASAR Rt 003/003 JATISAMPUR KOTA BEKASI',NULL,'Timur Tengah',NULL,NULL,'','JAWA BARAT'),(114,'LANSIMA 2','','Jl MASENG RAYA, DESA MASENG, KEC CIJERUK, KAB BOGOR',NULL,'ASPAC',NULL,NULL,'','JAWA BARAT'),(115,'BINHASAN MAJU SEJAHTERA','','Jl GAS ALAM RAYA No: 61 CIMANGGIS DEPOK',NULL,'Timur Tengah',NULL,NULL,'','JAWA BARAT'),(116,'PUTRI MANDIRI ABADI','','Jl Dr Ratna 69 Hm Idrus I No: 58 Jati Kramat - Jati asih Bekasi 17421',NULL,'Timur Tengah',NULL,NULL,'','JAWA BARAT'),(117,'ELKARIM MAKMUR SENTOSA','','Jl KH Masud No: 2 Rt 02 / 05 Ds Tridaya Sakti, Tambun Selatan, Bekasi',NULL,'ASPAC',NULL,NULL,'','JAWA BARAT'),(118,'AKBAR ICHTIAR','','Jl R H Udiar No: 1 Rt 08 / 01 kel Jaka Mulya, Cikunir - Bekasi Selatan',NULL,'Timur Tengah',NULL,NULL,'','JAWA BARAT'),(119,'YAYASAN MARIKA GITA INSANI (MAGITA)','','Jl H RUIN No: 69 KELAPA DUA CIMANGGIS DEPOK 16951',NULL,'ASPAC',NULL,NULL,'','JAWA BARAT'),(120,'GAYUNG MULYA IKIF','','Jl RAYA PARUNG No: 69 BOGOR JAWA BARAT',NULL,'Timur Tengah',NULL,NULL,'','JAWA BARAT'),(121,'AMIL FAJAR INTERNASIONAL','','NAGRAK CIANGSANA',NULL,'Timur Tengah',NULL,NULL,'','JAWA BARAT'),(122,'TIMURAYA JAYA LESTARI','','Jl MEKAR SARI RAYA No: 5 CIMANGGIS DEPOK',NULL,'Timur Tengah',NULL,NULL,'','JAWA BARAT'),(123,'REKSATAMA PRASADA','','Jl KP BABAKAN Rt 03/07 DS DAYEUH CILEUNGSI BOGOR',NULL,'Timur Tengah',NULL,NULL,'','JAWA BARAT'),(124,'ARYA DUTA BERSAMA','','Jl Bintara IX No: 7 Rt 01 / 01 Kp Setu Bintara',NULL,'ASPAC',NULL,NULL,'','JAWA BARAT'),(125,'MULTI INSAN AMANAH','','Jl HANKAM RAYA No: 131 PONDOK GEDE BEKASI',NULL,'Timur Tengah',NULL,NULL,'','JAWA BARAT'),(126,'BARKAHAYU SAFARINDO','','Jl RAYA KRANGGAN No: 51 JATIRANGGON BEKASI',NULL,'Timur Tengah',NULL,NULL,'','JAWA BARAT'),(127,'KEMUNING BUNGA SEJATI','','Jl Raya Kilanggan Rt 01 / 08 No: 13',NULL,'Timur Tengah',NULL,NULL,'','JAWA BARAT'),(128,'DIAHSARI KARTIKA JAYA','','Jl RAYA SUKABUMI CICURUG SUKABUMI',NULL,'Timur Tengah',NULL,NULL,'','JAWA BARAT'),(129,'TEJAMUKTI ABADI','','Jl ANGGREK II SETIA MEKAR TAMBUN BEKASI',NULL,'ASPAC',NULL,NULL,'','JAWA BARAT');
/*!40000 ALTER TABLE `PARTNER_BLKLN` ENABLE KEYS */;
UNLOCK TABLES;

--
-- Table structure for table `PARTNER_LK`
--

DROP TABLE IF EXISTS `PARTNER_LK`;
/*!40101 SET @saved_cs_client     = @@character_set_client */;
/*!40101 SET character_set_client = utf8 */;
CREATE TABLE `PARTNER_LK` (
  `ID` int(11) NOT NULL AUTO_INCREMENT,
  `NAMA` varchar(255) NOT NULL,
  `JENIS` varchar(255) DEFAULT NULL,
  `PROFILE` varchar(255) DEFAULT NULL,
  `PRODUK_LAYANAN` varchar(255) DEFAULT NULL,
  `ALAMAT` varchar(255) DEFAULT NULL,
  `TELP` varchar(255) DEFAULT NULL,
  `WILAYAH_ID` int(11) DEFAULT NULL,
  `WEBSITE` varchar(255) DEFAULT NULL,
  PRIMARY KEY (`ID`)
) ENGINE=InnoDB AUTO_INCREMENT=116 DEFAULT CHARSET=latin1;
/*!40101 SET character_set_client = @saved_cs_client */;

--
-- Dumping data for table `PARTNER_LK`
--

LOCK TABLES `PARTNER_LK` WRITE;
/*!40000 ALTER TABLE `PARTNER_LK` DISABLE KEYS */;
INSERT INTO `PARTNER_LK` VALUES (1,'PT. BANK RAKYAT INDONESIA (PERSERO), Tbk',NULL,NULL,NULL,'Jl. Jend. Sudirman Kav. 44-46, Jakarta 10210','(021) 2510244, 2510254, 2510269-264',NULL,'www.bri.co.id'),(2,'PT. BANK MANDIRI (PERSERO), Tbk',NULL,NULL,NULL,'Plaza Mandiri, Jl. Gatot Subroto Kav. 36-38, Jakarta 12190','(021) 5245006, 5245858, 5245849, 52997777',NULL,'www.bankmandiri.co.id'),(3,'PT. BANK NEGARA INDONESIA (PERSERO), Tbk',NULL,NULL,NULL,'Jl. Jend. Sudirman Kav. 1, Jakarta 10220','(021) 2511218-19-20-22-24-25-26-29',NULL,'www.bni.co.id'),(4,'PT. BANK TABUNGAN NEGARA (PERSERO), Tbk',NULL,NULL,NULL,'Gedung Menara BTN, Jl. Gajah Mada No. 1, Jakarta 10130','(021) 2310490, 6336789, 26533555',NULL,'www.btn.co.id'),(5,'PT. BANK DANAMON INDONESIA, Tbk',NULL,NULL,NULL,'Menara Bank Danamon, Jl. HR. Rasuna Said Blok C No. 10, Karet Setiabudi, Jakarta Selatan 12940','(021) 8064?5000',NULL,'www.danamon.co.id'),(6,'PT. BANK PERMATA, Tbk',NULL,NULL,NULL,'Gedung World Trade Center (WTC) II, Jl. Jend. Sudirman Kav. 29-31 Jakarta 12920','(021) 5237788',NULL,'www.permatabank.com'),(7,'PT. BANK CENTRAL ASIA, Tbk',NULL,NULL,NULL,'Menara BCA, Grand Indonesia Jl. M.H Thamrin No. 1, Jakarta 10310','(021) 2358-8000',NULL,'www.klikbca.com'),(8,'PT. BANK MAYBANK INDONESIA, Tbk?',NULL,NULL,NULL,'Gedung Sentral Senayan 3, Lt. 26, Jl. Asia Afrika No. 8, Gelora Bung Karno - Senayan, Jakarta Pusat 10270','(021) 29228888',NULL,'www.maybank.co.id'),(9,'PT. PAN INDONESIA BANK, Tbk',NULL,NULL,NULL,'Panin Bank Centre, Jl. Jend. Sudirman Kav. 1 (Senayan), Jakarta 10270','(021) 2700545 (10 lines)',NULL,'www.panin.co.id'),(10,'PT. BANK CIMB NIAGA, Tbk',NULL,NULL,NULL,'Graha Niaga / Niaga Tower Jl. Jend. Sudirman Kav. 58, Jakarta 12190','(021) 2505151, 2505252, 2505353',NULL,'www.cimbniaga.com'),(11,'PT. BANK UOB INDONESIA',NULL,NULL,NULL,'Gedung UOB Plaza, Jl. M.H. Thamrin No. 10 Jakarta 10230','(021) 23506000',NULL,'www.uob.co.id'),(12,'PT. BANK OCBC NISP, Tbk',NULL,NULL,NULL,'OCBC NISP Tower, Jl. Prof.Dr. Satrio Kav. 25, Jakarta Selatan 12950','(021) 25533888',NULL,'www.ocbcnisp.com'),(13,'PT. BANK ARTHA GRAHA INTERNASIONAL, Tbk',NULL,NULL,NULL,'Gedung Arha Graha, Lt. 5, Jl. Sudirman Kav. 52-53, Senayan, Jakarta 12190','(021) 5711095, 5152168',NULL,'www.arthagraha.com'),(14,'PT. BANK BUMI ARTA, Tbk',NULL,NULL,NULL,'Jl. KH. Wahid Hasyim No. 234, Jakarta 10250','(021) 2300893, 2300455',NULL,'www.bankbba.co.id'),(15,'PT BANK HSBC INDONESIA?',NULL,NULL,NULL,'Gedung WTC 1, Lt. 8-9 Jl. Jendral Sudirman Kav.29-31, Jakarta 12920','(021) 25545800?',NULL,'www.bankekonomi.co.id'),(16,'PT. BANK JTRUST INDONESIA, Tbk',NULL,NULL,NULL,'Gedung Sahid Sudirman Center Lt. 33 Jl. Sudirman No. 86, Jakarta Pusat 10220','(021) 29261111(HUNTING)',NULL,'www.jtrustbank.co.id'),(17,'PT. BANK MAYAPADA INTERNATIONAL, Tbk',NULL,NULL,NULL,'Mayapada Tower - 2nd Floor, Jl. Jend. Sudirman Kav. 28, Jakarta 12920','(021) 5212288, 5212300',NULL,'www.bankmayapada.com'),(18,'PT. BANK NUSANTARA PARAHYANGAN, Tbk',NULL,NULL,NULL,'Jl. Ir. H. Juanda No. 95, Bandung 40132','(022) 82560100',NULL,'www.bankbnp.com'),(19,'PT. BANK OF INDIA INDONESIA, Tbk',NULL,NULL,NULL,'Jl. H. Samanhudi No. 37, Jakarta 10710','(021) 3808178, 3500007 (HUNTING)',NULL,'www.boiindonesia.co.id'),(20,'PT. BANK MUAMALAT INDONESIA, Tbk',NULL,NULL,NULL,'Gedung Muamalat Tower,Jl. Prof. Dr. Satrio Kav. 18, Jakarta 10220?','(021) 80666000',NULL,'www.muamalatbank.com'),(21,'PT. BANK MESTIKA DHARMA, Tbk',NULL,NULL,NULL,'Jl. Zainul Arifin 118, Medan 20153','(061) 4525800, 4560991-5500',NULL,'www.bankmestika.co.id'),(22,'PT BANK SHINHAN INDONESIA',NULL,NULL,NULL,'Ged. International Financial Centre (IFC) Tower 2 Lt. Dasar, Mezz?anine, 30 dan 31 Jl. Jend. Sudirman Kav. 22-23 Jakarta Selatan','(021) 29751500',NULL,'www.shinhan.co.id'),(23,'PT. BANK SINARMAS, Tbk',NULL,NULL,NULL,'Sinarmas Land Plaza, Menara I, Lt. 1 &2 Jl. MH. Thamrin Kav. 51, Jakarta 10350','(021) 31990101',NULL,'www.banksinarmas?.co.id'),(24,'PT. BANK MASPION INDONESIA, Tbk',NULL,NULL,NULL,'Jl. Basuki Rahmat No. 50 - 54, Surabaya','(031) 5319818, 5456334, 5356123',NULL,'www.bankmaspion.co.id'),(25,'PT. BANK GANESHA',NULL,NULL,NULL,'Wisma Hayam Wuruk Lt.1 & 2, Jl. Hayam Wuruk No. 8, Jakarta Pusat','(021) 29109900',NULL,'www.bankganesha.co.id'),(26,'PT. BANK ICBC INDONESIA',NULL,NULL,NULL,'ICBC Tower Lt. 32, Jl. M.H. Thamrin No. 81, Jakarta Pusat','021-23556000',NULL,'www.icbcindo.com'),(27,'PT. BANK QNB INDONESIA, Tbk',NULL,NULL,NULL,'QNB Tower, 18 Parc SCBD Jl. Jend Sudirman Kav. 52-53 Jakarta 12190','(021) 5155155',NULL,'www.qnb.co.id'),(28,'PT. BANK WOORI SAUDARA INDONESIA 1906, Tbk',NULL,NULL,NULL,'Gedung Bank Saudara, Jl. Diponegoro No. 28, Bandung 40115','(022) 87831906, 8781900',NULL,'www.banksaudara.com'),(29,'PT. BANK MEGA, Tbk',NULL,NULL,NULL,'Menara Bank Mega Lt.15, Jl. Kapten Tendean Kav. 12-14 A, Jakarta 12790','(021) 7917500',NULL,'www.bankmega.com'),(30,'PT. BANK BNI SYARIAH',NULL,NULL,NULL,'Gedung Tempo Pavilion 1, Jl. HR Rasuna Said Kav. 11, Jakarta','(021) 29667946',NULL,'www.bnisyariah.co.id'),(31,'PT. BANK BUKOPIN, Tbk',NULL,NULL,NULL,'Jl. MT. Haryono Kav. 50-51, Jakarta 12770','(021) 7989837, 7988266',NULL,'www.bukopin.co.id'),(32,'PT. BANK SYARIAH MANDIRI',NULL,NULL,NULL,'Wisma Mandiri, Jl. M. H. Thamrin No. 5, Jakarta 10340','(021) 52997755, 2300509, 39839000',NULL,'www.syariahmandiri.co.id'),(33,'PT. BANK KEB HANA INDONESIA',NULL,NULL,NULL,'Wisma Mulia Lt. 52, Suite 5201 Jl. Jend. Gatot Subroto No. 42, Jakarta 12170','(021) 5220222, 5220223',NULL,'www.hanabank.co.id'),(34,'PT BANK MNC INTERNASIONAL, Tbk',NULL,NULL,NULL,'Gedung MNC Financial Center, Lt. 6,7,8 Jl. Kebon Sirih Raya No. 27, Jakarta Pusat 10340','(021) 3919898',NULL,'www.mncbank.co.id'),(35,'PT. BANK RAKYAT INDONESIA AGRONIAGA, Tbk',NULL,NULL,NULL,'Gedung BRI Agro, Jl. Warung Jati Barat No. 139, Jakarta Selatan 12740','(021) 79199980 (Hunting)',NULL,'www.bankagro.co.id'),(36,'PT. BANK SBI INDONESIA',NULL,NULL,NULL,'Graha Mandiri, Jl. Imam Bonjol No.61 Lt. 1, Jakarta Pusat 10310','(021) 39838747, 3805080',NULL,'www.sbiindo.com'),(37,'PT. BANK MEGA SYARIAH',NULL,NULL,NULL,'Menara Mega Syariah, Jl. HR Rasuna Said Kav. 19A, Jakarta 12950','(021) 29852000',NULL,'www.megasyariah.co.id'),(38,'PT. BANK INDEX SELINDO',NULL,NULL,NULL,'Plaza Permata Lt. 8 Jl. M. H. Thamrin No. 57 Jakarta Pusat','(021) 3922328',NULL,'www.bankindex.co.id'),(39,'PT. BANK MAYORA',NULL,NULL,NULL,'Gedung Mayora, Jl. Tomang Raya Kav. 21-23, Jakarta 11440','(021) 5655287-88',NULL,'www.bankmayora.com'),(40,'PT BANK CHINA CONSTRUCTION BANK INDONESIA, Tbk?',NULL,NULL,NULL,'Equity Tower Lt. 9, Sudirman Central Business District (SCBD) Jl. Jend. Sudirman, Kav 52-53','(021) 51401707',NULL,'http://idn.ccb.com/'),(41,'PT. BANK SUMITOMO MITSUI INDONESIA',NULL,NULL,NULL,'Menara BTPN Lt.35,36 dan 37 JL.Dr. Ide Anak Agung Gde Agung Kav. 5.5 -5.6, Jakarta Selatan','(021) 80862500',NULL,'www.smbc.co.id'),(42,'PT. BANK DBS INDONESIA',NULL,NULL,NULL,'DBS Bank Tower, Lobby Level Lt 33-37 Ciputra World 1, Jl. Prof. Dr. Satrio Kav 3-5 Jakarta 12940','(021) 29885000',NULL,'www.dbs.com'),(43,'PT. BANK RESONA PERDANIA',NULL,NULL,NULL,'Menara Mulia Lt. 5 & 6, Suite 501 & 601 Jl. Gatot Subroto Kav. 9-11, Jakarta','(021) 5701958',NULL,'www.perdania.co.id'),(44,'PT. BANK MIZUHO INDONESIA',NULL,NULL,NULL,'Sinarmas Land Plaza, Menara 2 Lt. 24, Jl. MH. Thamrin No. 51, Jakarta 10350','(021) 3925222',NULL,'www.mizuhocbk.co.id'),(45,'PT. BANK CAPITAL INDONESIA, Tbk',NULL,NULL,NULL,'Sona Topaz Tower Lt. 12, Jl. Jend. Sudirman Kav. 26, Jakarta 12920','(021) 2520234, 2520345, 2506768',NULL,'www.bankcapital.co.id'),(46,'PT. BANK BNP PARIBAS INDONESIA',NULL,NULL,NULL,'Menara BCA, Lt. 35 Jl. MH. Thamrin No. 1 Jakarta 10310','(021) 2358626',NULL,'www.bnpparibas.co.id'),(47,'PT. BANK ANZ INDONESIA',NULL,NULL,NULL,'ANZ Tower 8th Floor Jl. Jend. Sudirman Kav. 33A, Jakarta','(021) 5750300',NULL,'www.anz.com'),(48,'PT. BANK RABOBANK INTERNATIONAL INDONESIA',NULL,NULL,NULL,'Noble House Jl.Dr. Ide Anak Agung Gde Agung Kav. E 4.2 No. 2 Lantai 30 & 32 Lingkar Mega Kuningan, Jakarta Selatan','(021) 30021888',NULL,'www.rabobank.co.id'),(49,'PT. BANK AGRIS, Tbk',NULL,NULL,NULL,'Wisma GKBI Suites-UG01 Jl. Jendral Sudirman No. 29, Jakarta','021-57908888',NULL,'www.bankagris.co.id'),(50,'PT. BANK MAYBANK SYARIAH INDONESIA',NULL,NULL,NULL,'Sona Topas Tower Lt. 1-3, Jl. Jend. Sudirman Kav. 26, Jakarta 12920','(021) 2506446',NULL,'www.maybanksyariah.co.id'),(51,'PT. BANK CTBC INDONESIA',NULL,NULL,NULL,'Tamara Center Lt. 15-17, Jl. Jend. Sudirman Kav. 24, Jakarta 12920','(021) 25578787',NULL,'www.chinatrust.co.id'),(52,'PT. BANK COMMONWEALTH',NULL,NULL,NULL,'World Trade Centre (WTC) 6, Jl. Jend. Sudirman Kav.29-31, Jakarta 12920','(021) 25549500',NULL,'www.commbank.co.id'),(53,'PT. BANK TABUNGAN PENSIUNAN NASIONAL, Tbk',NULL,NULL,NULL,'SBD Mega Kuningan, Jl. Dr. IAAG Agung Kav. 5,5 - 5,6 Jakarta Selatan 12950','(021) 30026200',NULL,'www.btpn.com'),(54,'PT. BANK VICTORIA SYARIAH',NULL,NULL,NULL,'Gedung The Victoria, Jalan Tomang Raya Kav.3, Jakarta Barat','(021) 5600467',NULL,'www.bankvictoriasyariah.co.id'),(55,'PT. BANK BRI SYARIAH',NULL,NULL,NULL,'Jl. Abdul Muis No. 2-4, Jakarta Pusat','(021) 3810226',NULL,'www.brisyariah.co.id'),(56,'PT. BANK JABAR BANTEN SYARIAH',NULL,NULL,NULL,'Jl. Braga No. 135 Bandung','022-4202599',NULL,'www.bjbsyariah.co.id'),(57,'PT. BANK BISNIS INTERNASIONAL',NULL,NULL,NULL,'Jl. Ir. H. Djuanda No. 137, Bandung','(022) 2501787, 2511900, 4233458',NULL,'www.bankbisnis.com'),(58,'PT. BANK ANDARA',NULL,NULL,NULL,'Gedung Sahid Sudirman Center, Unit A & B Lt. 56 Jl. Jend. Sudirman Kav. 86, Jakarta','(021) 5260707',NULL,'www.bankandara.co.id'),(59,'PT. BANK JASA JAKARTA',NULL,NULL,NULL,'Jl. Tiang Bendera III No. 26-28-30, Jakarta 11230','(021) 6902611, 6906950',NULL,'www.bjj.co.id'),(60,'PT. BANK YUDHA BHAKTI, Tbk',NULL,NULL,NULL,'Gd. Gozco, Jl. Raya Pasar Minggu Kav.32 Pancoran, Jakarta Selatan','(021) 29752975',NULL,'www.yudhabhakti.co.id'),(61,'PT. BANK MITRANIAGA, Tbk',NULL,NULL,NULL,'Jl. S. Parman Kav. 77 Slipi Lt. Dsr & Lt. 2, Jakarta 11410','(021) 5481877',NULL,'www.bankmitraniaga.co.id'),(62,'PT. BANK ROYAL INDONESIA',NULL,NULL,NULL,'Jl. Suryopranoto No. 52, Jakarta 10130','(021) 63864472,73,75',NULL,'www.royalbank.co.id'),(63,'PT. BANK NATIONALNOBU, Tbk',NULL,NULL,NULL,'Plaza Semanggi Lt. 9, Jl. Jendral Sudirman Kav. 50 Jakarta','(021) 25535128',NULL,'www.nobubank.com'),(64,'PT. BANK INA PERDANA, Tbk',NULL,NULL,NULL,'Wisma BSG, Jl. Abdul Muis No. 40, Jakarta Pusat','(021) 3859050',NULL,'www.bankina.co.id'),(65,'PT BANK PANIN DUBAI SYARIAH, Tbk',NULL,NULL,NULL,'Gd.Panin Life Centre Lt. 3, Jl. Letjend S. Parman Kav 91 Jakarta 11420','(021) 56956100',NULL,'www.paninbanksyariah.co.id'),(66,'PT. PRIMA MASTER BANK',NULL,NULL,NULL,'Jl. Jembatan Merah No. 15-17, Surabaya 60175','(031) 3531253 (HUNTING)',NULL,'www.primamasterbank.co.id'),(67,'PT. BANK SYARIAH BUKOPIN',NULL,NULL,NULL,'Jl. Salemba Raya No. 55, Jakarta','(021) 2300912',NULL,'wwww.syariahbukopin.co.id'),(68,'PT. BANK SAHABAT SAMPOERNA',NULL,NULL,NULL,'Gedung Sampoerna Strategic Square Menara Utara, Lt. Mezzanine Jl. Jend. Sudirman Kav 45 Jakarta','(021) 57951515',NULL,'www.banksampoerna.com'),(69,'PT. BANK DINAR INDONESIA, Tbk',NULL,NULL,NULL,'Jl. Ir. H. Juanda No. 12, Jakarta 10120','(021) 2312633',NULL,'www.bankdinar.co.id'),(70,'PT. BANK AMAR INDONESIA',NULL,NULL,NULL,'Jl. Basuki Rahmad No. 109, Surabaya','(031) 99015959?',NULL,'www.anglomasbank.co.id'),(71,'PT. BANK KESEJAHTERAAN EKONOMI',NULL,NULL,NULL,'Gedung IKP RI, Jl. R.P. Suroso No. 21, Jakarta 10330','(021) 3100422, 3100448',NULL,'www.bankkesejahteraan.co.id'),(72,'PT. BANK BCA SYARIAH',NULL,NULL,NULL,'Jl. Jatinegara Timur No. 72, Jakarta 13310','(021) 8190072, 8505030, 8505035',NULL,'www.bcasyariah.co.id'),(73,'PT. BANK ARTOS INDONESIA',NULL,NULL,NULL,'Jl. Otto Iskandardinata No. 18, Bandung 40171','(022) 4200202 (Hunting)',NULL,'www.bankartos.co.id'),(74,'PT. BANK TABUNGAN PENSIUNAN NASIONAL SYARIAH',NULL,NULL,NULL,'Menara BTPN, Lt. 12 CBD Mega Kuningan, Jl. Dr. Ide Anak Agung Gde Agung Kav. 5.5-5.6 Kel. Kuningan Timur, Jakarta Selatan','(021) 30026400',NULL,'www.btpnsyariah.com'),(75,'PT. BANK MULTIARTA SENTOSA',NULL,NULL,NULL,'Graha Bank MAS Lt. 3, Jl. Setiabudi Selatan Kav. 7-8, Jakarta Selatan','(021) 5790 6006',NULL,'www.bankmas.co.id'),(76,'PT. BANK FAMA INTERNASIONAL',NULL,NULL,NULL,'Jl. Asia Afrika No. 115, Bandung','(022) 4200808',NULL,'www.bankfama.co.id'),(77,'PT. BANK MANDIRI TASPEN POS',NULL,NULL,NULL,'Jl. Melati No. 65, Denpasar','(0361) 227076, 227887',NULL,'www.banksinar.co.id'),(78,'PT. BANK VICTORIA INTERNATIONAL, Tbk',NULL,NULL,NULL,'Panin Tower Lt. 15, 20 & 25, Jl. Asia Afrika Lot.19, Jakarta Selatan 10270','(021) 72781800',NULL,'www.victoriabank.co.id'),(79,'PT. BANK HARDA INTERNASIONAL',NULL,NULL,NULL,'Asean Tower Lt 1 dan 3, Jl. KH. Samanhudi No. 10, Jakarta Pusat','(021) 3841178, 3841022-23',NULL,'www.bankbhi.com'),(80,'PT. BPD JAWA BARAT DAN BANTEN, Tbk',NULL,NULL,NULL,'Jl. Naripan No. 12 - 14, Bandung 40111','(022) 4234868, 4230223',NULL,'www.bankjabar.co.id'),(81,'PT. BPD DKI',NULL,NULL,NULL,'Gd. Prasada Sasana Karya Jl. Suryopranoto No. 8, Jakarta Pusat?','(021) 2314567 (HUNTING)',NULL,'www.bankdki.co.id'),(82,'PT. BPD DAERAH ISTIMEWA YOGYAKARTA',NULL,NULL,NULL,'Jl. Tentara Pelajar No. 7, Yogyakarta','(0274) 561614',NULL,'www.bpddiy.co.id'),(83,'PT. BPD JAWA TENGAH',NULL,NULL,NULL,'Gedung Grinatha Jl. Pemuda No. 142, Semarang, Jawa Tengah 50132','(024) 3547541, 3554025',NULL,'www.bankjateng.co.id'),(84,'PT. BPD JAWA TIMUR, Tbk',NULL,NULL,NULL,'Jl. Basuki Rakhmat No. 98-104, Surabaya','(031) 5310090-99',NULL,'www.bankjatim.co.id'),(85,'PT. BPD JAMBI',NULL,NULL,NULL,'Jl. Jend. A. Yani No. 18, Telanaipura, Jambi','(0741) 60416, 60665, 62790, 64628',NULL,'www.bankjambi.co.id'),(86,'PT. BANK ACEH SYARIAH',NULL,NULL,NULL,'JL. TGK. H. Mohd.DaudBeureuehNo.161 BandaAceh','(0651) 8016255',NULL,'www.bankaceh.co.id'),(87,'PT. BPD SUMATERA UTARA',NULL,NULL,NULL,'Jl. Imam Bonjol No. 18, Medan 20152','(061) 4155100, 4515100',NULL,'www.banksumut.com'),(88,'PT. BPD SUMATERA BARAT',NULL,NULL,NULL,'Jl. Pemuda No. 21, Padang 25117','(0751) 25055, 31577, 31578',NULL,'www.banknagari.co.id'),(89,'PT. BPD RIAU KEPRI',NULL,NULL,NULL,'Menara Dang Merdu BRK, Jl. Jend. Sudirman No. 462, Kota ?Pekanbaru','(0761) 47070',NULL,'www.bankriau.co.id'),(90,'PT. BPD SUMATERA SELATAN DAN BANGKA BELITUNG',NULL,NULL,NULL,'Jl. Gubernur H. Ahmad Bastari No. 07 Kel. Silaberanti Kec. Seberang Ulu I Jakabaring Palembang','(0711) 5228080',NULL,'www.banksumselbabel.com'),(91,'PT. BPD LAMPUNG',NULL,NULL,NULL,'Jl. Wolter Monginsidi No. 182, Teluk Betung, Bandar Lampung 35215','(0721) 487175, 482237',NULL,'www.banklampung.co.id'),(92,'PT. BPD KALIMANTAN SELATAN',NULL,NULL,NULL,'Jl. Lambung Mangkurat No. 7, Banjarmasin 70111','(0511) 3350726-28',NULL,'www.bankbpdkalsel.co.id'),(93,'PT. BPD KALIMANTAN BARAT',NULL,NULL,NULL,'Jl. Rahadi Oesman No. 10, Pontianak 78117','(0561) 732148, 734713, 736723',NULL,'www.bankkalbar.co.id'),(94,'PD. BPD KALIMANTAN TIMUR',NULL,NULL,NULL,'Jl. Jend. Sudirman No. 33, Samarinda','(0541) 735500, 739563 - 567',NULL,'www.bankkaltim.com'),(95,'PT. BPD KALIMANTAN TENGAH',NULL,NULL,NULL,'Jl. RTA Milono No. 12, Palangka Raya 73111','(0536) 3226812',NULL,'www.bp-kalteng.com'),(96,'PT. BPD SULAWESI SELATAN DAN SULAWESI BARAT',NULL,NULL,NULL,'Jl. Dr. Sam Ratulangi No. 16, Makassar 90125','(0411) 859171-72-73-74, 859176-181',NULL,'www.banksulsel.co.id'),(97,'PT. BPD SULAWESI UTARA DAN GORONTALO?',NULL,NULL,NULL,'Jl. Sam Ratulangi No. 9, Manado 95111','(0431) 861759, 851451',NULL,'banksulutgo.co.id?'),(98,'PT. BPD NUSA TENGGARA BARAT',NULL,NULL,NULL,'Jl. Pejanggik No. 30, Mataram','(0370) 632177, 636331, 635332',NULL,'www.bankntb.co.id?'),(99,'PT. BPD BALI',NULL,NULL,NULL,'Jl. Raya Puputan Niti Mandala, Renon, Denpasar','(0361) 223301 - 05',NULL,'www.bpdbali.co.id'),(100,'PT. BPD NUSA TENGGARA TIMUR',NULL,NULL,NULL,'Jl. W.J. Lalamentik No. 102, Kupang, Nusa Tenggara Timur, 85000','(0380) 840555',NULL,'www.bpdntt.co.id'),(101,'PT. BPD MALUKU DAN MALUKU UTARA',NULL,NULL,NULL,'Jl. Raya Pattimura 9, Ambon 97124','(0911) 354214, 353144, 354229, 310696',NULL,'www.bankmaluku.co.id'),(102,'PT. BPD PAPUA',NULL,NULL,NULL,'Jl. Ahmad Yani 5-7, Jayapura 99111, Kotak Pos 1536','(0967) 532011 (hunting)',NULL,'www.bankpapua.com'),(103,'PT. BPD BENGKULU',NULL,NULL,NULL,'Jl. Basuki Rachmat 6, Bengkulu','(0736) 22144, 341170',NULL,'www.bankbengkulu.co.id'),(104,'PT. BPD SULAWESI TENGAH',NULL,NULL,NULL,'Jl. St. Hasanuddin No. 20, Palu','(0451) 421780',NULL,'www.sulteng.go.id'),(105,'PT. BPD SULAWESI TENGGARA',NULL,NULL,NULL,'Jl. May. Jend. Sutoyo No. 95, Kendari, Sulawesi Tenggara','(0401) 3121526, 3122104-194-551, 3123163',NULL,'www.banksultra.co.id'),(106,'?PT BPD BANTEN, Tbk',NULL,NULL,NULL,'?Jl. Sudirman Lingkungan Kemang, Ruko Sembilan No.04, 05 dan 06, Kel. Sumur Pecung, Kec. Serang Banten','(0254) 791734?',NULL,'?www.bankbanten.co.id'),(107,'CITIBANK, N.A.',NULL,NULL,NULL,'Citibank Tower 7th Floor, Jl. Jend. Sudirman Kav. 54-55, Jakarta','(021) 52908327',NULL,'www.citibank.co.id'),(108,'JP MORGAN CHASE BANK, NA',NULL,NULL,NULL,'Gedung The Energy Lt. 5 & 6, SCBD Lot 11A, JL. Jend. Sudirman Kav 52-53, Jakarta 12190','(021) 52918000, 52918750, 52918233',NULL,'www.jpmorganchase.com'),(109,'BANK OF AMERICA, N.A',NULL,NULL,NULL,'Gedung Bursa Efek Jakarta, Tower 2, Lt 23, Jl. Sudirman Kav. 52-53, Jakarta','(021) 29553700',NULL,'www.bankofamerica.com'),(110,'BANGKOK BANK PCL',NULL,NULL,NULL,'Jl. MH. Thamrin No. 3, Jakarta','(021) 2311008',NULL,'www.bangkokbank.co.id'),(111,'THE HONGKONG & SHANGHAI B.C, LTD',NULL,NULL,NULL,'World Trade Center, Jl. Jend. Sudirman Kav. 29-31, Jakarta 12920','(021) 5246222',NULL,'www.hsbc.co.id'),(112,'THE BANK OF TOKYO-MITSUBISHI UFJ LTD.',NULL,NULL,NULL,'Gedung Mid Plaza Lt.1-3, Jl. Jend Sudirman Kav. 10-11, Jakarta 10220','(021) 5706185, 5705177, 5703955',NULL,'www.mufg.co.id'),(113,'STANDARD CHARTERED BANK',NULL,NULL,NULL,'Menara Standard Chartered Bank, Jl. Prof. Dr. Satrio No. 164, Jakarta 12950','(021) 2550000, 579 99988',NULL,'www.standardchartered.com'),(114,'DEUTSCHE BANK AG',NULL,NULL,NULL,'Deutsche Bank Building, Jl. Imam Bonjol No. 80, Jakarta','(021) 29644401',NULL,'www.deutsche-bank.co.id/indonesia'),(115,'BANK OF CHINA (HONG KONG) LIMITED?',NULL,NULL,NULL,'Wisma Tamara, Suite 101-201, Jl. Jend. Sudirman Kav. 24, Jakarta','(021) 5205502',NULL,'www.bankofchina.co.id');
/*!40000 ALTER TABLE `PARTNER_LK` ENABLE KEYS */;
UNLOCK TABLES;

--
-- Table structure for table `PARTNER_LSP`
--

DROP TABLE IF EXISTS `PARTNER_LSP`;
/*!40101 SET @saved_cs_client     = @@character_set_client */;
/*!40101 SET character_set_client = utf8 */;
CREATE TABLE `PARTNER_LSP` (
  `ID` int(11) NOT NULL AUTO_INCREMENT,
  `NAMA` varchar(255) NOT NULL,
  `PROFILE` varchar(255) DEFAULT NULL,
  `ALAMAT` varchar(255) DEFAULT NULL,
  `TELP` varchar(255) DEFAULT NULL,
  `WILAYAH_ID` int(11) DEFAULT NULL,
  `BIDANG` varchar(255) DEFAULT NULL,
  `JENIS` varchar(255) DEFAULT NULL,
  `LAYANAN` varchar(255) DEFAULT NULL,
  `NO_LISENSI_BNSP` varchar(255) DEFAULT NULL,
  PRIMARY KEY (`ID`)
) ENGINE=InnoDB AUTO_INCREMENT=801 DEFAULT CHARSET=latin1;
/*!40101 SET character_set_client = @saved_cs_client */;

--
-- Dumping data for table `PARTNER_LSP`
--

LOCK TABLES `PARTNER_LSP` WRITE;
/*!40000 ALTER TABLE `PARTNER_LSP` DISABLE KEYS */;
INSERT INTO `PARTNER_LSP` VALUES (1,'TEKNISI OTOMOTIF INDONESIA (TO)',NULL,'Jl. Bambu Apus Raya No. 43 RT. 007/RW 03 Kel. Bambu Apus Kec. Cipayung- Jakarta Timur 13890',NULL,NULL,NULL,'P3',NULL,'BNSP-LSP-001-ID'),(2,'TELEMATIKA',NULL,'Gedung Fortuna Lt. 4 Jl. Mampang Prapatan No. 96 Jakarta Selatan',NULL,NULL,NULL,'P3',NULL,'BNSP-LSP-002-ID'),(3,'TENAGA LABORATORIUM PENGUJI INDONESIA (TELAPI)',NULL,'Jl. Kramat Raya No. 53',NULL,NULL,NULL,'P3',NULL,'BNSP-LSP-003-ID'),(4,'LOGAM DAN MESIN INDONESIA',NULL,'Wisma PEDE, Jl. MT. Haryono, kav.17, lantai 5, B502, Jakarta Selatan, 12810',NULL,NULL,NULL,'P3',NULL,'BNSP-LSP-004-ID'),(5,'LEMBAGA KEUANGAN MIKRO CERTIF',NULL,'Gd. LPPI Lt.3, Jl. Kemang Raya, No 35, Kebayoran Baru, Jakarta Selatan, 12730',NULL,NULL,NULL,'P3',NULL,'BNSP-LSP-005-ID'),(6,'TATALAKSANA RUMAH TANGGA',NULL,'',NULL,NULL,NULL,'P3',NULL,'BNSP-LSP-006-ID'),(7,'SEKURITI INDONESIA',NULL,'',NULL,NULL,NULL,'P3',NULL,'BNSP-LSP-007-ID'),(8,'GARMEN',NULL,'Jl. Kebon Sirih No. 3D, Lt. 2, Jakarta Pusat',NULL,NULL,NULL,'P3',NULL,'BNSP-LSP-008-ID'),(9,'PARIWISATA',NULL,'Wisma Harapan Kita Bidakara Lt. 1 Lobby Area, Kompleks Gedung Jantung Harapan Kita, Jl. Letjen S. Parman, Kav. 87, Slipi, Jakarta, 11420',NULL,NULL,NULL,'P3',NULL,'BNSP-LSP-009-ID'),(10,'LEMBAGA UJI KOMPETENSI (LUK PERDANA)',NULL,'Graha Binawan, Jl. Kalibata Raya, No. 25-30, LGA 01, Jakarta, 13630',NULL,NULL,NULL,'P3',NULL,'BNSP-LSP-010-ID'),(11,'MARITIM INDONESIA',NULL,'Komplek Duta Mas Fatmawati, Blok C 2/6, Jl. RS. Fatmawati, No.39, Jakarta Selatan, 12150',NULL,NULL,NULL,'P3',NULL,'BNSP-LSP-011-ID'),(12,'PEKERJA DOMESTI PRATAMA',NULL,'Jl. Kyai Haji Abdullah Syafe\'i, No. 25B, Casablanca (Lap Ros), Tebet, Jakarta Selatan',NULL,NULL,NULL,'P3',NULL,'BNSP-LSP-012-ID'),(13,'MINYAK DAN GAS (PPT MIGAS)',NULL,'Jl. Sorogo No.1, Cepu Kab. Blora',NULL,NULL,NULL,'P3',NULL,'BNSP-LSP-013-ID'),(14,'APSI (ADMINISTRASI PROFESIONAL)',NULL,'Epicentrum Walk 5th, Floor Suite A510, Jl. H.R Rasuna Said Kuningan, Jakarta Selatan',NULL,NULL,NULL,'P3',NULL,'BNSP-LSP-014-ID'),(15,'IATKI (Ikatan Ahli Teknik Kelistrikan Indonesia)',NULL,'Jl.Sukasenang V, No. 27, RT 04 RW 15, Kel. Cikutra, Kec. Cibeunying Kidul, Bandung',NULL,NULL,NULL,'P3',NULL,'BNSP-LSP-015-ID'),(16,'COATING INDONESIA',NULL,'Jl. Riung Mulia No. 4, Pav. Bandung,40295',NULL,NULL,NULL,'P3',NULL,'BNSP-LSP-016-ID'),(17,'GEOMATIKA',NULL,'Gd. Gratia Centre Lt. 1, Jl. Ciputat Raya No. 62, Kebayoran Lama, Jakarta, 12310',NULL,NULL,NULL,'P3',NULL,'BNSP-LSP-017-ID'),(18,'TIK INDONESIA (TEKNOLOGI INFORMASI dan KOMUNIKASI)',NULL,'AMD Education Center, Jl. Pucang Anom Timur 23, Lt 2, Surabaya, 60828',NULL,NULL,NULL,'P3',NULL,'BNSP-LSP-018-ID'),(19,'PARIWISATA INDONESIA',NULL,'Jl. Gatot Subroto Barat 459 C Denpasar Bali',NULL,NULL,NULL,'P3',NULL,'BNSP-LSP-019-ID'),(20,'PEKERJA DOMESTIK NUSANTARA',NULL,'JL.JEMURSARI KAV.203 BLOK D.03 SURABAYA',NULL,NULL,NULL,'P3',NULL,'BNSP-LSP-020-ID'),(21,'COHESPA',NULL,'Jl. Manyar Kertoarjo No. 74 Surabaya',NULL,NULL,NULL,'P3',NULL,'BNSP-LSP-021-ID'),(22,'PARIWISATA NUSANTARA',NULL,'Jl. DR. Setiabudhi 186, Bandung, 40141',NULL,NULL,NULL,'P3',NULL,'BNSP-LSP-022-ID'),(23,'KECANTIKAN',NULL,'Jl. Radio Dalam Raya No. 4, Kebayoran Baru, Jakarta Selata',NULL,NULL,NULL,'P3',NULL,'BNSP-LSP-023-ID'),(24,'LAS',NULL,'Gedung Graha Surveyor Indonesia, Jl. Gatot Subroto Kav. 56, Lantai 14, Jakarta Selatan, 12950',NULL,NULL,NULL,'P3',NULL,'BNSP-LSP-024-ID'),(25,'PERHAPI (PERHIMPUNAN AHLI PERTAMBANGAN INDONESIA)',NULL,'Jl. Raya Rawa Bambu No.5A Pasar Minggu Jakarta Selatan 12520',NULL,NULL,NULL,'P3',NULL,'BNSP-LSP-025-ID'),(26,'KOPERASI JASA KEUANGAN (KJK)',NULL,'Ruko Point Automotif Centre Blok D 11. Jl. Alterbatif Cibubur Harjamukti Depok',NULL,NULL,NULL,'P3',NULL,'BNSP-LSP-026-ID'),(27,'BADAN SERTIFIKASI MANAJEMEN RESIKO (BSMR)',NULL,'Gandaria Office 8 Unit D Lt 2, Jl. Sultan Iskandar Muda No. 8, Kebayoran Lama, Jakarta Selatan',NULL,NULL,NULL,'P3',NULL,'BNSP-LSP-027-ID'),(28,'LAS ITPI',NULL,'',NULL,NULL,NULL,'P3',NULL,'BNSP-LSP-028-ID'),(29,'TEKNISI AKUNTANSI (TA)',NULL,'Gedung LSP Teknisi Akuntansi, Komplek PTB, Blok I/Q, Rt 006 RW 005, No. 12, Jl. Kelapa Dua Wetan Ciracas, Jakarta Timur',NULL,NULL,NULL,'P3',NULL,'BNSP-LSP-029-ID'),(30,'PERBANKAN (LSPP)',NULL,'Mandiri Tower Lt.9, Bapindo Plaza, Jl. Jend.Sudirman Kav 54-55, Jakarta, 121910',NULL,NULL,NULL,'P3',NULL,'BNSP-LSP-030-ID'),(31,'Hotel dan Restoran',NULL,'Jalan Tanah Abang 1 No 12 JJ Gambir Jakarta Pusat-10160',NULL,NULL,NULL,'P3',NULL,'BNSP-LSP-031-ID'),(32,'REFRAKSI OPTISI INDONESIA (ROI)',NULL,'Ruko Duta Merlin, Blok B No. 15, Jl. Gajah Mada No. 35, Jakarta Pusat',NULL,NULL,NULL,'P3',NULL,'BNSP-LSP-032-ID'),(33,'KERETA API (KA)',NULL,'Jl. Gatot Subroto no. 91 C, Bandung',NULL,NULL,NULL,'P3',NULL,'BNSP-LSP-033-ID'),(34,'FURNITUR & KAYU OLAHAN (FURNIKO)',NULL,'Jl. Diponegoro No.29, Semarang',NULL,NULL,NULL,'P3',NULL,'BNSP-LSP-034-ID'),(35,'AVIASI INDONESIA',NULL,'Ariobimo Sentral.Jalan H.R.Rasuna Said Lt.4.Kav.X-2 No.5.Jakarta 12950.',NULL,NULL,NULL,'P3',NULL,'BNSP-LSP-035-ID'),(36,'LEMBAGA SERTIFIKASI PROFESI TEKNIK LISTRIK',NULL,'Komplek Grand Serpong Permai (GSP) Blok N12A Jl. Raya Cisauk-LAPAN (Lembaga Penerbangan dan Antariksa Nasional) Tangerang',NULL,NULL,NULL,'P3',NULL,'BNSP-LSP-036-ID'),(37,'SPA NASIONAL',NULL,'Jl. Kalibata Raya No. 25-30, Gd. Binawan Lt. 1 Room 103, Jakarta Timur',NULL,NULL,NULL,'P3',NULL,'BNSP-LSP-037-ID'),(38,'KEHUTANAN INDONESIA',NULL,'Gd. Manggala Wanabakti blok VII, Lantai 14, Jl. Gatot Subroto, Senayan, Jakarta',NULL,NULL,NULL,'P3',NULL,'BNSP-LSP-038-ID'),(39,'KELAUTAN DAN PERIKANAN',NULL,'Jl. Medan Merdeka Timur no.16 Gedung Mina Bahari 3 Jakarta Pusat',NULL,NULL,NULL,'P3',NULL,'BNSP-LSP-039-ID'),(40,'LRP REGISTER NURSE (RN)',NULL,'Jl. Darma Putra I No. 2A , Jakarta Selatan',NULL,NULL,NULL,'PROFISIENSI',NULL,'BNSP-LSP-040-ID'),(41,'JASA PENGELOLA KEUANGAN PRATAMA',NULL,'Jl. Supriyadi No. 7, Semarang',NULL,NULL,NULL,'P3',NULL,'BNSP-LSP-041-ID'),(42,'LSK-K3 ICCOSH',NULL,'Stikes Binawan Lobi 2, Lantai 2, Jl. Kalibata Raya No. 25-30 Jakarta',NULL,NULL,NULL,'P3',NULL,'BNSP-LSP-042-ID'),(43,'FINANCIAL PLANNING STANDARD BOARD (FPSB) INDONESIA',NULL,'Gedung Arthaloka Lt.16 Ruang 1310, Jl. Jend. Sudirman, Kav.2, Jakarta, 10220',NULL,NULL,NULL,'PROFISIENSI',NULL,'BNSP-LSP-043-ID'),(44,'STIKES BAKTI TUNAS HUSADA (BTH) TASIKMALAYA',NULL,'Jl. Cilolohan no. 36, Tasikmalaya',NULL,NULL,NULL,'P1',NULL,'BNSP-LSP-044-ID'),(45,'INSTRUKTUR KOMPETEN INDONESIA (IKI)',NULL,'Jl. Pengadegan Selatan Raya, No. 3 RT 08/04, Pancoran, Jakarta Selatan',NULL,NULL,NULL,'P3',NULL,'BNSP-LSP-045-ID'),(46,'IKATAN PROPERTI MANAGER INDONESIA (IPMI)',NULL,'Jl. Cisanggiri I No. 8, Kebayoran Baru, Jakarta Selatan',NULL,NULL,NULL,'P3',NULL,'BNSP-LSP-046-ID'),(47,'GEOLOGI PERTAMBANGAN & PANAS BUMI',NULL,'Jl. Bojong Raya No. 80, Caringin, Bandung Kulon, Bandung',NULL,NULL,NULL,'P3',NULL,'BNSP-LSP-047-ID'),(48,'TEKSTIL',NULL,'Gd. C Lt. 4, STTT, Jl. Jakarta no. 31, Bandung, 40272',NULL,NULL,NULL,'P3',NULL,'BNSP-LSP-048-ID'),(49,'AKADEMI PARIWISATA MAKASAR',NULL,'Jl. Gunung Rinjani Kota Mandiri, Tanjung Bunga, Makassar, 90224',NULL,NULL,NULL,'P1',NULL,'BNSP-LSP-049-ID'),(50,'SEKOLAH TINGGI PARIWISATA BANDUNG',NULL,'Jl. Dr. Setiabudhi 186, Bandung, 40141',NULL,NULL,NULL,'P1',NULL,'BNSP-LSP-050-ID'),(51,'KENTUCKY FRIED CHICKEN (KFC)',NULL,'Jl. Raya Bogor Km. 25, Ciracas, Jakarta Timur',NULL,NULL,NULL,'P2',NULL,'BNSP-LSP-051-ID'),(52,'PEKERJA DOMESTIK INDONESIA',NULL,'Ruko Villa Bukit Mas , Jl. Abdul Wahab Siamin, RE, 25, Surabaya',NULL,NULL,NULL,'P3',NULL,'BNSP-LSP-052-ID'),(53,'SEKOLAH TINGGI PARIWISATA NUSA DUA BALI',NULL,'Jl. Dharmawangsa, Kampial Nusa Dua Bali',NULL,NULL,NULL,'P1',NULL,'BNSP-LSP-053-ID'),(54,'AKADEMI PARIWISATA MEDAN',NULL,'Jl. Rumah Sakit Haji No 12, Medan',NULL,NULL,NULL,'P1',NULL,'BNSP-LSP-054-ID'),(55,'PARIWISATA NASIONAL',NULL,'Jl. Bendul Merisi Utara VIII / 23, Surabaya',NULL,NULL,NULL,'P3',NULL,'BNSP-LSP-055-ID'),(56,'MICE (MEETING INCENTIVE CONVENTION EXHIBITION)',NULL,'Gd. Permata Cikini Lt. 2 Jl. Pegangsaan Timur No. 7 Jakarta Pusat',NULL,NULL,NULL,'P3',NULL,'BNSP-LSP-056-ID'),(57,'TATALAKSANA KELUARGA INDONESIA',NULL,'',NULL,NULL,NULL,'P3',NULL,'BNSP-LSP-057-ID'),(58,'AKPINDO STEIN (LSP FIRST PARTY)',NULL,'Jl. Raya Kalimalang No. 2A, Jakarta Timur, 13620',NULL,NULL,NULL,'P1',NULL,'BNSP-LSP-058-ID'),(59,'MTKP JAWA BARAT',NULL,'',NULL,NULL,NULL,'P3',NULL,'BNSP-LSP-059-ID'),(60,'EKSPOR IMPOR INDONESIA',NULL,'Jl. LetJen S. Parman No. 112, Grogol, Jakarta Barat',NULL,NULL,NULL,'P3',NULL,'BNSP-LSP-060-ID'),(61,'AIR MINUM INDONESIA',NULL,'Jl. Danau Gelinggang No. 68, Bendungan Hilir, Tanah Abang, Jakarta Pusat 10210',NULL,NULL,NULL,'P3',NULL,'BNSP-LSP-061-ID'),(62,'PUPUK KALIMANTAN TIMUR (LSP FIRST PARTY)',NULL,'Jl. James Simandjuntak No. 1, Bontang',NULL,NULL,NULL,'P1',NULL,'BNSP-LSP-062-ID'),(63,'MANAJEMEN KEUANGAN',NULL,'Jl. Tun Abdul Razak Hertasning Baru Kab. Gowa (EX. Jl. Boulevard, Jascinth I No. 1-2 ( Lt-4), Panakukang Mas, Makasar)',NULL,NULL,NULL,'P3',NULL,'BNSP-LSP-063-ID'),(64,'ATDA (Air Transport Distribution Services & Agencies)',NULL,'Pusat Bisnis Thamrin City , Suite 711 A-B, Lt . Jl Thamrin Boulevard Jakarta Pusat -10230',NULL,NULL,NULL,'P3',NULL,'BNSP-LSP-064-ID'),(65,'PEKERJA DOMESTIK KOMPETINDO',NULL,'Jl. Jati Makmur Raya No. 8 Pondok Gede Bekasi TELP. 021-84977339 email: kompetindo.lsp@gmail.com fax : 021-84977339',NULL,NULL,NULL,'P3',NULL,'BNSP-LSP-065-ID'),(66,'KONSULTAN PAJAK INDONESIA',NULL,'',NULL,NULL,NULL,'P3',NULL,'BNSP-LSP-066-ID'),(67,'PUSAT K3',NULL,'Jl. Ahmad Yani No. 69-70, Jakarta Pusat',NULL,NULL,NULL,'P1',NULL,'BNSP-LSP-067-ID'),(68,'PARIWISATA WIYATA NUSANTARA',NULL,'JL. Kusumanegara 121 Yogyakarta',NULL,NULL,NULL,'P3',NULL,'BNSP-LSP-068-ID'),(69,'PERSEMENAN INDONESIA',NULL,'Graha Irama 11th floor, Jl. HR. Rasuna Said, Blok X-Kav 1',NULL,NULL,NULL,'P3',NULL,'BNSP-LSP-069-ID'),(70,'RIMBAWAN INDONESIA (RINO)',NULL,'Gd. Manggala Wanabakti, Blok 2/3, Gd. PERSAKI Lt 1, Jl. Gatot Subroto, Jakarta',NULL,NULL,NULL,'P3',NULL,'BNSP-LSP-070-ID'),(71,'PEKERJA DOMESTIK DUTA BANGSA',NULL,'Jl. Raya Condet No 1C Jakarta Timur',NULL,NULL,NULL,'P3',NULL,'BNSP-LSP-071-ID'),(72,'KONSULTAN INDUSTRI KECIL DAN MENENGAH',NULL,'Jl. Cikini IV No. 15, Jakarta Pusat',NULL,NULL,NULL,'P3',NULL,'BNSP-LSP-072-ID'),(73,'AHLI RIAS PENGANTIN',NULL,'Jl. Cempaka Putih Tengah, No.12, Jakarta Pusat',NULL,NULL,NULL,'P3',NULL,'BNSP-LSP-073-ID'),(74,'MIGAS',NULL,'Jl. Buncit Raya No. 3B, Jakarta Selatan',NULL,NULL,NULL,'P3',NULL,'BNSP-LSP-074-ID'),(75,'ALAS KAKI',NULL,'Jl. Sokonandi, No. 9, Yogyakarta, 55166',NULL,NULL,NULL,'P3',NULL,'BNSP-LSP-075-ID'),(76,'PEKERJA DOMESTIK MANDIRI',NULL,'Jl. Kalibata Raya, No. 25-30, Gedung Binawan LG.14B, Jakarta Timur',NULL,NULL,NULL,'P3',NULL,'BNSP-LSP-076-ID'),(77,'KLINING SERVIS',NULL,'Mutiara Taman Palem, Blok A 9, No. 35, Cengkareng, Jakarta Barat',NULL,NULL,NULL,'P3',NULL,'BNSP-LSP-077-ID'),(78,'ATMI SURAKARTA (LSP FIRST PARTY)',NULL,'Politeknik ATMI, Jl. Adisucipto, Po. Box 215, Karang Asem, Laweyan, Surakarta, 57102',NULL,NULL,NULL,'P1',NULL,'BNSP-LSP-078-ID'),(79,'PERTANIAN',NULL,'JL. Harsono RM No.3, Gedung D Lantai 7, Kanpus Kementerian Pertanian, Ragunan, Pasar Minggu, Jakarta Selatan',NULL,NULL,NULL,'P2',NULL,'BNSP-LSP-079-ID'),(80,'KOPERASI',NULL,'Greenwood Square A3 Jl. Kol. Warsito Sugiarto Semarang 50222',NULL,NULL,NULL,'P3',NULL,'BNSP-LSP-080-ID'),(81,'HOTEL DAN PARIWISATA MEDAN',NULL,'Jl. Laksana, No. 68, Medan',NULL,NULL,NULL,'P3',NULL,'BNSP-LSP-081-ID'),(82,'AUDITOR FORENSIK',NULL,'Lantai-4 Gedung Barat BPKP, Jl. Pramuka, No. 33, Jakarta Timur',NULL,NULL,NULL,'P3',NULL,'BNSP-LSP-082-ID'),(83,'RIAS PENGANTIN MODIFIKASI DAN MODEREN KATALIA',NULL,'Jl. Cempaka Baru VII/1, Jakarta Pusat',NULL,NULL,NULL,'P3',NULL,'BNSP-LSP-083-ID'),(84,'HIMPUNAN AHLI KONSERVASI ENERGI(HAKE)',NULL,'Jl. Wibawa Mukti No 1 Jatiasih - Bekasi Area No 10.B SPBU 34-17412 Jatiasih',NULL,NULL,NULL,'P3',NULL,'BNSP-LSP-084-ID'),(85,'JASA BOGA INDONESIA',NULL,'Kav. Hankam., Jl. Basoka Raya, Blok I/I No. 10 A, Joglo Kembangan, Jakarta Barat, 11640',NULL,NULL,NULL,'P3',NULL,'BNSP-LSP-085-ID'),(86,'INTALA',NULL,'Gedung Asrama B, BBPLKLN, Jl. Guntur Raya, No. 1, Bekasi',NULL,NULL,NULL,'P3',NULL,'BNSP-LSP-086-ID'),(87,'POLITEKNIK AKADEMI PIMPINAN PERUSAHAAN',NULL,'Jl. Timbul, No.34, Cipedak, Jagakarsa, Jakarta Selatan',NULL,NULL,NULL,'P1',NULL,'BNSP-LSP-087-ID'),(88,'KRAKATAU STEEL',NULL,'Gd. Human Capital Development Center, Jl. Jend. Sudirman, Km. 3, Cilegon',NULL,NULL,NULL,'P1',NULL,'BNSP-LSP-089-ID'),(89,'LSP LKPP',NULL,'Komplek Rasuna Epicentrum Jl. Epicentrum Tengah Lot 11B Jakarta Selatan',NULL,NULL,NULL,'P2',NULL,'BNSP-LSP-089-ID'),(90,'SMK SMAK PADANG',NULL,'Jl. Alai Pauh V, Kel. Kapolo, Kec. Pauh',NULL,NULL,NULL,'P1',NULL,'BNSP-LSP-090-ID'),(91,'SMAKBO (LSP FIRST PARTY)',NULL,'Jl. Binamarga I, Ciheuleut, Baranang Siang, Bogor',NULL,NULL,NULL,'P1',NULL,'BNSP-LSP-091-ID'),(92,'POLITEKNIK AKADEMI KIMIA ANALIS BOGOR',NULL,'Jl. Ir. H. Juanda, No. 7, Bogor, 16122',NULL,NULL,NULL,'P1',NULL,'BNSP-LSP-092-ID'),(93,'LOGISTIK INDONESIA',NULL,'Gd. PT. Monang Sianipar Abadi, Lt.2, Vicky Sianipar Music Center, Jl. Minangkabau Timur, No. 43, Jakarta Selatan',NULL,NULL,NULL,'P3',NULL,'BNSP-LSP-093-ID'),(94,'FASILITATOR PEMBERDAYAAN MASYARAKAT',NULL,'Komplek Kalibata Indah, Jl. Jambu Blok U No. 31, Jakarta Selatan, 12750',NULL,NULL,NULL,'P3',NULL,'BNSP-LSP-094-ID'),(95,'GARMINDO PLUS',NULL,'Jl. Soekarno Hatta Km. 32, Ds. Harjosari, Kec. Bawen, Semarang',NULL,NULL,NULL,'P3',NULL,'BNSP-LSP-095-ID'),(96,'POLRI',NULL,'Puslat Multifungsi POLRI. Cikeas, Gunung Putri, Bogor',NULL,NULL,NULL,'P3',NULL,'BNSP-LSP-096-ID'),(97,'PERTANIAN NASIONAL',NULL,'Ruko Singhasari Utama Kav. 11-12, Jl. Kertanegara No. 103 Singosari-Malang 65153',NULL,NULL,NULL,'P3',NULL,'BNSP-LSP-097-ID'),(98,'PIKSI GANESHA BANDUNG',NULL,'',NULL,NULL,NULL,'P3',NULL,'BNSP-LSP-098-ID'),(99,'LALU LINTAS ANGKUTAN JALAN',NULL,'Jl. Raya Setu, Km 3,5, Cibuntu, Cibitung, Bekasi, 17001',NULL,NULL,NULL,'P3',NULL,'BNSP-LSP-099-ID'),(100,'PAMA',NULL,'Jl. Rawa Gelam 1, No. 9, Kawasan Industri, Pulogadung, Jakarta Timur',NULL,NULL,NULL,'P1',NULL,'BNSP-LSP-100-ID'),(101,'ALAT BERAT INDONESIA',NULL,'Jl. Raya Bekasi, Km. 22, Cakung, Jakarta Timur',NULL,NULL,NULL,'P3',NULL,'BNSP-LSP-101-ID'),(102,'TENAGA TEKNIK INDONESIA',NULL,'Jl. Mekar Makmur No. 38 A, Komplek Istana Mekar Wangi, Bandung, 40227',NULL,NULL,NULL,'P3',NULL,'BNSP-LSP-102-ID'),(103,'PRAMUWISATA INDONESIA(PRAMINDO)',NULL,'Komp. Graha Mas Pemuda, Blok AC, No. 9, Jl. Pemuda Rawamangun, Jakarta Timur',NULL,NULL,NULL,'P3',NULL,'BNSP-LSP-103-ID'),(104,'PT. VALE INDONESIA',NULL,'Training Center DP. 22, Sorowako, Kec. Nuha, Kab. Luwu Timur, Sulawesi Selatan, 92984',NULL,NULL,NULL,'P1',NULL,'BNSP-LSP104-ID'),(105,'ECITB INDONESIA',NULL,'Kompleks Kawasan Industri Sekupang, Kav. No. 13, Batam',NULL,NULL,NULL,'PROFISIENSI',NULL,'BNSP-LSP-105-ID'),(106,'POLITEKNIK STTT BANDUNG',NULL,'Jl. Jakarta 31, STT Tekstil, Gedung C Lt. 4, Bandung, 40272',NULL,NULL,NULL,'P1',NULL,'BNSP-LSP-106-ID'),(107,'PUSTAKAWAN',NULL,'Jl. Medan Merdeka Selatan, No. 11, Jakarta Pusat',NULL,NULL,NULL,'P3',NULL,'BNSP-LSP-107-ID'),(108,'BUMITAMA',NULL,'Pundu Learning Centre, PT. Windu Nabatindo Lestari, Ds. Pundu, Kec. Cempaga Hulu, Kab. Kotawaringin Timur',NULL,NULL,NULL,'P1',NULL,'BNSP-LSP-108-ID'),(109,'FAK. TEKNIK UNIVERSITAS NEGERI JAKARTA',NULL,'Gedung L Kampus A, Universitas Negeri Jakarta, Jl. Rawamangun Muka, Jakarta Timur',NULL,NULL,NULL,'P1',NULL,'BNSP-LSP-109-ID'),(110,'STP SAHID',NULL,'Jl. Kemiri Raya No. 22 Pondok Cabe Tangerang Selatan',NULL,NULL,NULL,'P1',NULL,'BNSP-LSP-110-ID'),(111,'LONDON SCHOOL PUBLIC RELATIONS',NULL,'Sudirman Park Campus, Jl. KH. Mas Mansyur, Jakarta Pusat',NULL,NULL,NULL,'P1',NULL,'BNSP-LSP-111-ID'),(112,'LSP TPCC',NULL,'JL. GEGERKALONG HILIR NO. 47, BANDUNG',NULL,NULL,NULL,'P2',NULL,'BNSP-LSP-112-ID'),(113,'AAMAI',NULL,'Rukan Sentra Pemuda Kav.8, Jl. Pemuda No.61, Jakarta Timur',NULL,NULL,NULL,'PROFISIENSI',NULL,'BNSP-LSP-113-ID'),(114,'SMK SMTI PADANG',NULL,'Jl. Ir. Juanda, No. 2, Padang',NULL,NULL,NULL,'P1',NULL,'BNSP-LSP-114-ID'),(115,'USER PLN',NULL,'Jl. Letjen S.Parman Kav.27 No.5-6 Slipi, Jakarta Barat 11480',NULL,NULL,NULL,'P2',NULL,'BNSP-LSP-115-ID'),(116,'KOPERASI NUSANTARA',NULL,'Graha Widya Bhakti, Jl. Menur Pumpungan, No. 30, Surabaya',NULL,NULL,NULL,'P3',NULL,'BNSP-LSP-116-ID'),(117,'MANAJEMEN WIRAUSAHA DAN PRODUKTIVITAS MERDEKA',NULL,'Jl. Terusan Raya Dieng, No. 62-64, Malang',NULL,NULL,NULL,'P3',NULL,'BNSP-LSP-117-ID'),(118,'TENAGA TEKNIK K3 INDONESIA',NULL,'Kedungdoro Jaya Building, Jl. Kedungdoro 74-76 / B-19, Surabaya',NULL,NULL,NULL,'P3',NULL,'BNSP-LSP-118-ID'),(119,'POLITEKNIK NEGERI UJUNG PANDANG',NULL,'Jl. Perintis Kemerdekaan Km. 10, Tamalanrea, Makassar',NULL,NULL,NULL,'P1',NULL,'BNSP-LSP-119-ID'),(120,'SMK SMTI PONTIANAK',NULL,'Jl. Sulawesi Dalam, No. 31, Pontianak',NULL,NULL,NULL,'P1',NULL,'BNSP-LSP-120-ID'),(121,'MANAJEMEN RISIKO',NULL,'Gedung Biru Lt 4., Jl. Kapten Tendean No. 1, Jakarta Selatan',NULL,NULL,NULL,'P3',NULL,'BNSP-LSP-122-ID'),(122,'KOPI INDONESIA',NULL,'JL.RAYA TENGAH NO.18A RT.10/RW.08 GEDONG, PASAR REBO - JAKARTA TIMUR',NULL,NULL,NULL,'P3',NULL,'BNSP-LSP-122-ID'),(123,'SMK SMTI YOGYAKARTA',NULL,'Jl. Kusumanegara, No. 3 Yogyakarta',NULL,NULL,NULL,'P1',NULL,'BNSP-LSP-123-ID'),(124,'Akademi Teknik Industri Makasar',NULL,'Jl. Sunu, No. 220, Makassar',NULL,NULL,NULL,'P1',NULL,'BNSP-LSP- 124-ID'),(125,'SMK SMTI BANDA ACEH',NULL,'Jl. Twk. Hasyim Banta Muda, No.6, Banda Aceh',NULL,NULL,NULL,'P1',NULL,'BNSP-LSP-125-ID'),(126,'PARIWISATA ARCHIPELAGO',NULL,'Lt. Dasar Hermes Palace Hotel, Jl. T.Panglima Nyak Makam, Banda Aceh',NULL,NULL,NULL,'P3',NULL,'BNSP-LSP-126-ID'),(127,'ANALIS KIMIA SMK SMAK MAKASSAR',NULL,'Jl Urip Sumoharjo Km 4 Kel Pampang Kec Panakkukang Kota Makassar',NULL,NULL,NULL,'P1',NULL,'BNSP-LSP-127-ID'),(128,'HIGIENE INDUSTRI',NULL,'Jl. Ahmad Yani 69-70, Cempaka Putih, Jakarta Pusat',NULL,NULL,NULL,'P3',NULL,'BNSP-LSP-128-ID'),(129,'INSPEKTUR MARITIM INDONESIA',NULL,'Komplek Garama Citra Hill Blok R No.4, Jl. Yos Soedarso, Batu Ampar, 29432, Batam - Kepulauan Riau',NULL,NULL,NULL,'P3',NULL,'BNSP-LSP-129-ID'),(130,'AKADEMI TEKNOLOGI INDUSTRI PADANG',NULL,'Jl. Bunga Pasang Tabing Padang 25171',NULL,NULL,NULL,'P1',NULL,'BNSP-LSP-130-ID'),(131,'PARIWISATA LANCANG KUNING NUSANTARA',NULL,'Jl. Arifin Ahmad, Komplek Mega Asri, Blok B/18, Pekanbaru',NULL,NULL,NULL,'P3',NULL,'BNSP-LSP-131-ID'),(132,'INDUSTRI PUPUK INDONESIA',NULL,'Gd. Annex, Lt. 1, Kantor Perwakilan Jakarta PT. Pupuk Sriwidjaja, Jl. Taman Anggrek Kemanggisan Jaya, Jakarta Barat, 11480',NULL,NULL,NULL,'P3',NULL,'BNSP-LSP-132-ID'),(133,'K3 INDONESIA',NULL,'Jl. Jenderal Ahmad Yani 69-70, Cempaka Putih, Jakarta Pusat',NULL,NULL,NULL,'P3',NULL,'BNSP-LSP-133-ID'),(134,'PEMASARAN',NULL,'Segitiga Emas Business Park CBD B01/01 Jl. Prof. Dr. Satrio Kav. 6 Jakarta Selatan',NULL,NULL,NULL,'P3',NULL,'BNSP-LSP-134-ID'),(135,'PUBLIC RELATIONS INDONESIA(PRI)',NULL,'Jl. Daud 33, Kebayoran Lama, Jakarta Selatan',NULL,NULL,NULL,'P3',NULL,'BNSP-LSP-135-ID'),(136,'PARIWISATA BHAKTI PERSADA',NULL,'Jl. Sukabumi No. 42 Bandung 40271',NULL,NULL,NULL,'P3',NULL,'BNSP-LSP-136-ID'),(137,'SMKN 10 SURABAYA',NULL,'JL.KEPUTIH TEGAL, SUKOLILO - SURABAYA',NULL,NULL,NULL,'P1',NULL,'BNSP-LSP-137-ID'),(138,'LPK HOTEL AND CRUISE INTERNASIONAL',NULL,'Jl. Tasbih No. 10 A Singaraja, Bali',NULL,NULL,NULL,'P1',NULL,'BNSP-LSP-138-ID'),(139,'LPK PPKIP JAYAWISATA',NULL,'Jl. HOS. Cokroaminoto 63, Ubung, Denpasar',NULL,NULL,NULL,'P1',NULL,'BNSP-LSP-139-ID'),(140,'SEKOLAH PERHOTELAN BALI',NULL,'jalan. Tari Kecak no. 12 Denpasar/ Bali',NULL,NULL,NULL,'P1',NULL,'BNSP-LSP-140-ID'),(141,'LPK MONARCH BALI',NULL,'Jl. Pandu No. 27, Banjar Dukuh Dalung, Kuta Utara Badung, Bali',NULL,NULL,NULL,'P1',NULL,'BNSP-LSP-141-ID'),(142,'KEAMANAN PANGAN BADAN POM',NULL,'Jl. Percetakan Negara No. 23 Gedung F Lantai 2 Jakarta Pusat 10560',NULL,NULL,NULL,'P2',NULL,'BNSP-LSP-142-ID'),(143,'BARISTA INDONESIA',NULL,'Rukan Graha Kencana Blok EP Jl. Raya Perjuangan No. 88 Kebun Jeruk Jakarta Barat',NULL,NULL,NULL,'P3',NULL,'BNSP-LSP-143-ID'),(144,'BBLKI SURAKARTA',NULL,'Jl. Bhayangkara No. 38 Surakarta',NULL,NULL,NULL,'P1',NULL,'BNSP-LSP-144-ID'),(145,'BBPLKLN-CEVEST',NULL,'Jl. Guntur Raya No. 1 Bekasi 17144',NULL,NULL,NULL,'P1',NULL,'BNSP-LSP-145-ID'),(146,'PARIWISATA BALI',NULL,'Jl. Kembang Matahari No. 147 Lt. 2 Denpasar',NULL,NULL,NULL,'P3',NULL,'BNSP-LSP-146-ID'),(147,'LP2B GIANYAR',NULL,'Jl. Baypass Darma Giri Gianyar Bali',NULL,NULL,NULL,'P3',NULL,'BNSP-LSP-147-ID'),(148,'LPK BALINDO PARADISO',NULL,'Jl. Kerthapura VIII No. 21 Denpasar - Bali',NULL,NULL,NULL,'P3',NULL,'BNSP-LSP-148-ID'),(149,'LPK BALI BINA MANDIRI',NULL,'Jl. Danau Tondano No. 14 Lelateng Negara - Bali',NULL,NULL,NULL,'P3',NULL,'BNSP-LSP-149-ID'),(150,'SEKOLAH PERHOTELAN INTERNASIONAL',NULL,'Jl. Lely 1B Kreneng Denpasar Bali',NULL,NULL,NULL,'P1',NULL,'BNSP-LSP-150-ID'),(151,'PARIWISATA GUNADHARMA UTAMA',NULL,'Jl. Lamongan Raya No. 11 Semarang',NULL,NULL,NULL,'P3',NULL,'BNSP-LSP-151-ID'),(152,'INSPEKTOR INDUSTRI MANUFAKTUR',NULL,'Jl. Raden Saleh Raya No. 04 Jakarta Pusat',NULL,NULL,NULL,'P3',NULL,'BNSP-LSP-152-ID'),(153,'TRANSPORTASI',NULL,'Jl. RA. Kartini No. 16 Cilandak, Jakarta Selatan',NULL,NULL,NULL,'P3',NULL,'BNSP-LSP-153-ID'),(154,'BBLKI SERANG',NULL,'Jl. Raya Pandeglang Km. 3 Serang',NULL,NULL,NULL,'P1',NULL,'BNSP-LSP-154-ID'),(155,'BBPLKDN Bandung',NULL,'Jl. Jend. Gatot Subroto No. 170 Bandung',NULL,NULL,NULL,'P1',NULL,'BNSP-LSP-155-ID'),(156,'PERKOPERASIAN INDONESIA',NULL,'Jl. Utan Kayu Raya No. 20 A Jakarta Timur',NULL,NULL,NULL,'P3',NULL,'BNSP-LSP-156-ID'),(157,'OTOMOTIF INDONESIA',NULL,'Jl. Kyai Mojo No. 70 Komplek BLPT Lt. 3 Yogyakarta',NULL,NULL,NULL,'P3',NULL,'BNSP-LSP-157-ID'),(158,'PARIWISATA PHINISI',NULL,'Jl. Balaikota No.11 A, Makassar',NULL,NULL,NULL,'P3',NULL,'BNSP-LSP-158-ID'),(159,'CREW KAPAL PESIAR DAN KAPAL NIAGA INTERNASIONAL',NULL,'Jl. Kebun Bawang VI No. 12 Tanjung Priok, Jakarta Utara',NULL,NULL,NULL,'P3',NULL,'BNSP-LSP-159-ID'),(160,'KELAUTAN',NULL,'Sekertarian Gedung Mina Bahari 3 lantai 8, Jl Medan Merdeka timur 16 Jakarta Pusat',NULL,NULL,NULL,'P3',NULL,'BNSP-LSP-160-ID'),(161,'PERHUTANI',NULL,'Pusdikbang SDM Jl. Rimba Mulya No. 11 Madiun 63116',NULL,NULL,NULL,'P2',NULL,'BNSP-LSP-161-ID'),(162,'PENANGGULANGAN BENCANA(PB)',NULL,'Gedung Graha BNPB Jl. Pramuka Kav. 38, Lt. 15, Jakarta Timur 13120',NULL,NULL,NULL,'P2',NULL,'BNSP-LSP-162-ID'),(163,'PERKEBUNAN DAN HORTIKULTURA INDONESIA',NULL,'Gd. Graha BUN Jl. Ciputat Raya Nomor 7, Pondok Pinang Jakarta Selatan',NULL,NULL,NULL,'P3',NULL,'BNSP-LSP-163-ID'),(164,'SMKN 2 MAGELANG',NULL,'Jl. Ahmad Yani 135 A Magelang',NULL,NULL,NULL,'P1',NULL,'BNSP-LSP-164-ID'),(165,'SMK SMTI BANDAR LAMPUNG',NULL,'Jl. Jend. Sudirman No. 43 Rawalaut Bandar Lampung',NULL,NULL,NULL,'P1',NULL,'BNSP-LSP-165-ID'),(166,'PROFESI HUBUNGAN INDUSTRIAL',NULL,'Gd. Kementerian Tenaga Kerja dan Transmigrasi Lt. VIII Blok B, Jl. Jend. Gatot Subroto Kav. 51, Jakarta',NULL,NULL,NULL,'P3',NULL,'BNSP-LSP-166-ID'),(167,'PENGEMBANGAN LAS',NULL,'Jl. Raya Condet No. 55 Kramat Jati, Jakarta Timur',NULL,NULL,NULL,'P3',NULL,'BNSP-LSP-167-ID'),(168,'PETERNAKAN INDONESIA',NULL,'Jl. Tanjung Barat Selatan No. 20 F Jakarta Selatan',NULL,NULL,NULL,'P3',NULL,'BNSP-LSP-168-ID'),(169,'SMKN 4 SURAKARTA',NULL,'Jl. L.U. Adi Sucipto No. 40 Surakarta',NULL,NULL,NULL,'P1',NULL,'BNSP-LSP-169-ID'),(170,'SMKN 3 KUNINGAN',NULL,'Jl. Raya Cirendang-Cigugur Kuningan',NULL,NULL,NULL,'P1',NULL,'BNSP-LSP-170-ID'),(171,'SMKN 3 JEMBER',NULL,'Jl. Dr. Subandi No. 31 Jember',NULL,NULL,NULL,'P1',NULL,'BNSP-LSP-171-ID'),(172,'SMKN TEKNOLOGI PLUS PADJADJARAN SUKABUMI',NULL,'Jl. Cemerlangn No. 18',NULL,NULL,NULL,'P1',NULL,'BNSP-LSP-172-ID'),(173,'SMK PANGUDI LUHUR MUNTILAN',NULL,'Jl. Kartini No. 2 Muntilan Magelang',NULL,NULL,NULL,'P1',NULL,'BNSP-LSP-173-ID'),(174,'SMKN 2 GARUT',NULL,'Jl. Suherman No. 90 Kotak Pos 103 Garut',NULL,NULL,NULL,'P1',NULL,'BNSP-LSP-174-ID'),(175,'SMKN 1 PURWOREJO',NULL,'Jl. Tentara Pelajar Kotak Pos 127 Purworejo',NULL,NULL,NULL,'P1',NULL,'BNSP-LSP-175-ID'),(176,'SMKN 9 BANDUNG',NULL,'Jl. Soekarno Hatta Km. 10 Bandung',NULL,NULL,NULL,'P1',NULL,'BNSP-LSP-176-ID'),(177,'SMKN 3 SUKABUMI',NULL,'Jl. Kabandungan No. 86 Sukabumi',NULL,NULL,NULL,'P1',NULL,'BNSP-LSP-177-ID'),(178,'SMKN 3 BOGOR',NULL,'Jl. Raya Pajajaran No. 84 Bogor',NULL,NULL,NULL,'P1',NULL,'BNSP-LSP-178-ID'),(179,'SMK WIKRAMA BOGOR',NULL,'Jl. Raya Wangun Sindang Sari Bogor Timur, Bogor',NULL,NULL,NULL,'P1',NULL,'BNSP-LSP-179-ID'),(180,'SMKN 1 BANTUL',NULL,'Jl. Parangtritis Km. 11 Sabdodadi Bantul',NULL,NULL,NULL,'P1',NULL,'BNSP-LSP-180-ID'),(181,'SMKN 1 MAGELANG',NULL,'Jl. Cawang No 2 Kota Magelang',NULL,NULL,NULL,'P1',NULL,'BNSP-LSP-181-ID'),(182,'SMKN 3 BOYOLANGU',NULL,'Jl. Ki Mangunsarkoro Tulungagung',NULL,NULL,NULL,'P1',NULL,'BNSP-LSP-182-ID'),(183,'SMKN 2 KEDIRI',NULL,'Jl. Veteran 5 Kota Kediri Kediri',NULL,NULL,NULL,'P1',NULL,'BNSP-LSP-183-ID'),(184,'SEMEN INDONESIA GROUP',NULL,'Gedung Utama PT Semen Indonesia Lantai 2 Jl. Veteran Gresik - Jawa Timur 61122',NULL,NULL,NULL,'P2',NULL,'BNSP-LSP-184-ID'),(185,'HULU MIGAS',NULL,'Gedung City Plaza Lt.9,Jln.Jend.Gatot Subroto no.42 Jakarta 12710',NULL,NULL,NULL,'P2',NULL,'BNSP-LSP-185-ID'),(186,'POLITEKNIK ELEKTRONIKA NEGERI SURABAYA',NULL,'Kampus PENS, Gedung TC Lt. 1 Jl. Raya ITS Keputih, Sukolilo, Surabaya 60111',NULL,NULL,NULL,'P1',NULL,'BNSP-LSP-186-ID'),(187,'STIKES FORT DE KOCK',NULL,'Jl. Soekarno Hatta, Kel. Manggis Ganting Kec. Mandiangin Kota Selayan Bukittinggi',NULL,NULL,NULL,'P1',NULL,'BNSP-LSP-187-ID'),(188,'JAMINAN MUTU DAN KEAMANAN PANGAN(JMKP)',NULL,'Komplek Perniagaan Bukit Cimanggu City Blok C3 No.7',NULL,NULL,NULL,'P3',NULL,'BNSP-LSP-188-ID'),(189,'PARIWISATA BALI INDONESIA (PBI)',NULL,'Jl. Dewi Madri X No. 3 Renon Denpasar Bali 80235',NULL,NULL,NULL,'P3',NULL,'BNSP-LSP-189-ID'),(190,'SMKN 7 BANDUNG',NULL,'JL. Soekarno-Hatta No 596 Kota Bandung 40286',NULL,NULL,NULL,'P1',NULL,'BNSP-LSP-190-ID'),(191,'SMKN 7 SEMARANG',NULL,'JL. Simpang Lima No 1 Semarang',NULL,NULL,NULL,'P1',NULL,'BNSP-LSP-191-ID'),(192,'SMKN 11 BANDUNG',NULL,'Jl. Budhi Cilember Bandung 40175',NULL,NULL,NULL,'P1',NULL,'BNSP-LSP-192-ID'),(193,'JASA RAHARJA',NULL,'Jl. H.R. Rasuna Said Kav. C-2 Jakarta 12920',NULL,NULL,NULL,'P3',NULL,'BNSP-LSP-193-ID'),(194,'SMKN 2 CIKARANG',NULL,'Jl.Fatahilah 1A Cikarang Barat Kabupaten Bekasi',NULL,NULL,NULL,'P1',NULL,'BNSP-LSP-194-ID'),(195,'SMKN 1 KARAWANG',NULL,'Jl. Pangkal Perjuangan (By Pass) Karawang 41316',NULL,NULL,NULL,'P1',NULL,'BNSP-LSP-195-ID'),(196,'SMKN 2 SUMEDANG',NULL,'Jl. Arif Rakhman Hakim No. 59 Sumedang , Jawa Barat',NULL,NULL,NULL,'P1',NULL,'BNSP-LSP-196-ID'),(197,'POLITEKNIK PERKAPALAN NEGERI SURABAYA',NULL,'Jalan Teknik Kimia Kampus ITS Sukolilo Surabaya',NULL,NULL,NULL,'P1',NULL,'BNSP-LSP-197-ID'),(198,'SMKN 2 BOYOLANGU',NULL,'JL. KI MANGUNSARKORO VI/ I BOYOLANGU, TULUNGAGUNG',NULL,NULL,NULL,'P1',NULL,'BNSP-LSP-198-ID'),(199,'SMKN 1 CIBADAK',NULL,'Jl. Raya Karangtengah No. 691 Karangtengah Cibadak Sukabumi 43155',NULL,NULL,NULL,'P1',NULL,'BNSP-LSP-199-ID'),(200,'DMI HOTEL SCHOOL',NULL,'Jl. Drupadi No. 27 Denpasar Bali',NULL,NULL,NULL,'P1',NULL,'BNSP-LSP-200-ID'),(201,'SMKN 1 PACET CIANJUR',NULL,'Jl. Hanjawar Pacet No. 25 Pacet Cianjur 43253',NULL,NULL,NULL,'P1',NULL,'BNSP-LSP-201-ID'),(202,'SMKN 1 CIANJUR',NULL,'Jl. Siliwangi No. 41 Cianjur 43212',NULL,NULL,NULL,'P1',NULL,'BNSP-LSP-202-ID'),(203,'SMKN 1 POGALAN',NULL,'Jalan Tulungagung No 3 Ngetal-Pogalan - Trenggalek',NULL,NULL,NULL,'P1',NULL,'BNSP-LSP-203-ID'),(204,'SMKN 1 SEMARANG',NULL,'Jl. Dr. Cipto No. 93 Semarang',NULL,NULL,NULL,'P1',NULL,'BNSP-LSP-204-ID'),(205,'SMKN 1 GARUT',NULL,'Jl. Cimanuk No. 309A Kec. Taragong Kidul Garut',NULL,NULL,NULL,'P1',NULL,'BNSP-LSP-205-ID'),(206,'AWAK KAPAL PERIKANAN',NULL,'Sapphire Recidence Blok A no.1 Jl. Perintis Kemerdekaan ,Beji-Taman, Pemalang Jawa Tengah',NULL,NULL,NULL,'P3',NULL,'BNSP-LSP-206-ID'),(207,'SMKN 2 SUBANG',NULL,'Jl. Wera KM 05 Dangdeur-Subang',NULL,NULL,NULL,'P1',NULL,'BNSP-LSP-207-ID'),(208,'SMKN 6 SURAKARTA',NULL,'JL. LU Adi Sucipto No. 38 Surakarta',NULL,NULL,NULL,'P1',NULL,'BNSP-LSP-208-ID'),(209,'SMKN 13 BANDUNG',NULL,'Jln. Sidodadi Barat No. 8 Semarang',NULL,NULL,NULL,'P1',NULL,'BNSP-LSP-209-ID'),(210,'SMKN 2 KOTA CIREBON',NULL,'Jl. Dr. Cipto Mangunkusumo Cirebon 45131',NULL,NULL,NULL,'P1',NULL,'BNSP-LSP-210-ID'),(211,'PASAR MODAL',NULL,'Wisma GKBI Lt.6 Suite 605 Jl Jendral Sudirman Kav.28',NULL,NULL,NULL,'P3',NULL,'BNSP-LSP-211-ID'),(212,'SMKN 6 BANDUNG',NULL,'JL. Soekarno-Hatta (Riung Bandung) Kota Bandung 40295',NULL,NULL,NULL,'P1',NULL,'BNSP-LSP-212-ID'),(213,'SMKN 3 KOTA BENGKULU',NULL,'Jln. Jati No 42 Sawahlebar Kota Bengkulu',NULL,NULL,NULL,'P1',NULL,'BNSP-LSP-213-ID'),(214,'SMKN 1 SUKABUMI',NULL,'JL. Kabandungan No.90 Kota Sukabumi Jawa Barat',NULL,NULL,NULL,'P1',NULL,'BNSP-LSP-214-ID'),(215,'POLITEKNIK POS INDONESIA',NULL,'Jl. Terusan Sariasih No. 54 Bandung 40151',NULL,NULL,NULL,'P1',NULL,'BNSP-LSP-215-ID'),(216,'SMKN 1 BENGKULU',NULL,'Jl. Jati No. 141 Kel. Padang, Kec. Ratu Agung Kota Bengkulu 38229',NULL,NULL,NULL,'P1',NULL,'BNSP-LSP-216-ID'),(217,'KEUANGAN KOPERASI INDONESIA',NULL,'Jl. Gading Bukit Indah Blok A / 3 Kelapa Gading, Jakarta Utara',NULL,NULL,NULL,'P3',NULL,'BNSP-LSP-217-ID'),(218,'ELEKTRONIKA INDONESIA',NULL,'Jalan Raya Bogor Km. 29, Jakarta',NULL,NULL,NULL,'P3',NULL,'BNSP-LSP-218-ID'),(219,'ELEKTROTEKNIKA',NULL,'Jl. Raya Kebayoran Lama No.37-A',NULL,NULL,NULL,'P3',NULL,'BNSP-LSP-219-ID'),(220,'POLITEKNIK PERTANIAN NEGERI PANGKEP',NULL,'Jl. Poros Makassar- Pare Pare KM.83 Mandalle Kab. Pangkep, Sul-Sel 90655',NULL,NULL,NULL,'P1',NULL,'BNSP-LSP-220-ID'),(221,'SMKN 1 KATAPANG',NULL,'Jl. Ceuri Terusan Kopo Km. 13,5 Katapang, Kabupaten Bandung',NULL,NULL,NULL,'P1',NULL,'BNSP-LSP-221-ID'),(222,'SMKN 4 MALANG',NULL,'Jl. Tanimbar No. 22 Malang 65117',NULL,NULL,NULL,'P1',NULL,'BNSP-LSP-222-ID'),(223,'POLITEKNIK AKA MIGAS PALEMBANG',NULL,'Jln. Kebon Jahe Komperta Plaju Palembang',NULL,NULL,NULL,'P1',NULL,'BNSP-LSP-223-ID'),(224,'SMKN 2 TASIKMALAYA',NULL,'Jl. Noenoeng Tisnasaputra Kahuripan Tawang, Tasikmalaya',NULL,NULL,NULL,'P1',NULL,'BNSP-LSP-224-ID'),(225,'SMKN 3 BUDURAN SIDOARJO',NULL,'Jl. Jenggolo No. 1 c Sidoarjo',NULL,NULL,NULL,'P1',NULL,'BNSP-LSP-225-ID'),(226,'SMKN 3 MALANG',NULL,'Jl. Surabaya No. 1 Malang',NULL,NULL,NULL,'P1',NULL,'BNSP-LSP-226-ID'),(227,'SMKN 2 BENGKULU',NULL,'Jl. Batanghari No. 2 Kota Bengkulu 38225',NULL,NULL,NULL,'P1',NULL,'BNSP-LSP-227-ID'),(228,'BATIK',NULL,'Ruko Artha Mas No. 12 D Jl. Supriyadi Kav. 23, Semarang',NULL,NULL,NULL,'P3',NULL,'BNSP-LSP-228-ID'),(229,'TELEKOMUNIKASI',NULL,'Graha ADPD Jl. Warung Buncit Raya No. 101 Kel. Pejaten Barat Pasar Minggu Jakarta Selatan',NULL,NULL,NULL,'P3',NULL,'BNSP-LSP-229-ID'),(230,'SMKN 1 TEMANGGUNG',NULL,'Jl. Kadar Maron Temanggung',NULL,NULL,NULL,'P1',NULL,'BNSP-LSP-230-ID'),(231,'SMKN 1 KARANGANYAR KEBUMEN',NULL,'Jl. Revolusi 31, Karanganyar Kebumen',NULL,NULL,NULL,'P1',NULL,'BNSP-LSP-231-ID'),(232,'SMKN 1 BAWANG',NULL,'Jl. Raya Pucang No. 132 Bawang',NULL,NULL,NULL,'P1',NULL,'BNSP-LSP-232-ID'),(233,'SMKN 2 KEBUMEN',NULL,'Jl. Joko SAngkrip Km. 1 Kebumen',NULL,NULL,NULL,'P1',NULL,'BNSP-LSP-233-ID'),(234,'BDI SURABAYA',NULL,'JL. Gayung Kebon Sari Dalam 12 Surabaya',NULL,NULL,NULL,'P1',NULL,'BNSP-LSP-234-ID'),(235,'SMKN 1 KEBUMEN',NULL,'Jl. Cemara No. 37 Karangsari Kebumen 54351',NULL,NULL,NULL,'P1',NULL,'BNSP-LSP-235-ID'),(236,'SMKN 1 GOMBONG',NULL,'Jl. Wilis No.15 Wero Gombong Kab. Kebumen',NULL,NULL,NULL,'P1',NULL,'BNSP-LSP-236-ID'),(237,'TEKSTIL DAN PRODUK TEKSTIL',NULL,'Jl. Wartawan 2 No. 15 Bandung Jawa Barat',NULL,NULL,NULL,'P3',NULL,'BNSP-LSP-237-ID'),(238,'ENERGI',NULL,'Komplek Grand Galaxy Park Blok RSK 6 No. 10 Bekasi',NULL,NULL,NULL,'P3',NULL,'BNSP-LSP-238-ID'),(239,'SMK SEKESAL',NULL,'SMK Farmasi Sekesal Surabaya, Jl. GadungNo. 2 Wonokromo Surabaya',NULL,NULL,NULL,'P1',NULL,'BNSP-LSP-239-ID'),(240,'SMKN 1 BATAM',NULL,'Jl. Prof. DR. Hamka No. 1 Tembesi Kecamatan Batu Ajai, Batam',NULL,NULL,NULL,'P1',NULL,'BNSP-LSP-240-ID'),(241,'SMKN 2 MALANG',NULL,'Jl. Veteran No. 17 Malang 65145',NULL,NULL,NULL,'P1',NULL,'BNSP-LSP-241-ID'),(242,'SMKN 1 MUNDU',NULL,'Jl. Kalijaga Mundupesisir No. 1 Cirebon 45173',NULL,NULL,NULL,'P1',NULL,'BNSP-LSP-242-ID'),(243,'SMKN 1 PURWOSARI',NULL,'Jl. Raya Purwosari Purwosari Pasuruan 67162',NULL,NULL,NULL,'P1',NULL,'BNSP-LSP-243-ID'),(244,'Sekolah Tinggi Ilmu Komputer Cipta karya Informatika (STIKOM CKI)',NULL,'Jl.Radin Inten II no.8 Duren Sawit Jakarta Timur',NULL,NULL,NULL,'P1',NULL,'BNSP-LSP-244-ID'),(245,'BDI JAKARTA',NULL,'Jl. Balai Kimia No. 1A, Pekayon, Pasar Rebo, Jakarta Timur',NULL,NULL,NULL,'P1',NULL,'BNSP-LSP-245-ID'),(246,'STMI JAKARTA',NULL,'Jl. Letjen Suprapto No.26, RT.10/RW.5, Cemp. Putih Tim., Cemp. Putih, Kota Jakarta Pusat, Daerah Khusus Ibukota Jakarta',NULL,NULL,NULL,'P1',NULL,'BNSP-LSP-246-ID'),(247,'SMKN 1 CIBINONG',NULL,'Jl. Karadenan No. 7 Kab. Bogor 13640',NULL,NULL,NULL,'P1',NULL,'BNSP-LSP-247-ID'),(248,'POLITEKNIK NEGERI SEMARANG',NULL,'Jl. Prof. Soedarto, SH Tembalang Semarang',NULL,NULL,NULL,'P1',NULL,'BNSP-LSP-248-ID'),(249,'UNIVERSITAS NEGERI SURABAYA',NULL,'Jalan Ketintang, Wonokromo, Jawa Timur',NULL,NULL,NULL,'P1',NULL,'BNSP-LSP-249-ID'),(250,'SMKN 2 KOTA PROBOLINGGO',NULL,'JL. Mastrip 153 Kota Probolinggo',NULL,NULL,NULL,'P1',NULL,'BNSP-LSP-250-ID'),(251,'SMKN 1 GRATI',NULL,'Jl. Raya Ngopak No. 1 Grati',NULL,NULL,NULL,'P1',NULL,'BNSP-LSP-251-ID'),(252,'STTD',NULL,'Jl. Raya Setu No. 89 Bekasi 17520',NULL,NULL,NULL,'P1',NULL,'BNSP-LSP-252-ID'),(253,'LOGISTIK INSAN PRIMA',NULL,'Perkantoran Pejaten Blok 5 Jl. Pejaten Raya Kav. 2 Jakarta Selatan 12510',NULL,NULL,NULL,'P3',NULL,'BNSP-LSP-253-ID'),(254,'BLK Surabaya',NULL,'Jl. Dukuh Menanggal III/29 Surabaya',NULL,NULL,NULL,'P2',NULL,'BNSP-LSP-254-ID'),(255,'BROKER PROPERTI INDONESIA',NULL,'JL. Jambu No.32, Gongdangdia Menteng, Jakarta Pusat 10350',NULL,NULL,NULL,'P3',NULL,'BNSP-LSP-255-ID'),(256,'SMKN 1 MALANG',NULL,'Jl. Sonokembang / Janti Kotak Pos 108 Malang 65148',NULL,NULL,NULL,'P1',NULL,'BNSP-LSP-256-ID'),(257,'SMKN1 KOTA KEDIRI',NULL,'Jln.Veteran No.9 Kediri',NULL,NULL,NULL,'P1',NULL,'BNSP-LSP-257-ID'),(258,'SMKN 1 KALASAN',NULL,'Jl. Randugunting Tamanmartani Kalasan, Kec. Sleman, Daerah Istimewa Yogyakarta',NULL,NULL,NULL,'P1',NULL,'BNSP-LSP-258-ID'),(259,'SMKN 2 SURABAYA',NULL,'Jl. Tentara Genie Pelajar ( Patua ) No. 26 Sby',NULL,NULL,NULL,'P1',NULL,'BNSP-LSP-259-ID'),(260,'SMKN 6 SURABAYA',NULL,'JL. Margorejo, No. 76, Wonocolo, Surabaya 60238',NULL,NULL,NULL,'P1',NULL,'BNSP-LSP-260-ID'),(261,'SMKN 6 SEMARANG',NULL,'Jln. Sidodadi Barat No. 8 Semarang',NULL,NULL,NULL,'P1',NULL,'BNSP-LSP-261-ID'),(262,'SMKN 1 SURABAYA',NULL,'Jl. SMEA No. 4 Surabaya',NULL,NULL,NULL,'P1',NULL,'BNSP-LSP-262-ID'),(263,'SMKN 1 KOTA BEKASI',NULL,'P1',NULL,NULL,NULL,'P1',NULL,'BNSP-LSP-263-ID'),(264,'SMKN 1 PUNGGING',NULL,'Jl. Raya Trawas Pungging Kec. Pungging Kab. Mojokerto',NULL,NULL,NULL,'P1',NULL,'BNSP-LSP-264-ID'),(265,'SMKN 1 PASURUAN',NULL,'Jl. Veteran No. 11 Kodepos 67122 Pasuruan',NULL,NULL,NULL,'P1',NULL,'BNSP-LSP-265-ID'),(266,'SMKN 2 BUDURAN SIDOARJO',NULL,'Jl. Jenggolo No. 2A Siwalanpanji Buduran Sidoarjo JATIM',NULL,NULL,NULL,'P1',NULL,'BNSP-LSP-266-ID'),(267,'SMKN 1 SIDOARJO',NULL,'JL.MONGINSIDI-SIDOARJO',NULL,NULL,NULL,'P1',NULL,'BNSP-LSP-267-ID'),(268,'SMK 3 PGRI MALANG',NULL,'Jl. Raya Tlogomas IX/29 Malang jawa Timur',NULL,NULL,NULL,'P1',NULL,'BNSP-LSP-268-ID'),(269,'UNIVERSITAS DR. SOETOMO',NULL,'Jl. Semolowaru No. 84 Surabaya 60118',NULL,NULL,NULL,'P1',NULL,'BNSP-LSP-269-ID'),(270,'BLKI SINGOSARI',NULL,'Jl. Raya Singosari No.1 Singosari Malang',NULL,NULL,NULL,'P2',NULL,'BNSP-LSP-270-ID'),(271,'PARIWISATA ANGING MAMMIRI',NULL,'Jl. Jenderal Sudirman No. 23 (Gedung Mulo) Makassar, Sulawesi Selatan',NULL,NULL,NULL,'P3',NULL,'BNSP-LSP-271-ID'),(272,'BALAI PENDIDIKAN DAN PELATIHAN APARATUR (BDA) SUKAMANDI',NULL,'Jl. Raya 2 Sukamandi Ciasem 41256 Sukamandi',NULL,NULL,NULL,'P1',NULL,'BNSP-LSP-272-ID'),(273,'BPPP BAYUWANGI',NULL,'Jl. Raya Situbondo Km. 17 Tromol Pos 8 Bayuwangi',NULL,NULL,NULL,'P1',NULL,'BNSP-LSP-273-ID'),(274,'SUPM WAIHERU AMBON',NULL,'Jln. Laksdya Leo Wattimena KM.16 Waiheru  Ambon, Desa Waiheru, Kecamatan Baguala, Kota Ambon, Provinsi Maluku',NULL,NULL,NULL,'P1',NULL,'BNSP-LSP-274-ID'),(275,'LSP MSDM Indonesia',NULL,'Wisma PEDE Lt.5 B508, Jl. MT Haryono Kav.17, Tebet, Pancoran - Jakarta Selatan 12810  Indonesia.',NULL,NULL,NULL,'P3',NULL,'BNSP-LSP-275-ID'),(276,'TRANSPORTASI DAN LOGISTIK INDONESIA',NULL,'Pusat Perkantoran Pulomas 1 Blok 5 Lt. 3 Jl. Jend. Ahmad Yani No. 2, Pulomas Jakarta Timur, 1321',NULL,NULL,NULL,'P3',NULL,'BNSP-LSP-276-ID'),(277,'SMKN 1 JENANGAN PONOROGO',NULL,'Jl. Niken Gandini No.98, Kec. Ponorogo, Kabupaten Ponorogo, Jawa Timur 63492',NULL,NULL,NULL,'P1',NULL,'BNSP-LSP-277-ID'),(278,'SMKN 8 SURABAYA',NULL,'JL.KAMBOJA NO. 18 SURABAYA',NULL,NULL,NULL,'P1',NULL,'BNSP-LSP-278-ID'),(279,'SMKN 12 SURABAYA',NULL,'Jl. Siwalankerto Permai No. 1, Wonocolo, Surabaya',NULL,NULL,NULL,'P1',NULL,'BNSP-LSP-279-ID'),(280,'SMKN 4 YOGYAKARTA',NULL,'Jalan Sidikan No.60, Umbulharjo, Daerah Istimewa Yogyakarta 55161',NULL,NULL,NULL,'P1',NULL,'BNSP-LSP-280-ID'),(281,'SMKN 6 YOGYAKARTA',NULL,'Jln.Kenari No 4 Yogyakarta',NULL,NULL,NULL,'P1',NULL,'BNSP-LSP-281-ID'),(282,'SMKN 1 TRENGGALEK',NULL,'Jl.Brigjen Sutran No.3 Trenggalek',NULL,NULL,NULL,'P1',NULL,'BNSP-LSP-282-ID'),(283,'PT. APAC INTI CORPORA',NULL,'Jl. Soekarno Hatta Km. 32, Ds. Harjosari, Kec. Bawen Kab. Semarang, Jawa Tengah - Indonesia',NULL,NULL,NULL,'P1',NULL,'BNSP-LSP-283-ID'),(284,'SMKN 3 KEDIRI',NULL,'Jalan Hasanudin No.10, Kediri Jawa Timur 64129',NULL,NULL,NULL,'P1',NULL,'BNSP-LSP-284-ID'),(285,'SMKN 1 BUDURAN SIDOARJO',NULL,'Siwalan Panji, Buduran, Sidoarjo, Jawa Timur 61219',NULL,NULL,NULL,'P1',NULL,'BNSP-LSP-285-ID'),(286,'SMK NEGERI 2 MAGETAN',NULL,'Jl. Kemasan No. 13, Kec. Magetan',NULL,NULL,NULL,'P1',NULL,'BNSP-LSP-286-ID'),(287,'SMKN 1 BLITAR',NULL,'Jl. Kenari No. 30 Kota Blitar Jawa Timur',NULL,NULL,NULL,'P1',NULL,'BNSP-LSP-287-ID'),(288,'SMKN 3 BLITAR',NULL,'Jl. Sudanco Supriadi No. 24 Blitar, Kota Blitar 66133',NULL,NULL,NULL,'P1',NULL,'BNSP-LSP-288-ID'),(289,'SMKN 1 JABON',NULL,'Jl. Panggreh no. 1',NULL,NULL,NULL,'P1',NULL,'BNSP-LSP-289-ID'),(290,'DANA PENSIUN',NULL,'Gedung Arthaloka Lt.16 Jl. Jenderal Sudirman Kav. 2 Jakarta 10220',NULL,NULL,NULL,'P3',NULL,'BNSP-LSP-290-ID'),(291,'POLLITEKNIK NEGERI SAMARINDA',NULL,'Jl. Ciptomangunkusumo, Kampus Gunung Lipan, Samarinda, Kaltim (75131)',NULL,NULL,NULL,'P1',NULL,'BNSP-LSP-291-ID'),(292,'POLITEKNIK NEGERI JAKARTA',NULL,'Jl. Prof. Dr. G.A Siwabessy, Kampus Baru UI Depok',NULL,NULL,NULL,'P1',NULL,'BNSP-LSP-292-ID'),(293,'PEKERJA DOMESTIK HOKI',NULL,'Jl. Condet Raya No. 52A, Kel. Batu Ampar Kec. Kramat Jati Jakarta Timur, INDONESIA 13520',NULL,NULL,NULL,'P3',NULL,'BNSP-LSP-293-ID'),(294,'KOMPUTER',NULL,'Kompleks Bekasi Mas Blok D-22 Jl A Yani Bekasi Barat',NULL,NULL,NULL,'P3',NULL,'BNSP-LSP-294-ID'),(295,'STIKI MALANG',NULL,'Jln Raya Tidar 101 Malang',NULL,NULL,NULL,'P1',NULL,'BNSP-LSP-295-ID'),(296,'ASNAKES',NULL,'JL.KH SAMANHUDI NO.93 SONDAKAN, LAWEYAN SURAKARTA, JAWA TENGAH',NULL,NULL,NULL,'P3',NULL,'BNSP-LSP-296-ID'),(297,'Universitas Islam Indonesia(UII)',NULL,'Jl. Kaliurang Km. 14,5 Yogyakarta',NULL,NULL,NULL,'P1',NULL,'BNSP-LSP-297-ID'),(298,'SMKN 1 BOYOLANGU',NULL,'JL. KI MANGUNSARKORO VI/3',NULL,NULL,NULL,'P1',NULL,'BNSP-LSP-298-ID'),(299,'SMKN 5 SURABAYA',NULL,'Jalan Mayjen Prof. Dr. Moestopo No.167-169, Surabaya',NULL,NULL,NULL,'P1',NULL,'BNSP-LSP-299-ID'),(300,'SMKN 2 KOTA SERANG',NULL,'Jl. KH. Abdul Fatah Hasan, No. 89, Cipare, Kec. Serang, Banten',NULL,NULL,NULL,'P1',NULL,'BNSP-LSP-300-ID'),(301,'SMK PGRI 1 TULUNGAGUNG',NULL,'Jl. PJ. Sudirman VII / 1 Tulungagung 66219',NULL,NULL,NULL,'P1',NULL,'BNSP-LSP-301-ID'),(302,'SMK SORE TULUNGAGUNG',NULL,'JL. MASTRIP NO 100 BOYOLANGU, TULUNGAGUNG 66235',NULL,NULL,NULL,'P1',NULL,'BNSP-LSP-302-ID'),(303,'SMKN 1 BONDOWOSO',NULL,'JL. HOS Cokroaminoto, Kademangan Kulon, Kec. Bondowoso, 68217',NULL,NULL,NULL,'P1',NULL,'BNSP-LSP-303-ID'),(304,'P2KGK JAKARTA PUSAT',NULL,'Jl. Budi Utomo No. 3 Jakarta Pusat',NULL,NULL,NULL,'P2',NULL,'BNSP-LSP-304-ID'),(305,'SMKN 5 JEMBER',NULL,'Jalan Brawijaya No. 55, Jubung, Sukorambi, Jawa Timur',NULL,NULL,NULL,'P1',NULL,'BNSP-LSP-305-ID'),(306,'SMKN 2 BONDOWOSO',NULL,'Jl. Ahmad Yani No.48, Kec. Bondowoso, Bondowoso, Jawa Timur 68214',NULL,NULL,NULL,'P1',NULL,'BNSP-LSP-306-ID'),(307,'SMKN 1 BANYUWANGI',NULL,'Jl. Wijaya Kusuma No.46, Mojopanggung, Giri, Kec. Banyuwangi, Jawa Timur',NULL,NULL,NULL,'P1',NULL,'BNSP-LSP-307-ID'),(308,'SMKN 1 GLAGAH BANYUWANGI',NULL,'Jl Kuntulan No 1, Glagah, Kec. Banyuwangi, Jawa Timur',NULL,NULL,NULL,'P1',NULL,'BNSP-LSP-308-ID'),(309,'SMK PGRI 1 NGAWI',NULL,'Jl. Rajawali No. 32 NGAWI',NULL,NULL,NULL,'P1',NULL,'BNSP-LSP-309-ID'),(310,'LEMBAGA PENDIDIKAN PERKEBUNAN',NULL,'Jl. LPP No. 1 Yogyakarta 55222',NULL,NULL,NULL,'P1',NULL,'BNSP-LSP-310-ID'),(311,'SMKN 1 PURWOKERTO',NULL,'Jl. DR. Soeparno, Kec. Banyumas, Jawa Tengah 53111',NULL,NULL,NULL,'P1',NULL,'BNSP-LSP-311-ID'),(312,'SMKN 1 TUBAN',NULL,'Jl. Mastrip 2, Kec. Tuban, Jawa Timur',NULL,NULL,NULL,'P1',NULL,'BNSP-LSP-312-ID'),(313,'SMKN PGRI 2 PONOROGO',NULL,'Jl. Soekarno hatta Kertosari Babaadan Ponorogo',NULL,NULL,NULL,'P1',NULL,'BNSP-LSP-313-ID'),(314,'SMKN 1 CERME GRESIK',NULL,'Jl. Jurit, Kec., Cerme, Jawa Timur',NULL,NULL,NULL,'P1',NULL,'BNSP-LSP-314-ID'),(315,'SMKN 2 TUBAN',NULL,'JL. Prof. Moch. Yamin, SH No. 106 Tuban',NULL,NULL,NULL,'P1',NULL,'BNSP-LSP-315-ID'),(316,'SMK MUHAMMADIYAH 5 BABAT LAMONGAN',NULL,'Jl. Rumah Sakit No. 15 - 17 Babat',NULL,NULL,NULL,'P1',NULL,'BNSP-LSP-316-ID'),(317,'INFORMATIKA',NULL,'Ruko Sektor 1 E, Jl. Raya Kelapa Sawit BD 12/12, CBD Gading Serpong, Tengerang',NULL,NULL,NULL,'P3',NULL,'BNSP-LSP-317-ID'),(318,'SMK PGRI WLINGI',NULL,'Jalan. Jendral Sudirman No. 86 Wlingi - Kab. Blitar',NULL,NULL,NULL,'P1',NULL,'BNSP-LSP-318-ID'),(319,'SMK ISLAM 1 BLITAR',NULL,'Jl. Musi No. 6 Blitar 66117',NULL,NULL,NULL,'P1',NULL,'BNSP-LSP-319-ID'),(320,'P2KGK JAKARTA BARAT',NULL,'Jl. Kerajinan No.42, Jakarta Barat 11140',NULL,NULL,NULL,'P2',NULL,'BNSP-LSP-320-ID'),(321,'SMKN 3 PATI',NULL,'Jalan Kol. Sunandar No. 108, Kec. Pati, Kec. Pati, Jawa Tengah 59112',NULL,NULL,NULL,'P1',NULL,'BNSP-LSP-321-ID'),(322,'SMKN 1 WONOREJO',NULL,'Jl.PP Al Yasini Kluwut Wonorejo Pasuruan',NULL,NULL,NULL,'P1',NULL,'BNSP-LSP-322-ID'),(323,'SMK PGRI 1 GRESIK',NULL,'Jl. Dr. Sutomo No. 46 Gresik, 61119',NULL,NULL,NULL,'P1',NULL,'BNSP-LSP-323-ID'),(324,'STP JAKARTA',NULL,'Jl. AUP No. 1 Pasar Minggu Jakarta Selatan 12520',NULL,NULL,NULL,'P1',NULL,'BNSP-LSP-324-ID'),(325,'SMKN 2 WONOSARI',NULL,'Jl . Veteran Wonosari Gunungkidul',NULL,NULL,NULL,'P1',NULL,'BNSP-LSP-325-ID'),(326,'BALAI PENDIDIKAN DAN PELATIHAN PERIKANAN AMBON',NULL,'Jl. Martha Alfons  Poka Teluk Ambon, Ambon',NULL,NULL,NULL,'P1',NULL,'BNSP-LSP-326-ID'),(327,'SMKN WINONGAN PASURUAN',NULL,'Jl. Raya Bandaran Winongan Kab. Pasuruan',NULL,NULL,NULL,'P1',NULL,'BNSP-LSP-327-ID'),(328,'SMKN 1 NGASEM KABUPATEN KEDIRI',NULL,'Jl. Thotok Kerot Ds. Sumberejo Kec. Ngasem Kab. Kediri',NULL,NULL,NULL,'P1',NULL,'BNSP-LSP-328-ID'),(329,'SMKN 1 BANDUNG TULUNGAGUNG',NULL,'Ds. Bantengan Kec. Bandung, Tulungagung',NULL,NULL,NULL,'P1',NULL,'BNSP-LSP-329-ID'),(330,'SMKN 1 REJOTANGAN',NULL,'Jl. Raya Buntaran, Rejotangan Tulungagung',NULL,NULL,NULL,'P1',NULL,'BNSP-LSP-330-ID'),(331,'PT. PERTAMINA',NULL,'Maritime Training Center Jl. Pemuda No. 44 Rawamangun, Jakarta Timur 13220',NULL,NULL,NULL,'P2',NULL,'BNSP-LSP-331-ID'),(332,'PT. PAL',NULL,'Gd. Divisi Bin Org & SDM PT. PAL INDONESIA, JL. Ujung Surabaya',NULL,NULL,NULL,'P2',NULL,'BNSP-LSP-332-ID'),(333,'PARIWISATA BUNAKEN INDONESIA',NULL,'Jl. Sarapung No. 29 Manado',NULL,NULL,NULL,'P3',NULL,'BNSP-LSP-333-ID'),(334,'DENTAL ASISTEN INDONESIA',NULL,'Jl. Bendungan Jatiluhur No. 130 Kel. Bendungan Hilir, Kec. Tanah Abang Jakarta Pusat 10210',NULL,NULL,NULL,'P3',NULL,'BNSP-LSP-334-ID'),(335,'SMK KATHOLIK SANTO MIKAEL SURAKARTA',NULL,'Jl. Mojo No. 1Karangasem, Laweyan Surakarta 57145',NULL,NULL,NULL,'P1',NULL,'BNSP-LSP-335-ID'),(336,'SMKN 1 REMBANG',NULL,'Jl. Gajah Mada No. 1 Rembang',NULL,NULL,NULL,'P1',NULL,'BNSP-LSP-336-ID'),(337,'SMKN 2 KENDAL',NULL,'Jl. Raya Soekarno  Hatta, Bungangin, Kendal, 51314',NULL,NULL,NULL,'P1',NULL,'BNSP-LSP-337-ID'),(338,'SMKN TUTUR',NULL,'Jl. Raya Tutur No. 14 Tutur Pasuruan',NULL,NULL,NULL,'P1',NULL,'BNSP-LSP-338-ID'),(339,'SMKN 1 AMPEL GADING',NULL,'Jl. Raya Ujunggede (Pantura), Ampelgading, Pemalang',NULL,NULL,NULL,'P1',NULL,'BNSP-LSP-339-ID'),(340,'SMKN 3 PEKALONGAN',NULL,'Jl. P. Kemerdekaan No.30, Pekalongan Bar., Kota Pekalongan',NULL,NULL,NULL,'P1',NULL,'BNSP-LSP-340-ID'),(341,'SMK MIGAS CEPU',NULL,'Jl. Diponegoro No. 53, Cepu, Kec. Blora Kota',NULL,NULL,NULL,'P1',NULL,'BNSP-LSP-341-ID'),(342,'SMK SMTI MAKASSAR',NULL,'JALAN PAJJAIANG NO 18 A MAKASSAR',NULL,NULL,NULL,'P1',NULL,'BNSP-LSP-342-ID'),(343,'SMKN 3 YOGYAKARTA',NULL,'JL. RW. MONGINSIDI NO.2 YOGYAKARTA',NULL,NULL,NULL,'P1',NULL,'BNSP-LSP-343-ID'),(344,'SMK MUHAMMADIYAH PEKALONGAN',NULL,'Jalan AMD Kramatsari No.1, Kota Pekalongan',NULL,NULL,NULL,'P1',NULL,'BNSP-LSP-344-ID'),(345,'SMKN 1 PEKALONGAN',NULL,'Jl. Angkatan 66 No. 90, Kramatsari, Pekalongan Barat, Kota Pekalongan',NULL,NULL,NULL,'P1',NULL,'BNSP-LSP-345-ID'),(346,'UNIVERSITAS AIRLANGGA',NULL,'Kampus C Mulyorejo Surabaya 60115',NULL,NULL,NULL,'P1',NULL,'BNSP-LSP-346-ID'),(347,'TELECOMUNICATION INDONESIA',NULL,'Jl. Gegerkalong Hilir No. 47 Bandung 40152',NULL,NULL,NULL,'P3',NULL,'BNSP-LSP-347-ID'),(348,'TRANSPORTASI DARAT',NULL,'JL.PRAMUKA NO.1 KEL.MARGAJAYA BEKASI SELATAN',NULL,NULL,NULL,'P3',NULL,'BNSP-LSP-348-ID'),(349,'TEKNISI OTOMOTIF PROFESIONAL INDONESIA - LSP TOP',NULL,'Jl.WR.Supratman No.70 Kampung Utan Kel.Cempaka Putih Tangerang Selatan 15412',NULL,NULL,NULL,'P3',NULL,'BNSP-LSP-349-ID'),(350,'CHEMSIGN',NULL,'Grand Slipi Tower, Lt. 21Suite A Jl. Letjen S. Parman Kav. 22-24, Jakarta Barat 11480',NULL,NULL,NULL,'P1',NULL,'BNSP-LSP-350-ID'),(351,'POLITEKNIK NEGERI SRIWIJAYA',NULL,'Jl. Srijayanegara Bukit Besar Palembang',NULL,NULL,NULL,'P1',NULL,'BNSP-LSP-351-ID'),(352,'SMKN 1 PACITAN',NULL,'Jl. Letjend. Suprapto No. 53 Pacitan',NULL,NULL,NULL,'P1',NULL,'BNSP-LSP-352-ID'),(353,'SMKN NGULING',NULL,'Jl. Dr. Soetomo No. 69 Nguling Pasuruan',NULL,NULL,NULL,'P1',NULL,'BNSP-LSP-353-ID'),(354,'SMKN 2 SUKOREJO PASURUAN',NULL,'Jl. Raya Sukorejo - Bangil Km. 02 Sukorejo',NULL,NULL,NULL,'P1',NULL,'BNSP-LSP-354-ID'),(355,'SMK PGRI 3 TANGGUL',NULL,'Jl. Semboro 79 Tanggul, Jember',NULL,NULL,NULL,'P1',NULL,'BNSP-LSP-355-ID'),(356,'SMKN 1 GEMPOL',NULL,'Jl. Dau Darmorejo Kepulungan,Gempol- Pasuruan 67155',NULL,NULL,NULL,'P1',NULL,'BNSP-LSP-356-ID'),(357,'SMKN 4 MADIUN',NULL,'Jl. Mastrip No.27, Taman, Kota Madiun 63139',NULL,NULL,NULL,'P1',NULL,'BNSP-LSP-357-ID'),(358,'SMKN 1 NGANJUK',NULL,'Jl. Dr. Soetomo No. 61 C Nganjuk',NULL,NULL,NULL,'P1',NULL,'BNSP-LSP-358-ID'),(359,'SMKN GUDO JOMBANG',NULL,'Jl. Pawiyatan no. 06 Gudo Jombang kode pos 61463',NULL,NULL,NULL,'P1',NULL,'BNSP-LSP-359-ID'),(360,'SMKN 1 CIREBON',NULL,'Jl. Perjuangan Cirebon',NULL,NULL,NULL,'P1',NULL,'BNSP-LSP-360-ID'),(361,'SMKN 1 BANGIL',NULL,'Jl. Tongkol 3 Bangil Pasuruan',NULL,NULL,NULL,'P1',NULL,'BNSP-LSP-361-ID'),(362,'SMKN 1 LOSARANG INDRAMAYU',NULL,'Jl. Raya Pantura Losarang, Indramayu 45253',NULL,NULL,NULL,'P1',NULL,'BNSP-LSP-362-ID'),(363,'SMKN 1 KEDAWUNG',NULL,'Jl. Tuparev No. 12 Cirebon',NULL,NULL,NULL,'P1',NULL,'BNSP-LSP-363-ID'),(364,'INIXINDO',NULL,'Permata Senayan E2-E5, Tentara Pelajar 5 Jakarta 12210',NULL,NULL,NULL,'P1',NULL,'BNSP-LSP-364-ID'),(365,'SMKN 1 SUKOREJO KAB. PASURUAN',NULL,'Jalan Sumbergareng Kecamatan Sukorejo Kabupaten Pasuruan Kode Pos 67161',NULL,NULL,NULL,'P1',NULL,'BNSP-LSP-365-ID'),(366,'SMKN REMBANG PASURUAN',NULL,'Jl. Raya Rembang, Rembang Pasuruan 67152',NULL,NULL,NULL,'P1',NULL,'BNSP-LSP-366-ID'),(367,'BALAI PENGEMBANGAN INDUSTRI PERSEPATUAN INDONESIA',NULL,'Komp. Pasar Wisata, Kedensari, Tanggulangin, Sidoarjo',NULL,NULL,NULL,'P1',NULL,'BNSP-LSP-367-ID'),(368,'SMKN 1JOMBANG',NULL,'Jl. Dr. Sutomo 15, Jombang',NULL,NULL,NULL,'P1',NULL,'BNSP-LSP-368-ID'),(369,'SMKN 1 BEJI PASURUAN',NULL,'Jl. Wicaksono No. 22B Gununggangsir Beji',NULL,NULL,NULL,'P1',NULL,'BNSP-LSP-369-ID'),(370,'SMKN 1 SIDAYU',NULL,'jl. raya wadeng, kecamatan sidayu, kabupaten gresik, prov jawa timur',NULL,NULL,NULL,'P1',NULL,'BNSP-LSP-370-ID'),(371,'SMKN 1 BLORA',NULL,'Jl. Gatot Subroto Km. 4,1 Blora 58252',NULL,NULL,NULL,'P1',NULL,'BNSP-LSP-311-ID'),(372,'SMKN MOJOAGUNG',NULL,'Jl. Veteran Mojoagung Jombang 61482',NULL,NULL,NULL,'P1',NULL,'BNSP-LSP-372-ID'),(373,'SMKN 2 PATI',NULL,'Jalan Gembong Km.4 Rendole Pati - Jateng 59163',NULL,NULL,NULL,'P1',NULL,'BNSP-LSP-373-ID'),(374,'SMKN 5 MALANG',NULL,'Jl. Ikan Piranha, Kec. Lowokwaru, Kota Malang, 65142',NULL,NULL,NULL,'P1',NULL,'BNSP-LSP-374-ID'),(375,'SMKN 12 MALANG',NULL,'Jl. Pahlawan, Balearjosari, Malang',NULL,NULL,NULL,'P1',NULL,'BNSP-LSP-375-ID'),(376,'SMKN NU MAARIF KUDUS',NULL,'Jl. Jepara Prambatan Lor 679 Kaliwungu Kudus',NULL,NULL,NULL,'P1',NULL,'BNSP-LSP-376-ID'),(377,'SMK WALISONGO 2 GEMPOL',NULL,'Jl Cempaka Putih no 8 Gempol Pasuruan',NULL,NULL,NULL,'P1',NULL,'BNSP-LSP-377-ID'),(378,'SMKN 2 YOGYAKARTA',NULL,'Jl. AM Sangaji 47 Yogyakarta 55233',NULL,NULL,NULL,'P1',NULL,'BNSP-LSP-378-ID'),(379,'SMKN 2 JOMBANG',NULL,'Jl. Dr. Sutomo No. 15 Jombang',NULL,NULL,NULL,'P1',NULL,'BNSP-LSP-379-ID'),(380,'SMK MUHAMMADIYAH 1 KEPANJEN',NULL,'Jl. K. H. Ahmad Dahlan No. 34, Kepanjen, Malang',NULL,NULL,NULL,'P1',NULL,'BNSP-LSP-380-ID'),(381,'SPA TIRTA NIRWANA INDONESIA',NULL,'Grand ITC Permata Hijau Blok Saphire No. 7',NULL,NULL,NULL,'P3',NULL,'BNSP-LSP-381-ID'),(382,'TENAGA KERJA DKI',NULL,'Gedung Disnakertrans DKI Lt. IV Jl. Prapatan No. 52 Jakarta',NULL,NULL,NULL,'P1',NULL,'BNSP-LSP-382-ID'),(383,'POLITEKNIK NEGERI MALANG',NULL,'Jl. Soekarno Hatta 09 Malang 65144',NULL,NULL,NULL,'P1',NULL,'BNSP-LSP-383-ID'),(384,'UNIVERSITAS MERCUBUANA',NULL,'Jl. Meruya Selatan No.1, Kembangan, Jakarta Barat. 11650',NULL,NULL,NULL,'P1',NULL,'BNSP-LSP-384-ID'),(385,'BALAI PENDIDIKAN & PELATIHAN PERIKANAN BITUNG (BPP AERTEMBAGA SULTRA)',NULL,'Jl. Tandurusa, Kel.Aertembaga II, Kec. Aertembaga, Kota Bitung Sulawesi Utara',NULL,NULL,NULL,'P1',NULL,'BNSP-LSP-385-ID'),(386,'BALAI PENDIDIKAN & PELATIHAN PERIKANAN MEDAN (BPPP MEDAN)',NULL,'Kel. Nelayan Indah, Kec. Medan Labuhan, Medan',NULL,NULL,NULL,'P2',NULL,'BNSP-LSP-386-ID'),(387,'INDUSTRI MINUMAN',NULL,'Jl. Pulo Lentut No. 3 Kawasan Industri Pulo Gadung Jakarta',NULL,NULL,NULL,'P1',NULL,'BNSP-LSP-387-ID'),(388,'SMK IDHOTUN NASYIIN KALITENGAH',NULL,'Jl. Raya Sugiwarsa No. 3 Kalitengah, Lamongan',NULL,NULL,NULL,'P1',NULL,'BNSP-LSP-388-ID'),(389,'SMKN 1 JEMBER',NULL,'Jl. Jambu No. 17 Jember',NULL,NULL,NULL,'P1',NULL,'BNSP-LSP-389-ID'),(390,'SMKN 2 JEMBER',NULL,'Jl. Tawangmangu 59, Tegal Gede, Sumbersari, Kab. Jember 68126',NULL,NULL,NULL,'P1',NULL,'BNSP-LSP-390-ID'),(391,'SMKN 4 JEMBER',NULL,'Jl. Kartini No. 1, Jember Lor, Patrang, Kab. Jember 68118',NULL,NULL,NULL,'P1',NULL,'BNSP-LSP-391-ID'),(392,'SMKN 7 JEMBER',NULL,'Jl. P.B. Sudirman No. 16 Sumberbaru Jember',NULL,NULL,NULL,'P1',NULL,'BNSP-LSP-392-ID'),(393,'SMKN 8 JEMBER',NULL,'Jl. Semboro - Paleran, Sidomekar, Semboro, Kabupaten Jember',NULL,NULL,NULL,'P1',NULL,'BNSP-LSP-393-ID'),(394,'SMKN 2 LUMAJANG',NULL,'Jl. Gajah Mada Lumajang',NULL,NULL,NULL,'P1',NULL,'BNSP-LSP-394-ID'),(395,'SMK TRISAKTI',NULL,'Desa Mojorejo, Modo, Kab. Lamongan 62275',NULL,NULL,NULL,'P1',NULL,'BNSP-LSP-395-ID'),(396,'SMKN 1 KALITENGAH',NULL,'Jl. Mahkota No. 280, Dibee, Kalitengah, Kab. Lamongan 62255',NULL,NULL,NULL,'P1',NULL,'BNSP-LSP-396-ID'),(397,'SMKN 1 BRONDONG',NULL,'Jl. Raya Tlogoretno Brondong  Lamongan, Tlogoretno, Brondong, Kab. Lamongan 62263',NULL,NULL,NULL,'P1',NULL,'BNSP-LSP-397-ID'),(398,'SMK AL-AZHAR GRESIK',NULL,'Jl.Raya Menganti Krajan 474 menganti-gresik',NULL,NULL,NULL,'P1',NULL,'BNSP-LSP-398-ID'),(399,'SMK PGRI 1 LAMONGAN',NULL,'Jl. Simpang Jaksa Agung Suprapto No. 8 Sukorejo, Lamongan, Kab. Lamongan 62217',NULL,NULL,NULL,'P1',NULL,'BNSP-LSP-399-ID'),(400,'SMK ASSA\'ADAH GRESIK',NULL,'Jl. Raya Bungah No.1, Bungah, Kec. Gresik, Kabupaten Gresik',NULL,NULL,NULL,'P1',NULL,'BNSP-LSP-400-ID'),(401,'SMK DWIJA BAHKTI 1 JOMBANG',NULL,'Jl. Kusuma Bangsa No. 74, RT 17, Sengon, Jombang',NULL,NULL,NULL,'P1',NULL,'BNSP-LSP-401-ID'),(402,'SMK SUNAN GIRI',NULL,'JL. Raya Menganti, Menganti, Gresik',NULL,NULL,NULL,'P1',NULL,'BNSP-LSP-402-ID'),(403,'SMK PESANTREN SABILIL MUTTAQIEN 1 ( PSM 1 ) KEDUNGGALAR',NULL,'Jl. Slamet Riyadi 56 Kedunggalar Ngawi 63254',NULL,NULL,NULL,'P1',NULL,'BNSP-LSP-403-ID'),(404,'SMKN 1 GEGER',NULL,'Jl. Raya Nglandang, Nglandang, Geger, Kab. Madiun 63171',NULL,NULL,NULL,'P1',NULL,'BNSP-LSP-404-ID'),(405,'SMKN 1 KASREMAN',NULL,'JL. Raya Ngawi - Caruban, Km. 06, Kec. Ngawi',NULL,NULL,NULL,'P1',NULL,'BNSP-LSP-405-ID'),(406,'SMKN PUSPO',NULL,'Jalan Raya Puspo 05 Puspo - Pasuruan',NULL,NULL,NULL,'P1',NULL,'BNSP-LSP-406-ID'),(407,'SMKN 8 MALANG',NULL,'JL. Teluk Pacitan, Arjosari, Blimbing, Kota Malang 65126',NULL,NULL,NULL,'P1',NULL,'BNSP-LSP-407-ID'),(408,'SMK AHMAD YANI SUKORAME LAMONGAN',NULL,'Jl. Raya Sukorame  Kabuh, Sukorame, Sukorame, Kab. Lamongan 62276',NULL,NULL,NULL,'P1',NULL,'BNSP-LSP-408-ID'),(409,'SMK MUHAMMADIYAH 7 KEDUNGPRING',NULL,'Jl. Kh. Rowi No. 5, Kandangrejo, Kedungpring, Kab. Lamongan 62272',NULL,NULL,NULL,'P1',NULL,'BNSP-LSP-409-ID'),(410,'SMKN 1 LUMAJANG',NULL,'Jl. HOS. Cokroaminoto 161, RT 001 / 017, Tompokersan, Kec. Lumajang',NULL,NULL,NULL,'P1',NULL,'BNSP-LSP-410-ID'),(411,'SMK PATRIA BABAT LAMONGAN',NULL,'Jl. Jombang No. 4 Babat, Kab. Lamongan 62271',NULL,NULL,NULL,'P1',NULL,'BNSP-LSP-411-ID'),(412,'POLITEKNIK NEGERI MANADO',NULL,'Kampus Desa Buha Kecamatan Mapanget Kota Manado - Prop. Sulawesi Utara',NULL,NULL,NULL,'P1',NULL,'BNSP-LSP-412-ID'),(413,'SMK MA\'ARIF NU DRIYOREJO',NULL,'Jl Randegansari, Driyorejo, Kab. Gresik 61177',NULL,NULL,NULL,'P1',NULL,'BNSP-LSP-413-ID'),(414,'SMK TEKNOLOGI BALUNG',NULL,'Jl. Rambipuji No.33, Balung Lor, Balung, Kab. Jember 68161',NULL,NULL,NULL,'P1',NULL,'BNSP-LSP-414-ID'),(415,'SMKN 3 JOMBANG',NULL,'JL. Pattimura no. 6 Jombang Jawa timur',NULL,NULL,NULL,'P1',NULL,'BNSP-LSP-415-ID'),(416,'BADAK LNG',NULL,'Badak LNG Learning Center PT. Badak NGL, Bontang, Kalimantan Timur',NULL,NULL,NULL,'P1',NULL,'BNSP-LSP-416-ID'),(417,'SMK TEXMACO SEMARANG',NULL,'Jl. Raya Mangkang KM.16 Mangkang Kulon Tugu Semarang',NULL,NULL,NULL,'P1',NULL,'BNSP-LSP-417-ID'),(418,'SMKN 1 SARIREJO LAMONGAN',NULL,'Gempoltukmloko, Sarirejo, Kab. Lamongan 62281',NULL,NULL,NULL,'P1',NULL,'BNSP-LSP-418-ID'),(419,'SMKN 11 MALANG',NULL,'Jl. Pelabuhan Bakahuni No. 1, Bakalan Krajan, Sukun, Kota Malang 65148',NULL,NULL,NULL,'P1',NULL,'BNSP-LSP-419-ID'),(420,'SMKN 1 SAMBENG LAMONGAN',NULL,'Jl. Raya Pasarlegi Sambeng, Sambeng, Kab. Lamongan 62284',NULL,NULL,NULL,'P1',NULL,'BNSP-LSP-420-ID'),(421,'BDI DENPASAR',NULL,'Jl. WR. Supratman No. 302 Denpasar, Bali',NULL,NULL,NULL,'P1',NULL,'BNSP-LSP-421-ID'),(422,'POWERS',NULL,'Jl. Pramuka Raya No. 14 Jakarta Timur',NULL,NULL,NULL,'P1',NULL,'BNSP-LSP-422-ID'),(423,'KESEHATAN HEWAN(KH)',NULL,'Gedung PKBSi Jln Harsono RM no 10 Ragunan Pasar Minggu Jakarta Selatan',NULL,NULL,NULL,'P3',NULL,'BNSP-LSP-423-ID'),(424,'SMKN 7 KOTA MALANG',NULL,'Jl. Satsui Tubun IV, Malang 65419',NULL,NULL,NULL,'P1',NULL,'BNSP-LSP-424-ID'),(425,'SMK WACHID HASYIM SURABAYA',NULL,'Jl. Sidotopo Wetan Baru No. 37 Surabaya 60128',NULL,NULL,NULL,'P1',NULL,'BNSP-LSP-425-ID'),(426,'SMK SUNAN DRAJAT LAMONGAN',NULL,'Jl. Mayang Madu, Banjarwati, Paciran 62264 Lamongan',NULL,NULL,NULL,'P1',NULL,'BNSP-LSP-426-ID'),(427,'SMK PAWYATAN DAHA 3 KEDIRI',NULL,'Jl. Slamet Riyadi No. 66 Kediri',NULL,NULL,NULL,'P1',NULL,'BNSP-LSP-427-ID'),(428,'SMK NASIONAL MALANG',NULL,'Jl. Raya Langsep No. 43 , Bareng Klajen Kota Malang',NULL,NULL,NULL,'P1',NULL,'BNSP-LSP-428-ID'),(429,'SMK PGRI 1 NGANJUK',NULL,'Jl. Barito No. 112 Begadung, Nganjuk',NULL,NULL,NULL,'P1',NULL,'BNSP-LSP-429-ID'),(430,'ATKP SURABAYA',NULL,'Jl. Jemur Andayani 1 No. 73 Wonocolo Surabaya',NULL,NULL,NULL,'P1',NULL,'BNSP-LSP-430-ID'),(431,'SMKN 1 DEPOK SLEMAN',NULL,'Ringroad Utara, Maguwoharjo, Depok Sleman, Yogyakarta 55282',NULL,NULL,NULL,'P1',NULL,'BNSP-LSP-431-ID'),(432,'SMK NU 1 KARANGGENENG',NULL,'JL. Raya Simo Sungelebek, Karanggeneng, 62254, Kec. Lamongan',NULL,NULL,NULL,'P1',NULL,'BNSP-LSP-432-ID'),(433,'SMK NU LAMONGAN',NULL,'Jl. Veteran No.55 A, Jetis, Kec. Lamongan, Kabupaten Lamongan, Jawa Timur',NULL,NULL,NULL,'P1',NULL,'BNSP-LSP-433-ID'),(434,'SMK NU 2 KEDUNGPRING LAMONGAN',NULL,'Jl. Pramuka No. 3 Blawirejo 62272, Kedungpring, Kabupaten Lamongan, Jawa Timur',NULL,NULL,NULL,'P1',NULL,'BNSP-LSP-434-ID'),(435,'SMK WACHID HASYIM GLAGAH LAMONGAN',NULL,'Glagah, Kabupaten Lamongan, Jawa Timur 62292',NULL,NULL,NULL,'P1',NULL,'BNSP-LSP-435-ID'),(436,'SMKN 5 YOGYAKARTA',NULL,'Jl. Kenari No. 71, Daerah Istimewa Yogyakarta',NULL,NULL,NULL,'P1',NULL,'BNSP-LSP-436-ID'),(437,'SMK PGRI 1 KEDIRI',NULL,'Jl. Himalaya 6 Sukorame, Mojoroto, Kota Kediri 64114',NULL,NULL,NULL,'P1',NULL,'BNSP-LSP-437-ID'),(438,'SMK KESEHATAN BHAKTI WIYATA KEDIRI',NULL,'Jl. KH. Wahid Hasyim No. 65 Kediri',NULL,NULL,NULL,'P1',NULL,'BNSP-LSP-438-ID'),(439,'SMK PRIMA HUSADA KEDIRI',NULL,'Jl. Beku I Desa Semen, Semen , Kediri',NULL,NULL,NULL,'P1',NULL,'BNSP-LSP-439-ID'),(440,'SMK PGRI 2 KEDIRI',NULL,'Jalan KH. Abdul Karim No. 05',NULL,NULL,NULL,'P1',NULL,'BNSP-LSP-440-ID'),(441,'SMK AL KAUTSAR KERTOSONO',NULL,'Jl. Supriyadi No. 61 Kertosono, Nganjuk',NULL,NULL,NULL,'P1',NULL,'BNSP-LSP-441-ID'),(442,'SMKN 1 MAJALENGKA',NULL,'Jl. Raya Tonjong-Pinangraja No.55, Cicenang, Majalengka',NULL,NULL,NULL,'P1',NULL,'BNSP-LSP-442-ID'),(443,'SMK MUHAMMADIYAH 1 LAMONGAN',NULL,'Jl. Veteran No 51 Lamongan',NULL,NULL,NULL,'P1',NULL,'BNSP-LSP-443-ID'),(444,'FASILITATOR, INSTRUKTUR DAN TENAGA KEPELATIHAN(FITK)',NULL,'Jl. Rawa Buntu Selatan E1/ No 34 BSD',NULL,NULL,NULL,'P1',NULL,'BNSP-LSP-444-ID'),(445,'AKUAKULTUR INDONESIA',NULL,'Jl. Dewi Sartika IV No 70 Semarang',NULL,NULL,NULL,'P3',NULL,'BNSP-LSP-445-ID'),(446,'AGRIBISNIS AMBISSI',NULL,'Gedung Alumni IPB Lantai 2, Ruang 208 Jl. Raya Pajajaran No. 54 Bogor 16143',NULL,NULL,NULL,'P3',NULL,'BNSP-LSP-446-ID'),(447,'BALAI DIKLAT INDUSTRI YOGYAKARTA',NULL,'Jl. Gedongkuning 140 Yogyakarta 55171',NULL,NULL,NULL,'P1',NULL,'BNSP-LSP-447-ID'),(448,'BALAI DIKLAT INDUSTRI PADANG',NULL,'Jl. Bungo Pasang Tabing Padang',NULL,NULL,NULL,'P1',NULL,'BNSP-LSP-448-ID'),(449,'BALAI PENDIDIKAN DAN PELATIHAN TRANSPORTASI DARAT BALI',NULL,'Jl. Batuyang No. 109X Batu Bulan Suka Wati Gianyar Bali',NULL,NULL,NULL,'P1',NULL,'BNSP-LSP-449-ID'),(450,'BALAI PENDIDIKAN DAN PELATIHAN PERIKANAN TEGAL',NULL,'Jl. Martoloyo Po. Box. 22 Tegal',NULL,NULL,NULL,'P1',NULL,'BNSP-LSP-450-ID'),(451,'SMKN 1 PARON',NULL,'Jl. Raya Gentong, Paron, Ngawi',NULL,NULL,NULL,'P1',NULL,'BNSP-LSP-451-ID'),(452,'PERTANIAN ORGANIK',NULL,'Gedung Dirjen Hortikultura Jl. AUP No. 3 Pasar Minggu, Jakarta Selatan 12520',NULL,NULL,NULL,'P3',NULL,'BNSP-LSP-452-ID'),(453,'BONGKAR MUAT INDONESIA',NULL,'Jl. Swasembada Timur XI No..25 Tanjung-Priok. Jakarta-Utara 14320',NULL,NULL,NULL,'P3',NULL,'BNSP-LSP-453-ID'),(454,'PARIWISATA BALI INTERNASIONAL',NULL,'Jl. Tari Kecak No. 12, Gatot Subroto Timur, Denpasar , Bali 80239',NULL,NULL,NULL,'P3',NULL,'BNSP-LSP-454-ID'),(455,'KEPELATIHAN DAN INSTRUKTUR NASIONAL',NULL,'JL. Bintaro Utama Sektor 3A blok DD 1 No. 71 Bintaro Jaya Tangerang Selatan',NULL,NULL,NULL,'P3',NULL,'BNSP-LSP-455-ID'),(456,'TEKNIK OPERASIONAL BANGUNAN GEDUNG',NULL,'Soveregin Plaza Floor B, 2, Tb Simatupang, Jakarta Selatan',NULL,NULL,NULL,'P3',NULL,'BNSP-LSP-456-ID'),(457,'PUSDIKLAT KEKAYAAN NEGARA DAN PERIMBANGAN KEUANGAN',NULL,'Jl. Bintaro Utama Sektor V Bintaro Jaya, Tangerang Selatan 15223',NULL,NULL,NULL,'P2',NULL,'BNSP-LSP-457-ID'),(458,'K3 OSHE INDONESIA',NULL,'JL. Robusta III-A Blok U1 No.18, Pondok Kopi, Jakarta Timur',NULL,NULL,NULL,'P3',NULL,'BNSP-LSP-458-ID'),(459,'ASURANSI SYARIAH',NULL,'Rumah AAJI Lt. 4 Jl. Talang Betutu No. 17 Kebon Melati, Tanaha Abang, Jakarta 10230',NULL,NULL,NULL,'P3',NULL,'BNSP-LSP-459-ID'),(460,'SMK PARAMITHA',NULL,'Kompleks Depdagri No.68 Curug, Pondok Kelapa , Jl.Raya Kalimalang Jakarta Timur',NULL,NULL,NULL,'P1',NULL,'BNSP-LSP-460-ID'),(461,'PERMODALAN NASIONAL MADANI',NULL,'Gedung Arthaloka Lt.2 Jl. Jendral Sudirman Kav.2 Jakarta 10220, Indonesia',NULL,NULL,NULL,'P2',NULL,'BNSP-LSP-461-ID'),(462,'ELEKTRONIKA NASIONAL',NULL,'Jalan Jagir Wonokromo No. 100 Kompleks Pertokoan Mangga Dua Blok A7 No. 1 Lt. 1 , Surabaya 60244',NULL,NULL,NULL,'P3',NULL,'BNSP-LSP-462-ID'),(463,'SMK TELKOM SANDHY PURWOKERTO',NULL,'Jl. DI. Panjaitan No. 128 Purwokerto',NULL,NULL,NULL,'P1',NULL,'BNSP-LSP-463-ID'),(464,'SMKN 3 PURWOKERTO',NULL,'Jl. A. Yani No. 70 Purwokerto',NULL,NULL,NULL,'P1',NULL,'BNSP-LSP-464-ID'),(465,'SMK PGRI 1 MEJAYAN',NULL,'Jl. Kolonel Marhadi No. 25 Mejayan',NULL,NULL,NULL,'P1',NULL,'BNSP-LSP-465-ID'),(466,'SMK CANDA BHIRAWA PARE',NULL,'Jl. Panglima Besar Sudirman No.68, Pare, Kediri',NULL,NULL,NULL,'P1',NULL,'BNSP-LSP-466-ID'),(467,'SMK PGRI 6 NGAWI',NULL,'Jalan Raya Klitikm KM. 05 Ngawi Jawa Timur',NULL,NULL,NULL,'P1',NULL,'BNSP-LSP-467-IDE'),(468,'SMKN 1 SINGOSARI',NULL,'Jl. Raya Mondoroko No 03 Banjararum, Singosari, Kab. Malang',NULL,NULL,NULL,'P1',NULL,'BNSP-LSP-468-ID'),(469,'SMKN 1 CIMAHI',NULL,'Jl.Mahar Martanegara No.48 Kota CIMAHI',NULL,NULL,NULL,'P1',NULL,'BNSP-LSP-469-ID'),(470,'SMKN 4 SEMARANG',NULL,'Jl. Pandanaran II/7, Mugassari, Semarang Selatan, Kota Semarang 50241',NULL,NULL,NULL,'P1',NULL,'BNSP-LSP-470-ID'),(471,'SMK PLUS NU SIDOARJO',NULL,'Jl. Monginsidi Kav DPR, Perum Bluru Permai Sidoarjo',NULL,NULL,NULL,'P1',NULL,'BNSP-LSP-471-ID'),(472,'POLITEKNIK ATK YOGYAKARTA',NULL,'Jl. Ringroad Selatan, Panggungharjo, Sewon, Bantul, Yogyakarta',NULL,NULL,NULL,'P1',NULL,'BNSP-LSP-472-ID'),(473,'SMK BAKTI INDONESIA MEDIKA JOMBANG',NULL,'Jl. Kemuning no.57A Candimulyo Jombang',NULL,NULL,NULL,'P1',NULL,'BNSP-LSP-473-ID'),(474,'SMK YPM 1 TAMAN SIDOARJO',NULL,'Jl. Ngelom 86 Taman Sidoarjo',NULL,NULL,NULL,'P1',NULL,'BNSP-LSP-474-ID'),(475,'SMK SEPULUH NOPEMBER SIDOARJO',NULL,'Jl. Siwalanpanji, Buduran Sidoarjo',NULL,NULL,NULL,'P1',NULL,'BNSP-LSP-475-ID'),(476,'SMKN 1 NGAWI',NULL,'Jl. Teuku Umar no. 10 Ngawi',NULL,NULL,NULL,'P1',NULL,'BNSP-LSP-476-ID'),(477,'SMK KESEHATAN BIM NGAWI',NULL,'Jl.Raya Ngawi Madiun Km.05 Ngawi',NULL,NULL,NULL,'P1',NULL,'BNSP-LSP-477-ID'),(478,'SMK TARUNA JAYA GRESIK',NULL,'Jl. Arif Rahman Hakim 86 A, Gresik',NULL,NULL,NULL,'P1',NULL,'BNSP-LSP-478-ID'),(479,'SMKN 1 DUDUK SAMPEYAN GRESIK',NULL,'Jl. Desa Sumari, Duduksampeyan, Gresik',NULL,NULL,NULL,'P1',NULL,'BNSP-LSP-479-ID'),(480,'SMKN 5 MADIUN',NULL,'Jl. Merak 5 Madiun, Nambangan Kidul, Manguharjo, Kota Madiun 63128',NULL,NULL,NULL,'P1',NULL,'BNSP-LSP-480-ID'),(481,'SMKN 1 KUPANG',NULL,'Jl. Prof.Dr. W.Z. Yohanes Kupang',NULL,NULL,NULL,'P1',NULL,'BNSP-LSP-481-ID'),(482,'SMK YPM 8 SIDOARJO',NULL,'Jalan Raya Sarirogo No.481, Sidoarjo',NULL,NULL,NULL,'P1',NULL,'BNSP-LSP-482-ID'),(483,'SMK MUHAMMADIYAH 1 GRESIK',NULL,'Jl. Raya Bungah Km. 17 Bungah Gresik',NULL,NULL,NULL,'P1',NULL,'BNSP-LSP-483-ID'),(484,'PROTEKSI KEBAKARAN',NULL,'\"Suncity Square H-20, Jl. M. Hasibuan Margajaya Bekasi Repp. Office Jakarta : Gedung Menara Kuningan 9/N Jl. HR. Rasuna Said Kav. X-7 Kuningan Jakarta Selatan\"',NULL,NULL,NULL,'P3',NULL,'BNSP-LSP-484-ID'),(485,'GRAFIKA PURA BARUTAMA',NULL,'Jl. Kresna Jati Wetan No. 77 Kudus',NULL,NULL,NULL,'P3',NULL,'BNSP-LSP-485-ID'),(486,'PERASURANSIAN INDONESIA',NULL,'Graha APPARINDO, Rukan Sudirman Park, Blok C-25 Jl. KH. Mas Mansyur Kav. 35, Jakarta Pusat 10220',NULL,NULL,NULL,'P3',NULL,'BNSP-LSP-486-ID'),(487,'SMK YPM 2 TAMAN',NULL,'Jl. Raya Ngelom 86 Sepanjang Sidoarjo',NULL,NULL,NULL,'P1',NULL,'BNSP-LSP-487-ID'),(488,'SMK ANALIS KESEHATAN JEMBER',NULL,'Jl. Kaca Piring No.23, Gebang, Patrang, Jember',NULL,NULL,NULL,'P1',NULL,'BNSP-LSP-488-ID'),(489,'SMK YPM 3 TAMAN SIDOARJO',NULL,'Jl. Raya Ngelom No.86, Taman, Sidoarjo',NULL,NULL,NULL,'P1',NULL,'BNSP-LSP-489-ID'),(490,'SMK ANTARTIKA 1 SIDOARJO',NULL,'Jalan Raya Siwalan Panji, Sidoarjo',NULL,NULL,NULL,'P1',NULL,'BNSP-LSP-490-ID'),(491,'SMKN 13 KOTA MALANG',NULL,'Perumahan Villa Bukit Tidar, Blok A2 No 13, Jl. Villa Bukit Tidar, Lowokwaru, Malang',NULL,NULL,NULL,'P1',NULL,'BNSP-LSP-491-ID'),(492,'SMK BERLIAN NUSANTARA MAGETAN',NULL,'JL. Ngariboyo-Kawedannan, Mojopurno, Ngariboyo, Magetan',NULL,NULL,NULL,'P1',NULL,'BNSP-LSP-492-ID'),(493,'SMK BHAKTI MULIA PARE',NULL,'Jl. MATAHARI NO 1 PUHREJO-TULUNGREJO-PARE-KAB. KEDIRI',NULL,NULL,NULL,'P1',NULL,'BNSP-LSP-493-ID'),(494,'SMK ANTARTIKA 2 SIDOARJO',NULL,'Jl. Siwalanpanji Kec. Buduran Sidoarjo 61252',NULL,NULL,NULL,'P1',NULL,'BNSP-LSP-494-ID'),(495,'KEUANGAN SYARIAH',NULL,'Kantor Pusat Masyarakat Wkonomi Syariah Ruang # 103 Jl. Tebet Dalam IV E No. 70, Tebet, Jakarta Selatan',NULL,NULL,NULL,'P3',NULL,'BNSP-LSP-495-ID'),(496,'POLITEKNIK NEGERI JEMBER',NULL,'Jalan Mastrip, Tegal Gede, Sumbersari, Jember',NULL,NULL,NULL,'P1',NULL,'BNSP-LSP-496-ID'),(497,'SMK SENTOSA DHARMA',NULL,'Jl. Ade Irma Suryani Nasution 42.A, Sumbang, Bojonegoro',NULL,NULL,NULL,'P1',NULL,'BNSP-LSP-497-ID'),(498,'SMKN 9 MALANG',NULL,'Jl. Sampurna Cemorokandang, Kedungkandang, Kota Malang 65138',NULL,NULL,NULL,'P1',NULL,'BNSP-LSP-498-ID'),(499,'SMKN 2 LAMONGAN',NULL,'Jl. Veteran No. 7A Banjamendalan, Lamongan 62212',NULL,NULL,NULL,'P1',NULL,'BNSP-LSP-499-ID'),(500,'SMK TRISAKTI NGAWI',NULL,'JL. Kenari, No. 7A, Beran, Ngawi',NULL,NULL,NULL,'P1',NULL,'BNSP-LSP-500-ID'),(501,'SMKN 2 JIWAN',NULL,'JL. RAYA SOLO NO.07 JIWAN KAB.MADIUN',NULL,NULL,NULL,'P1',NULL,'BNSP-LSP-501-ID'),(502,'SMKN 1 WONOASRI',NULL,'JL. P. Sudirman No. 1 Purwosari Wonoasri Kab. Madiun',NULL,NULL,NULL,'P1',NULL,'BNSP-LSP-502-ID'),(503,'SMK KRIAN 1',NULL,'Jl. Raya Sidoarjo Katerungan, Krian, Sidoarjo 61262',NULL,NULL,NULL,'P1',NULL,'BNSP-LSP-503-ID'),(504,'LINGKUNGAN HIDUP INDONESIA (LHI)',NULL,'Jl. Urip Sumohardjo No. 100, Yogyakarta',NULL,NULL,NULL,'P3',NULL,'BNSP-LSP-504-ID'),(505,'SMK KARTINI BATAM',NULL,'Jl. Budi Kemuliaan No. 1 Seraya Komplek Baloi View, Batu Batam',NULL,NULL,NULL,'P1',NULL,'BNSP-LSP-505-ID'),(506,'CLEANING SERVICE NUSANTARA',NULL,'Jl. Bunga Maya 16, Malang',NULL,NULL,NULL,'P3',NULL,'BNSP-LSP-506-ID'),(507,'STMIK BUMIGORA MATARAM',NULL,'Jl. Ismail Marzuki Mataram',NULL,NULL,NULL,'P1',NULL,'BNSP-LSP-507-ID'),(508,'AUDITOR HUKUM INDONESIA',NULL,'Ged. Sarinah Lantai 11, JL. MH. Thamrin No.11 Jakarta Pusat 10350',NULL,NULL,NULL,'P3',NULL,'BNSP-LSP-508-ID'),(509,'LEMBAGA UJI KOMPETENSI SDM APARATUR LHK',NULL,'Gd. Manggala Wanabakti Blok VII Lt. 4 Jl. Gatot Subroto Jakarta 10270',NULL,NULL,NULL,'P3',NULL,'BNSP-LSP-509-ID'),(510,'TRANSPORTASI INDONESIA',NULL,'Jl. A. Yani 268 Surabaya',NULL,NULL,NULL,'P3',NULL,'BNSP-LSP-510-ID'),(511,'PENGACARA INDONESIA',NULL,'Maspion Plaza Lt. 7 Jl. Gunung Sahari Kaveling 18, Jakarta Utara 14420',NULL,NULL,NULL,'P3',NULL,'BNSP-LSP-511-ID'),(512,'LPK TRIUTAMA SISTEM INDONESIA (TRUST)',NULL,'Jl. Manyar Jaya V A-24, Surabaya',NULL,NULL,NULL,'P1',NULL,'BNSP-LSP-512-ID'),(513,'SMK AL HUDA KOTA KEDIRI',NULL,'Jalan Masjid Al Huda No. 196, Kediri',NULL,NULL,NULL,'P1',NULL,'BNSP-LSP-513-ID'),(514,'POLITEKNIK NEGERI FAK-FAK',NULL,'Jl. TPA Imam Bonjol Atas, Air Merah, Kel. Wagom Fakfak, Papua Barat.',NULL,NULL,NULL,'P1',NULL,'BNSP-LSP-514-ID'),(515,'POLITEKNIK NEGERI BALI',NULL,'Jln Bukit Jimbaran, Kuta Selatan, Badung, Bali',NULL,NULL,NULL,'P1',NULL,'BNSP-LSP-515-ID'),(516,'MSDM UNIVERSAL',NULL,'Jl. Bukit Darmo Raya 1 Graha Famili, Surabaya',NULL,NULL,NULL,'P3',NULL,'BNSP-LSP-516-ID'),(517,'ENTERPRENEURSHIP CIPUTRA',NULL,'Universitas Ciputra Town, Citraland Surabaya',NULL,NULL,NULL,'P3',NULL,'BNSP-LSP-517-ID'),(518,'UNIVERSITAS DHYANA PURA',NULL,'Jl. Raya Padang Luwih, Tegaljaya,, Dalung,, Kuta Utara, Bali',NULL,NULL,NULL,'P1',NULL,'BNSP-LSP-518-ID'),(519,'UNISBA',NULL,'Jl. Tamansari No. 24 Bandung',NULL,NULL,NULL,'P1',NULL,'BNSP-LSP-519-ID'),(520,'BBPLK MEDAN',NULL,'Jl. Jenderal Gatot Subroto Km. 7,8 Medan',NULL,NULL,NULL,'P1',NULL,'BNSP-LSP-520-ID'),(521,'SMK WIYATA HUSADA',NULL,'Jl. Kenanga No. 300 Bulukerto Kec. Bumiaji Kota Batu.',NULL,NULL,NULL,'P1',NULL,'BNSP-LSP-521-ID'),(522,'PARIWISATA RAFFLESIA',NULL,'Jl. Jend. Sudirman no.29 Rawa Laut Engga, Bandar Lampung',NULL,NULL,NULL,'P3',NULL,'BNSP-LSP-522-ID'),(523,'PARIWISATA FLORES',NULL,'Jalan Gajah Mada No. 71 Maumere, Flores NTT',NULL,NULL,NULL,'P3',NULL,'BNSP-LSP-523-ID'),(524,'PARIWISATA , AESTETIKA & SPA (PARAS)',NULL,'Jl. Raya Dukuh Kupang No. 157B Surabaya',NULL,NULL,NULL,'P3',NULL,'BNSP-LSP-524-ID'),(525,'STIE DWIPA WACANA JAKARTA',NULL,'Jl. Pegangsaan Timur No. 1 menteng Cikini, Jakarta Pusat',NULL,NULL,NULL,'P1',NULL,'BNSP-LSP-525-ID'),(526,'PUSAT PENGEMBANGAN DAN PEMBERDAYAAN PENDIDIK DAN TENAGA KEPENDIDIKAN PERTANIAN (VEDCA) CIANJUR',NULL,'Jl. Raya Jangari KM. 14 Sukajadi, Karangtengah Cianjur 43202',NULL,NULL,NULL,'P1',NULL,'BNSP-LSP-526-ID'),(527,'SMK 01 DIPONEGORO',NULL,'Jl.Pahlawan No. 186 Purwojati  Dukuh Dempok  Wuluhan Jember Kode Pos 68162',NULL,NULL,NULL,'P1',NULL,'BNSP-LSP-527-ID'),(528,'SMK NURIS JEMBER',NULL,'Jl. Pangandaran No. 48, Antirogo, Jember - Jatim.',NULL,NULL,NULL,'P1',NULL,'BNSP-LSP-528-ID'),(529,'SMK 1 PANCASILA',NULL,'Jl. Ronggolawe No.5, Ambulu, Kab. Jember 68172',NULL,NULL,NULL,'P1',NULL,'BNSP-LSP-529-ID'),(530,'SMK PEMUDA',NULL,'Jl. Raya Kemasan, Krian - Sidoarjo',NULL,NULL,NULL,'P1',NULL,'BNSP-LSP-530-ID'),(531,'SMK MUHAMMADIYAH 2 NGAWI',NULL,'Jl. Mantingan - Sine 0 Km, Mantingan, MANTINGAN, KAB. NGAWI 63257',NULL,NULL,NULL,'P1',NULL,'BNSP-LSP-531-ID'),(532,'SMK NAGARA NGAWI',NULL,'Jalan Raya Kedunggalar - Jogorogo, Begal Kec.Kedunggalar - Kab. Ngawi, KEDUNGGALAR, KAB. NGAWI 63254',NULL,NULL,NULL,'P1',NULL,'BNSP-LSP-532-ID'),(533,'SMK YPM 4 TAMAN',NULL,'Jl. Raya Bringin Bendo D1 Taman, Sidoarjo',NULL,NULL,NULL,'P1',NULL,'BNSP-LSP-533-ID'),(534,'SMK SENOPATI',NULL,'Jl. Senopati No. 2 Betro Sedati, Sidoarjo',NULL,NULL,NULL,'P1',NULL,'BNSP-LSP-534-ID'),(535,'SMK DIPONEGORO SIDOARJO',NULL,'Jl. Raden Patah No. 78 Sidoarjo',NULL,NULL,NULL,'P1',NULL,'BNSP-LSP-535-ID'),(536,'SMK PGRI 1 JOMBANG',NULL,'Jalan Pattimura V No.75, Kec. Jombang',NULL,NULL,NULL,'P1',NULL,'BNSP-LSP-536-ID'),(537,'SMK NU GRESIK',NULL,'Jl. KH.Abdul Karim No 60 Gresik',NULL,NULL,NULL,'P1',NULL,'BNSP-LSP-537-ID'),(538,'SMK MAARIF NU BENJENG GRESIK',NULL,'Jl. Raya Benjeng No.414, Benjeng, Gresik',NULL,NULL,NULL,'P1',NULL,'BNSP-LSP-538-ID'),(539,'SMK YPI DARUSSALAM 1 CERME',NULL,'Jl. Raya Pasar No. 03, Cerme Lor, Cerme, Kab. Gresik 61171',NULL,NULL,NULL,'P1',NULL,'BNSP-LSP-539-ID'),(540,'SMK MITRA SEHAT MANDIRI SIDOARJO',NULL,'Jl. Ki Hajar Dewantara 200 Krian 61262',NULL,NULL,NULL,'P1',NULL,'BNSP-LSP-540-ID'),(541,'SMK YAPALIS KRIAN',NULL,'Jl. Kyai Mojo No. 18 Jerukgamping Krian Siodarjo 61262',NULL,NULL,NULL,'P1',NULL,'BNSP-LSP-541-ID'),(542,'SMK KRIAN 2 SIDOARJO',NULL,'Jl. Raya Sidoarjo Krian, Des. Katerungan, Sidoarjo.',NULL,NULL,NULL,'P1',NULL,'BNSP-LSP-542-ID'),(543,'SMK PGRI 1 SIDOARJO',NULL,'Jl. Dr. Wahidin No. 130b Sekardangan, Sidoarjo',NULL,NULL,NULL,'P1',NULL,'BNSP-LSP-543-ID'),(544,'SMKN 3 BATU',NULL,'Jl. Terusan Metro, Sumberejo, Kota Batu, Malang',NULL,NULL,NULL,'P1',NULL,'BNSP-LSP-544-ID'),(545,'SMK PGRI 2 SIDOARJO',NULL,'Jl. Jenggolo Gang III no. 61 Sidoarjo',NULL,NULL,NULL,'P1',NULL,'BNSP-LSP-545-ID'),(546,'SMK ISLAM 1 DURENAN',NULL,'Jl. Raya Kendalrejo Durenan Trenggalek',NULL,NULL,NULL,'P1',NULL,'BNSP-LSP-546-ID'),(547,'PARIWISATA KOMODO FLORES',NULL,'Jl. Frans Nala, Gd. BLK Nakertrans Manggarai Barat Labuan Bajo, Flores',NULL,NULL,NULL,'P1',NULL,'BNSP-LSP-547-ID'),(548,'POLITEKNIK NEGERI BATAM',NULL,'Porkway, Batam Center. Batam 29461',NULL,NULL,NULL,'P1',NULL,'BNSP-LSP-548-ID'),(549,'SEKOLAH TINGGI MULTIMEDIA',NULL,'Jl. Magelang Km. 6 Yogyakarta 55284',NULL,NULL,NULL,'P1',NULL,'BNSP-LSP-549-ID'),(550,'POLITEKNIK NEGERI LAMPUNG',NULL,'Jl. Soekarno  Hatta No. 10 Rajabasa, Bandar Lampung 35144',NULL,NULL,NULL,'P1',NULL,'BNSP-LSP-550-ID'),(551,'SMKN 2 ENDE',NULL,'Jl. Anggrek Km. 3 Ende',NULL,NULL,NULL,'P1',NULL,'BNSP-LSP-551-ID'),(552,'POLITEKNIK NEGERI PADANG',NULL,'Kampus Limau Manis, Limau Manis, Pauh, Kota Padang, Sumatera Barat',NULL,NULL,NULL,'P1',NULL,'BNSP-LSP-552-ID'),(553,'TENAGA KERJA KONSTRUKSI LUAR NEGERI NUSANTARA',NULL,'Komplek Pertokoan Mangga Dua Blok A7/1 Lt.3 Jalan Jagir Wonokromo 100 Surabaya',NULL,NULL,NULL,'P3',NULL,'BNSP-LSP-553-ID'),(554,'BLPT SUMATERA BARAT',NULL,'Jl. M. Yunus Lubuk Lintah, Kuranji Padang 25152',NULL,NULL,NULL,'P1',NULL,'BNSP-LSP-554-ID'),(555,'SMKN 3 MAGELANG',NULL,'Jl. Pierre Tendean No. 1 Magelang',NULL,NULL,NULL,'P1',NULL,'BNSP-LSP-555-ID'),(556,'UNIVERSITAS SARJANAWIYATA TAMAN SISWA',NULL,'Jl. Kusumanegara No. 121 Yogyakarta 55165',NULL,NULL,NULL,'P1',NULL,'BNSP-LSP-556-ID'),(557,'UNTAG SURABAYA',NULL,'Gd. Untag Student & Enterpreneurship Center Lt. 1. Jl. Manyar Untag Surabaya',NULL,NULL,NULL,'P1',NULL,'BNSP-LSP-557-ID'),(558,'UNIVERSITAS WIJAYA PUTRA',NULL,'Gedung A Kampus I UWP Jl. Raya Benowo No. 1-3 Surabaya 60197',NULL,NULL,NULL,'P1',NULL,'BNSP-LSP-558-ID'),(559,'SMK SEMEN GRESIK',NULL,'Jl. Arif Rahman Hakim Gresik No.90, Pekauman, Gresik',NULL,NULL,NULL,'P1',NULL,'BNSP-LSP-559-ID'),(560,'SEKOLAH TINGGI PARIWISATA TRISAKTI',NULL,'Jl. IKPN Bintaro Tanah Kusir, Jakarta 12330',NULL,NULL,NULL,'P1',NULL,'BNSP-LSP-560-ID'),(561,'PEMANDU WISATA NUSANTARA',NULL,'Jl Margorejo Indah A 940 Surabaya',NULL,NULL,NULL,'P3',NULL,'BNSP-LSP-561-ID'),(562,'SUPM TEGAL',NULL,'Jl. Martoloyo PO. BOX 22 Tegal',NULL,NULL,NULL,'P1',NULL,'BNSP-LSP-562-ID'),(563,'SMKN 1 LAMONGAN',NULL,'Jl. Jenderal Sudirman No. 84 Lamongan',NULL,NULL,NULL,'P1',NULL,'BNSP-LSP-563-ID'),(564,'POLITEKNIK CALTEX RIAU',NULL,'Kampus Politeknik Caltex Riau R-212, Jl. Umban Sari 1, Rumbai Pekanbaru 28265',NULL,NULL,NULL,'P1',NULL,'BNSP-LSP-564-ID'),(565,'SMKN 1 PURWODADI GROBOGAN',NULL,'Jl. P. Diponegoro No. 24, Purwodadi',NULL,NULL,NULL,'P1',NULL,'BNSP-LSP-565-ID'),(566,'SMKN 1 KENDAL',NULL,'Jl. Soekarno Hatta Km. 3 Kendal',NULL,NULL,NULL,'P1',NULL,'BNSP-LSP-566-ID'),(567,'SMK DARMA SISWA SIDOARJO',NULL,'Jl. Kusuma 9-11, 14, 22 Berbek Waru, Sidoarjo',NULL,NULL,NULL,'P1',NULL,'BNSP-LSP-567-ID'),(568,'SMK PERSATUAN 1 TULANGAN',NULL,'Jl. Raya Kepadangan No. 36 Tulangan Sidoarjo',NULL,NULL,NULL,'P1',NULL,'BNSP-LSP-568-ID'),(569,'SMK KESEHATAN ADITAPA MADIUN',NULL,'Jl. Serayu Timur No. 159 Kota Madiun',NULL,NULL,NULL,'P1',NULL,'BNSP-LSP-569-ID'),(570,'HUBUNGAN INDUSTRIAL INDONESIA',NULL,'Gedung Permata Kuningan Lt. 10 Jl. Kuningan Mulia Kav. 9C, Guntur Setiabudi, Jakarta Selatan',NULL,NULL,NULL,'P3',NULL,'BNSP-LSP-570-ID'),(571,'UNIVERSITAS NAROTAMA',NULL,'Jl. Arif Rahman Hakim No. 51 Surabaya',NULL,NULL,NULL,'P1',NULL,'BNSP-LSP-571-ID'),(572,'KJK NASIONAL',NULL,'Jl. Merak No. 34 Peguyangan Denpasar Utara',NULL,NULL,NULL,'P2',NULL,'BNSP-LSP-572-ID'),(573,'SMK PGRI 1 PORONG SIDOARJO',NULL,'Jl. Kenongo Kel. Gedang Porong Kab. Sidoarjo.',NULL,NULL,NULL,'P1',NULL,'BNSP-LSP-573-ID'),(574,'SMK ISLAM PANGGUL',NULL,'Jl. Raya Panggul Trenggalek',NULL,NULL,NULL,'P1',NULL,'BNSP-LSP-574-ID'),(575,'SMK PEMBANGUNAN JAYA',NULL,'Jl. Palapa Raya No. 2 Pasar Minggu, Jakarta Selatan',NULL,NULL,NULL,'P1',NULL,'BNSP-LSP-575-ID'),(576,'LPK SAKASAKTI',NULL,'Jl. Matahari I No. 42 Lt. 2, Bumi Malaka Asri III, Duren Sawit, Jakarta Timur',NULL,NULL,NULL,'P1',NULL,'BNSP-LSP-576-ID'),(577,'PT. MITRA ADIPERKASA',NULL,'Sahid Sudirman Center, Lt. 25 Jl. Jend. Sudirman Kav. 86, Jakarta Pusat',NULL,NULL,NULL,'P2',NULL,'BNSP-LSP-577-ID'),(578,'SMK MAARIF NU PRAMBON',NULL,'Jl. Diponegoro No. 122 Prambon, Sidoarjo',NULL,NULL,NULL,'P1',NULL,'BNSP-LSP-578-ID'),(579,'SMK YPM 7 TARIK SIDOARJO',NULL,'Jl. Raya Kemuning Tarik No. 01 Tarik Sidoarjo',NULL,NULL,NULL,'P1',NULL,'BNSP-LSP-579-ID'),(580,'BLK AGROBISNIS DAN INDUSTRI KABUPATEN GIANYAR',NULL,'Jl. Legong Keraton No. 99X Temesi, Gianyar',NULL,NULL,NULL,'P1',NULL,'BNSP-LSP-580-ID'),(581,'SEKOLAH TINGGI TEKNIK ATLAS NUSANTARA',NULL,'Jl. Teluk Pacitan No 14 Arjosari, Malang, 65126',NULL,NULL,NULL,'P1',NULL,'BNSP-LSP-581-ID'),(582,'UNIVERSITAS WIDYAGAMA',NULL,'Jl. Borobudur 35 Malang',NULL,NULL,NULL,'P1',NULL,'BNSP-LSP-582-ID'),(583,'STMIK ASIA',NULL,'Jl. Soekarno-Hatta, Rembuksari No. 1A Malang',NULL,NULL,NULL,'P1',NULL,'BNSP-LSP-583-ID'),(584,'UNIVERSITAS TELKOM',NULL,'Jl. Telekomunikasi No. 01, Terusan Buah Batu, Bandung',NULL,NULL,NULL,'P1',NULL,'BNSP-LSP-584-ID'),(585,'POLITEKNIK LPP',NULL,'Jl. LPP No 1A Balapan Yogyakarta',NULL,NULL,NULL,'P1',NULL,'BNSP-LSP-585-ID'),(586,'SMK PENERBANGAN SIDOARJO',NULL,'Jl. Abdul Rahman No. 49 Sedati Sidoarjo',NULL,NULL,NULL,'P1',NULL,'BNSP-LSP-586-ID'),(587,'SMK PGRI 3 SIDOARJO',NULL,'Jl. Dr. Wahidin No.130-B, Sekardangan, Sidoarjo',NULL,NULL,NULL,'P1',NULL,'BNSP-LSP-587-ID'),(588,'SMK PERSATUAN 2 TULANGAN',NULL,'Jl. Raya Desa Kepadangan No. 36 Tulangan Sidoarjo',NULL,NULL,NULL,'P1',NULL,'BNSP-LSP-588-ID'),(589,'POLITEKNIK LP3I',NULL,'Gedung Sentra Kramat Jl. Kramat Raya No. 7-9 Senen, Jakarta Pusat',NULL,NULL,NULL,'P1',NULL,'BNSP-LSP-589-ID'),(590,'SMKN 10 MALANG',NULL,'Jalan Raya Tlogowaru Kedungkandang, Malang',NULL,NULL,NULL,'P1',NULL,'BNSP-LSP-590-ID'),(591,'ARTHA DYAN INTERNATIONAL COLLEGE',NULL,'Jl. Nangka Selatan No.66, Denpasar - Bali',NULL,NULL,NULL,'P1',NULL,'BNSP-LSP-591-ID'),(592,'UNIVERSITAS INTERNASIONAL BATAM',NULL,'Jl. Gajah Mada, Baloi Sei Ladi, Batam, Kepulauan Riau',NULL,NULL,NULL,'P1',NULL,'BNSP-LSP-592-ID'),(593,'SMKN 4 PEKANBARU',NULL,'Jl. Purwadadi - Panam Kec. Tampan, Pekanbaru',NULL,NULL,NULL,'P1',NULL,'BNSP-LSP-593-ID'),(594,'SMKN 1 PEKANBARU',NULL,'Jl. Semeru No. 16 Pekanbaru',NULL,NULL,NULL,'P1',NULL,'BNSP-LSP-594-ID'),(595,'SMKN 1 PASIR PENYU',NULL,'Jl. Jendral Sudirman, Air Molek Indragiri Hulu, Riau',NULL,NULL,NULL,'P1',NULL,'BNSP-LSP-595-ID'),(596,'SMKN 3 PEKANBARU',NULL,'Jl. Dr. Sutomo No. 110 Pekanbaru',NULL,NULL,NULL,'P1',NULL,'BNSP-LSP-596-ID'),(597,'SMKN 2 PEKANBARU',NULL,'Jl. Pattimura No. 14 Pekanbaru',NULL,NULL,NULL,'P1',NULL,'BNSP-LSP-597-ID'),(598,'SMK YPM 5 SUKODONO',NULL,'Jalan Raya Panjunan No. 45, Sukodono, Sidoarjo',NULL,NULL,NULL,'P1',NULL,'BNSP-LSP-598-ID'),(599,'SMK TRISAKTI TULANGAN',NULL,'Jl. Raya Kepadangan No. 187 Tulangan, Kota Sidoarjo',NULL,NULL,NULL,'P1',NULL,'BNSP-LSP-599-ID'),(600,'SMK ISLAM KREMBUNG',NULL,'Jl. Raya Rejeni  Krembung Sidoarjo',NULL,NULL,NULL,'P1',NULL,'BNSP-LSP-600-ID'),(601,'INFORMATIKA INDONESIA',NULL,'Aula Lt. 3 Eltibiz, Jl. Cilik Riwut Km 1,5 No.04 Palangkaraya',NULL,NULL,NULL,'P3',NULL,'BNSP-LSP-601-ID'),(602,'PARIWISATA JAKARTA RAYA',NULL,'Jl. Cipete Raya No. 13 Jakarta Selatan',NULL,NULL,NULL,'P2',NULL,'BNSP-LSP-602-ID'),(603,'SMKN 3 KUPANG',NULL,'Jl. S.K. Lerik Walikota , Kupang',NULL,NULL,NULL,'P1',NULL,'BNSP-LSP-603-ID'),(604,'PELATIH OLAH RAGA',NULL,'Jl. Tenggilis Utara VI No. 14 Surabaya 60292',NULL,NULL,NULL,'P1',NULL,'BNSP-LSP-604-ID'),(605,'PUSAT PENDIDIKAN MAARIF JTM',NULL,'Jl. Tunggul Ametung 99 Candirenggo, Singosari Kab. Malang',NULL,NULL,NULL,'P2',NULL,'BNSP-LSP-605-ID'),(606,'STMIK IKMI CIREBON',NULL,'Jl. Perjuangan No. 10 B Majasem Kota Cirebon',NULL,NULL,NULL,'P1',NULL,'BNSP-LSP-606-ID'),(607,'STMIK BALIKPAPAN',NULL,'Jl. AMD Manunggal 09 RT 35 Damai Bahagia Balikpapan',NULL,NULL,NULL,'P1',NULL,'BNSP-LSP-607-ID'),(608,'SMK PAWYATAN DAHA 1 KEDIRI',NULL,'Jl. Slamet Riyadi No. 66 Kediri 64124',NULL,NULL,NULL,'P1',NULL,'BNSP-LSP-608-ID'),(609,'SMKN 1 KARANGANYAR NGAWI',NULL,'Jl. Raya Gendingan Karanganyar, Ngawi',NULL,NULL,NULL,'P1',NULL,'BNSP-LSP-609-ID'),(610,'SMK AIRLANGGA SIDOARJO',NULL,'Jl. Tenis V Magersari (Komplek GOR Sidoarjo) Sidoarjo',NULL,NULL,NULL,'P1',NULL,'BNSP-LSP-610-ID'),(611,'INSPECTOR INDONESIA',NULL,'Graha Sucofindo  Gedung B Jl. Raya Pasar Minggu Kav. 34 Jakarta 12780',NULL,NULL,NULL,'P3',NULL,'BNSP-LSP-611-ID'),(612,'LSP K3 Konstruksi',NULL,'Jl. Raya Lenteng Agung No. 37E Lenteng Agung Jagakarsa Jakarta Selatan 12610',NULL,NULL,NULL,'P3',NULL,'BNSP-LSP-612-ID'),(613,'BADAN PENGEMBANGAN SUMBER DAYA MANUSIA ENERGI DAN SUMBER DAYA MINERAL (BPSDM ESDM)',NULL,'Gd. Badan Pengembangan Sumber Daya Manusia Energi dan Sumber Daya Mineral Jl. Gatot Subroto Kav. 49 Jakarta Selatan',NULL,NULL,NULL,'P2',NULL,'BNSP-LSP-613-ID'),(614,'SMK SATRIA BHAKTI NGANJUK',NULL,'Jl. Panglima Sudirman VI Nganjuk 64412',NULL,NULL,NULL,'P1',NULL,'BNSP-LSP-614-ID'),(615,'SMK NEGERI DARUL ULUM MUNCAR',NULL,'Jl. KH. Askandar Km. 2 Wringin Putih Muncar Banyuwangi, Jawa Timur',NULL,NULL,NULL,'P1',NULL,'BNSP-LSP-615-ID'),(616,'LIBERTY INTERNATIONAL COLLEGE',NULL,'Jl. Rajawali No. 99 Beng, Gianyar , Bali',NULL,NULL,NULL,'P2',NULL,'BNSP-LSP-616-ID'),(617,'SMK PERIKANAN DAN KELAUTAN PUGER',NULL,'Jl. Achmad Yani Puger, Jember',NULL,NULL,NULL,'P1',NULL,'BNSP-LSP-617-ID'),(618,'BALAI DIKLAT INDUSTRI MAKASSAR',NULL,'Jl. Perintis Kemerdekaan Km. 17 , Makassar',NULL,NULL,NULL,'P2',NULL,'BNSP-LSP-618-ID'),(619,'LPK ELIZABETH INTERNATIONAL',NULL,'Jl. Kebo Iwa No. 12 B, Gianyar Bali',NULL,NULL,NULL,'P1',NULL,'BNSP-LSP-619-ID'),(620,'SMKN 2 DEPOK SLEMAN',NULL,'Mrican Caturtunggal, Depok Sleman Yogyakarta 55281',NULL,NULL,NULL,'P1',NULL,'BNSP-LSP-620-ID'),(621,'SMK MAMBAUL ULUM BATA-BATA',NULL,'Jl. KHR. Abd. Majid Komplek PP Mambaul Ulum Bata-Bata Panaan Palengaan',NULL,NULL,NULL,'P1',NULL,'BNSP-LSP-621-ID'),(622,'SMKN 6 MALANG',NULL,'Jl. Ki Ageng Gribig No.28, Madyopuro, Kedungkandang, Kota Malang 65139',NULL,NULL,NULL,'P1',NULL,'BNSP-LSP-622-ID'),(623,'SUPM PONTIANAK',NULL,'',NULL,NULL,NULL,'P1',NULL,'BNSP-LSP-623-ID'),(624,'KECANTIKAN ESCRINS',NULL,'Jl. Ade Irma Suryani No. 27 Semarang',NULL,NULL,NULL,'P1',NULL,'BNSP-LSP-624-ID'),(625,'POLITEKNIK KELAUTAN & PERIKANAN BITUNG',NULL,'Jl. Tandurasa Kotak Pos 12/BTG, Bitung Sulawesi Utara',NULL,NULL,NULL,'P1',NULL,'BNSP-LSP-625-ID'),(626,'SMKN 6 JEMBER',NULL,'',NULL,NULL,NULL,'P1',NULL,'BNSP-LSP-626-ID'),(627,'P2KGK JAKARTA SELATAN',NULL,'Jl. Camat Gabun II Lenteng Agung, Jagakarsa, Jakarta Selatan',NULL,NULL,NULL,'P2',NULL,'BNSP-LSP-627-ID'),(628,'LPK MITRA KALYANA SEJAHTERA',NULL,'Jl. Batununggal Abadi 2 No. 72 Bandung 40267',NULL,NULL,NULL,'P1',NULL,'BNSP-LSP-628-ID'),(629,'STTNAS YOGYAKARTA',NULL,'Jl. Babarsari Caturtunggal , Depok , Sleman, Yogyakarta 55281',NULL,NULL,NULL,'P1',NULL,'BNSP-LSP-629-ID'),(630,'SMK ISLAM 2 DURENAN TRENGGALEK',NULL,'Jl. Raya Kendalrejo, Durenan Trenggalek',NULL,NULL,NULL,'P1',NULL,'BNSP-LSP-630-ID'),(631,'SMK MAARIF SUDIMORO PACITAN',NULL,'Jl. Raya Sudimoro No. 10 Pacitan',NULL,NULL,NULL,'P1',NULL,'BNSP-LSP-631-ID'),(632,'SMK PGRI JATISARI KARAWANG',NULL,'Jl. Raya Sukamaju, Jatisari, Karawang 41374',NULL,NULL,NULL,'P1',NULL,'BNSP-LSP-632-ID'),(633,'POLITEKNIK KELAUTAN & PERIKANAN SIDOARJO',NULL,'Jl. Raya Buncitan Kotak Pos 1 Sedati Sidoarjo',NULL,NULL,NULL,'P1',NULL,'BNSP-LSP-633-ID'),(634,'AKADEMI ANALIS KESEHATAN 17 AGUSTUS 1945 SEMARANG (LSP ANALIS 17)',NULL,'Jl. Jend. Sudirman No. 350 Semarang',NULL,NULL,NULL,'P1',NULL,'BNSP-LSP-634-ID'),(635,'POLITEKNIK NEGERI MEDAN',NULL,'Jl. Almamater No. 1, Kampus USU Medan 20155',NULL,NULL,NULL,'P1',NULL,'BNSP-LSP-635-ID'),(636,'PUSDIKLAT SDM LHK',NULL,'Jl. Mayjen Ishak Juarsa Gunung Batu Bogor 16118',NULL,NULL,NULL,'P1',NULL,'BNSP-LSP-636-ID'),(637,'TENAGA KESEHATAN',NULL,'Gedung dr. Suwardjono Surjaningrat, Lantai 8 Ruang 806 Jl. Hang Jebat III Blok F3, Kebayoran Baru, Jakarta 12120',NULL,NULL,NULL,'P1',NULL,'BNSP-LSP-637-ID'),(638,'SMKN 1 MOJOANYAR',NULL,'Jl. Dusun Wonoayu RT 02 / RW 01, Desa Kepuhanyar, Mojoanyar, Mojokerto',NULL,NULL,NULL,'P1',NULL,'BNSP-LSP-638-ID'),(639,'SMK KARYA NASIONAL KUNINGAN',NULL,'Jl. Cirendang - Cigugur, Cirendang, Kec. Kuningan, Kabupaten Kuningan, Jawa Barat 45518',NULL,NULL,NULL,'P1',NULL,'BNSP-LSP-639-ID'),(640,'SMK AL MUFTI PURWADADI',NULL,'Jl. Jaenal Mufti, Purwadadi, Wanakerta, Belendung, Subang, Kabupaten Subang 41261',NULL,NULL,NULL,'P1',NULL,'BNSP-LSP-640-ID'),(641,'SMK RADEN RAHMAT MOJOSARI',NULL,'Jl. Hasanudin No. 79, Mojosari, Mojokerto',NULL,NULL,NULL,'P1',NULL,'BNSP-LSP-641-ID'),(642,'LINGKUNGAN HIDUP',NULL,'Jl. Danau Toba No. 103, Bendungan Hilir Jakarta Pusat',NULL,NULL,NULL,'P3',NULL,'BNSP-LSP-642-ID'),(643,'SMKN 1 TUREN',NULL,'Jl. Panglima Sudirman No. 41, Turen, Malang',NULL,NULL,NULL,'P1',NULL,'BNSP-LSP-643-ID'),(644,'SMKN 1 DOKO',NULL,'Jl. Pahlawan, Desa Resapombo, Kec. Doko, Resapombo, Doko, Blitar 66186',NULL,NULL,NULL,'P1',NULL,'BNSP-LSP-644-ID'),(645,'POLITEKNIK NEGERI LHOKSEUMAWE',NULL,'Jl. Banda Aceh-Medan Km. 280,3, Buketrata, Mesjid Punteut, Blang Mangat, Kota Lhokseumawe, Aceh 24301',NULL,NULL,NULL,'P1',NULL,'BNSP-LSP-645-ID'),(646,'TRAINER INDONESIA',NULL,'Menara 165, Lantai 24, Jl. TB. Simatupang Kav. 1, Cilandak, Jakarta Selatan 12560',NULL,NULL,NULL,'P3',NULL,'BNSP-LSP-646-ID'),(647,'SMKN 2 DEPOK',NULL,'Jl. Abdul Wahab Pintu 2 Telaga Golf, Sawangan Lama, Sawangan, Kota Depok 16511',NULL,NULL,NULL,'P1',NULL,'BNSP-LSP-647-ID'),(648,'MSDM GLOBAL',NULL,'Jl. Klampis Indah I/38 Blok H 19 Surabaya 60117',NULL,NULL,NULL,'P2',NULL,'BNSP-LSP-648-ID'),(649,'MSDM BRILLIANT',NULL,'Kompleks Perkantoran Citra Grand Amsterdam Blok B No. 2 Sambiroto, Semarang',NULL,NULL,NULL,'P3',NULL,'BNSP-LSP-649-ID'),(650,'SMKN 2 PAMEKASAN',NULL,'Jl. Proppo 161 Pamekasan 69316',NULL,NULL,NULL,'P1',NULL,'BNSP-LSP-650-ID'),(651,'SMKN 1 TLANAKAN',NULL,'Jl. Raya Tlanakan No. 9, Tlanakan, Kec. Pamekasan, Kabupaten Pamekasan 69371',NULL,NULL,NULL,'P1',NULL,'BNSP-LSP-651-ID'),(652,'PERDAGANGAN RITEL',NULL,'Gedung Java Design Centre, Lt. 4, Jl. Imam Bonjol 154  160 Semarang',NULL,NULL,NULL,'P2',NULL,'BNSP-LSP-652-ID'),(653,'PT. PEGADAIAN',NULL,'Jl. Kramat Raya 162 Jakarta Pusat',NULL,NULL,NULL,'P2',NULL,'BNSP-LSP-653-ID'),(654,'PT. FREEPORT INDONESIA',NULL,'Technical Training and Accreditation Building Mile 68 Tembagapura - Papua.',NULL,NULL,NULL,'P2',NULL,'BNSP-LSP-654-ID'),(655,'SMKN 1 TAMBAKBOYO',NULL,'Jalan Raya Sawir No. 9 Sawir, Tambakboyo, Tuban 62352',NULL,NULL,NULL,'P1',NULL,'BNSP-LSP-655-ID'),(656,'ADMINISTRASI PERKANTORAN INDONESIA',NULL,'Graha Kadin Kota Bandung Jl. Talaga Bodas No. 31 Bandung  Indonesia',NULL,NULL,NULL,'P1',NULL,'BNSP-LSP-656-ID'),(657,'UNIVERSITAS KANJURUHAN MALANG',NULL,'',NULL,NULL,NULL,'P1',NULL,'BNSP-LSP-657-ID'),(658,'JAKARTA INTERNATIONAL HOTELS SCHOOL (JIHS)',NULL,'Jl. Jend. Sudirman Kav. 52-53 Lot. 21 Jakarta Selatan. 12190',NULL,NULL,NULL,'P1',NULL,'BNSP-LSP-658-ID'),(659,'PUSAT PENGEMBANGAN DAN PEMBERDAYAAN PENDIDIK DAN TENAGA KEPENDIDIKAN BIDANG BANGUNAN DAN LISTRIK (P4TK BBL)',NULL,'Jl Setia Budi No 75, Helvetia-Medan 20124',NULL,NULL,NULL,'P1',NULL,'BNSP-LSP-659-ID'),(660,'LEMBAGA PENGEMBANGAN DAN PEMBERDAYAAN PENDIDIK DAN TENAGA KEPENDIDIKAN KELAUTAN PERIKANAN TEKNOLOGI INFORMASI DAN KOMUNIKASI ( LPPPTK KPTK)',NULL,'Jl. Diklat No. 30 Dusun Tambung Batu, Desa Pacellekkang Kec. Pattallassang, Kabupaten Gowa Sulawesi Selatan 92171',NULL,NULL,NULL,'P1',NULL,'BNSP-LSP-660-ID'),(661,'PUSAT PENGEMBANGAN DAN PEMBERDAYAAN PENDIDIK DAN TENAGA KEPENDIDIKAN BIDANG MESIN DAN TEKNIK INDUSTRI (P4TK BMTI)',NULL,'Jln. Pesantren Km 2, Cimahi 40513',NULL,NULL,NULL,'P1',NULL,'BNSP-LSP-661-ID'),(662,'PUSAT PENGEMBANGAN DAN PEMBERDAYAAN PENDIDIK DAN TENAGA KEPENDIDIKAN PERTANIAN (VEDCA) (P4TK PERTANIAN (VEDCA))',NULL,'Jl. Raya Jangari Km. 14 Sukajadi - Karangtengah Cianjur',NULL,NULL,NULL,'P1',NULL,'BNSP-LSP-662-ID'),(663,'DINAS PENDIDIKAN PROVINSI JAWA TIMUR',NULL,'Jl. Gentengkali No. 33 Surabaya 60275',NULL,NULL,NULL,'P1',NULL,'BNSP-LSP-663-ID'),(664,'LEMBAGA PENGKAJIAN PANGAN, OBAT DAN KOSMETIKA MAJELIS ULAMA INDONESIA (LPPOM MUI)',NULL,'Gedung Global Halal Center Jl. Pemuda No. 5 Kota Bogor 16161',NULL,NULL,NULL,'P3',NULL,'BNSP-LSP-664-ID'),(665,'SMK BOEDI OETOMO CILACAP',NULL,'Jl. Bali Timur No. 100, Kebon Manis, Cilacap Utara, Kab. Cilacap 53235',NULL,NULL,NULL,'P1',NULL,'BNSP-LSP-665-ID'),(666,'POLITEKNIK NEGERI AMBON',NULL,'Jl. Ir. M. Putu Lera Wailela Rumah Tiga, Ambon',NULL,NULL,NULL,'P1',NULL,'BNSP-LSP-666-ID'),(667,'SMKN 1 JUWIRING',NULL,'Mrisen, Juwiring, Klaten',NULL,NULL,NULL,'P1',NULL,'BNSP-LSP-667-ID'),(668,'SMKN 4 KLATEN',NULL,'Jl. Mataram No. 5 Belang Wetan, Klaten Utara, Klaten',NULL,NULL,NULL,'P1',NULL,'BNSP-LSP-668-ID'),(669,'SMK BINA KARYA 1 KARAWANG',NULL,'Jl. Pangkal Perjuangan (By Pass) Tanjung Pura Karawang 41316',NULL,NULL,NULL,'P1',NULL,'BNSP-LSP-669-ID'),(670,'SMK TRI MITRA KARAWANG',NULL,'Jl. By Pass Jomin  Jomin Barat Kota Baru  Karawang',NULL,NULL,NULL,'P1',NULL,'BNSP-LSP-670-ID'),(671,'POLITEKNIK NEGERI MEDIA KREATIF',NULL,'Jl. Srengseng Sawah Raya, Jagakarsa, Jakarta Selatan 12640',NULL,NULL,NULL,'P1',NULL,'BNSP-LSP-671-ID'),(672,'SMK MUHAMMADIYAH 1 PLAYEN',NULL,'Jl. Wonosari -Yogya KM.3 Logandeng Playen Gunung Kidul DIY',NULL,NULL,NULL,'P1',NULL,'BNSP-LSP-672-ID'),(673,'SMKN 1 CILACAP',NULL,'Jl. Budi Utomo No. 10 Cilacap Kode Pos 53212',NULL,NULL,NULL,'P1',NULL,'BNSP-LSP-673-ID'),(674,'SMKN 1 KLUNGKUNG BALI',NULL,'Jalan Subali II, Banjar Siku Desa Kamasan, Klungkung, Bali',NULL,NULL,NULL,'P1',NULL,'BNSP-LSP-674-ID'),(675,'SMKN 1 WONOSARI',NULL,'Jl. Veteran Wonosari Gunung kidul',NULL,NULL,NULL,'P1',NULL,'BNSP-LSP-675-ID'),(676,'SMKN 1 BOJONEGORO',NULL,'Jl. Panglima Polim 50 Bojonegoro',NULL,NULL,NULL,'P1',NULL,'BNSP-LSP-676-ID'),(677,'SMK MUHAMMADIYAH 1 SUKOHARJO',NULL,'Jl. Anggrek No, 2 Sukoharjo 57511 Jawa Tengah',NULL,NULL,NULL,'P1',NULL,'BNSP-LSP-677-ID'),(678,'SMKN 3 SURAKARTA',NULL,'Jl. Brigjen Sudiarto No. 34 Surakarta',NULL,NULL,NULL,'P1',NULL,'BNSP-LSP-678-ID'),(679,'SMKN 5 DENPASAR',NULL,'Jl. Ratna No.17, Sumerta Kauh, Denpasar Tim., Kota Denpasar, Bali 80236',NULL,NULL,NULL,'P1',NULL,'BNSP-LSP-679-ID'),(680,'PEKERJA DOMESTIK PERAWATAN BINA MULIA',NULL,'Jl. Tebet Timur dalam II No.29 Jakarta Selatan',NULL,NULL,NULL,'P3',NULL,'BNSP-LSP-680-ID'),(681,'SMKN 3 JAMBI',NULL,'',NULL,NULL,NULL,'P1',NULL,'BNSP-LSP-681-ID'),(682,'SEKOLAH TINGGI ILMU PELAYARAN',NULL,'Jalan Marunda Makmur, Cilincing, Jakarta Utara .',NULL,NULL,NULL,'P1',NULL,'BNSP-LSP-682-ID'),(683,'BALAI PENDIDIKAN DAN PELATIHAN ILMU PELAYARAN TANGERANG',NULL,'Jl. Raya Karang Serang No. 1 Sukadiri Tangerang Banten',NULL,NULL,NULL,'P1',NULL,'BNSP-LSP-683-ID'),(684,'POLITEKNIK ILMU PELAYARAN MAKASSAR',NULL,'Jl. Tentara Pelajar No. 173 Makassar.',NULL,NULL,NULL,'P1',NULL,'BNSP-LSP-684-ID'),(685,'SMKN 1 SINGARAJA',NULL,'JL. Pramuka, No. 6, Singaraja, 81113, Banjar Bali, Kec. Buleleng, Kabupaten Buleleng, Bali 81113',NULL,NULL,NULL,'P1',NULL,'BNSP-LSP-685-ID'),(686,'SMKN 1 KEMLAGI',NULL,'Jl. Pakutomo No. 01, Ds. Mojogebang, Kemlagi Mojokerto',NULL,NULL,NULL,'P1',NULL,'BNSP-LSP-686-ID'),(687,'MIGAS RIAU INDONESIA',NULL,'Jl. Teuku Umar D-37, Duri, Riau',NULL,NULL,NULL,'P3',NULL,'BNSP-LSP-687-ID'),(688,'KAPAL PESIAR HARAPAN MULYA',NULL,'Jl. Gatot Subroto Barat 459 Denpasar, Bali',NULL,NULL,NULL,'P3',NULL,'BNSP-LSP-688-ID'),(689,'GEOSPASIAL',NULL,'Gedung Piccadilly Lt. 2-D 8, Jl. Mampang Prapatan Raya No. 39, Jakarta 12790',NULL,NULL,NULL,'P1',NULL,'BNSP-LSP-689-ID'),(690,'PUSAT PENGEMBANGAN DAN PEMBERDAYAAN PENDIDIK DAN TENAGA KEPENDIDIKAN BIDANG SENI DAN BUDAYA ( P4TK SENI DAN BUDAYA)',NULL,'Jl. Kaliurang Km. 12,5 Klidon, Sukoharjo, Ngaglik, Sleman, Daerah Istimewa Yogyakarta 55581',NULL,NULL,NULL,'P1',NULL,'BNSP-LSP-690-ID'),(691,'PUSAT PENGEMBANGAN DAN PEMBERDAYAAN PENDIDIK DAN TENAGA KEPENDIDIKAN BIDANG BISNIS DAN PARIWISATA ( P4TK BISNIS DAN PARIWISATA)',NULL,'Jl. Raya Parung Km. 22  23 Bojongsari Baru, Bojongsari Kota Depok',NULL,NULL,NULL,'P1',NULL,'BNSP-LSP-691-ID'),(692,'PUSAT PENGEMBANGAN DAN PEMBERDAYAAN PENDIDIK DAN TENAGA KEPENDIDIKAN BIDANG OTOMOTIF DAN ELEKTRONIKA ( P4TK BOE)',NULL,'Jl. Teluk Mandar Tromol Pos No. 5 Arjosari, Blimbing, Kota Malang',NULL,NULL,NULL,'P1',NULL,'BNSP-LSP-692-ID'),(693,'UPT PELATIHAN KERJA WONOJATI',NULL,'',NULL,NULL,NULL,'P3',NULL,'BNSP-LSP-693-ID'),(694,'SMK NASIONAL DAWAR BLANDONG',NULL,'',NULL,NULL,NULL,'P1',NULL,'BNSP-LSP-694-ID'),(695,'SMKN 1 KOTA BIMA',NULL,'',NULL,NULL,NULL,'P1',NULL,'BNSP-LSP-695-ID'),(696,'SMKN 2 KOTA BIMA',NULL,'',NULL,NULL,NULL,'P1',NULL,'BNSP-LSP-696-ID'),(697,'JAMINAN DAN ASURANSI KESEHATAN INDONESIA',NULL,'',NULL,NULL,NULL,'P3',NULL,'BNSP-LSP-697-ID'),(698,'BBPLK BANDUNG',NULL,'',NULL,NULL,NULL,'P3',NULL,'BNSP-LSP-698-ID'),(699,'SMKN 2 BUNGORO',NULL,'',NULL,NULL,NULL,'P1',NULL,'BNSP-LSP-699-ID'),(700,'UNIVERSITAS UDAYANA',NULL,'',NULL,NULL,NULL,'P1',NULL,'BNSP-LSP-700-ID'),(701,'ESR ASTRA INTERNATIONAL',NULL,'',NULL,NULL,NULL,'P3',NULL,'BNSP-LSP-701-ID'),(702,'POLITEKNIK ILMU PELAYARAN SEMARANG',NULL,'',NULL,NULL,NULL,'P1',NULL,'BNSP-LSP-702-ID'),(703,'PENEMPATAN DAN PERLUASAN KESEMPATAN KERJA',NULL,'',NULL,NULL,NULL,'P1',NULL,'BNSP-LSP-703-ID'),(704,'BBPLK SERANG',NULL,'',NULL,NULL,NULL,'P1',NULL,'BNSP-LSP-704-ID'),(705,'UNIVERSITAS GUNADARMA',NULL,'',NULL,NULL,NULL,'P1',NULL,'BNSP-LSP-705-ID'),(706,'SMK PGRI 3 DENPASAR',NULL,'',NULL,NULL,NULL,'P1',NULL,'BNSP-LSP-706-ID'),(707,'BALAI PENDIDKAN DAN PELATIHAN PENERBANGAN PALEMBANG',NULL,'',NULL,NULL,NULL,'P1',NULL,'BNSP-LSP-707-ID'),(708,'POLITEKNIK PELAYARAN SURABAYA',NULL,'',NULL,NULL,NULL,'P1',NULL,'BNSP-LSP-708-ID'),(709,'BALAI PENDIDKAN DAN PELATIHAN PELAYARAN PADANG PARIAMAN',NULL,'',NULL,NULL,NULL,'P1',NULL,'BNSP-LSP-709-ID'),(710,'LALU LINTAS ANGKUTAN SUNGAI, DANAU DAN PENYEBERANGAN PALEMBANG',NULL,'',NULL,NULL,NULL,'P1',NULL,'BNSP-LSP-710-ID'),(711,'UNIVERSITAS MERDEKA MALANG',NULL,'',NULL,NULL,NULL,'P1',NULL,'BNSP-LSP-711-ID'),(712,'BBPLK SEMARANG',NULL,'',NULL,NULL,NULL,'P3',NULL,'BNSP-LSP-712-ID'),(713,'STIE AUB SURAKARTA',NULL,'',NULL,NULL,NULL,'P1',NULL,'BNSP-LSP-713-ID'),(714,'STMIK AUB SURAKARTA',NULL,'',NULL,NULL,NULL,'P1',NULL,'BNSP-LSP-714-ID'),(715,'FAKULTAS TEKNOLOGI INFORMASI UNISKA (LSP FTI UNISKA)',NULL,'',NULL,NULL,NULL,'P1',NULL,'BNSP-LSP-715-ID'),(716,'UNIVERSITAS AHMAD DAHLAN',NULL,'',NULL,NULL,NULL,'P1',NULL,'BNSP-LSP-716-ID'),(717,'STIE TUNAS NUSANTARA',NULL,'',NULL,NULL,NULL,'P1',NULL,'BNSP-LSP-717-ID'),(718,'PARIWISATA BINA KOMPETENSI',NULL,'',NULL,NULL,NULL,'P1',NULL,'BNSP-LSP-718-ID'),(719,'LPK THE HOTEL INTERNATIONAL',NULL,'',NULL,NULL,NULL,'P3',NULL,'BNSP-LSP-719-ID'),(720,'POLITEKNIK NEGERI BANYUWANGI',NULL,'',NULL,NULL,NULL,'P1',NULL,'BNSP-LSP-720-ID'),(721,'BBPLK BEKASI',NULL,'',NULL,NULL,NULL,'P3',NULL,'BNSP-LSP-721-ID'),(722,'BALAI PENDIDIKAN DAN PELATIHAN ILMU PELAYARAN MALAHAYATI ACEH (LSP BP2IP MALAHAYATI ACEH)',NULL,'',NULL,NULL,NULL,'P1',NULL,'BNSP-LSP-722-ID'),(723,'MINYAK, GAS DAN PANAS BUMI APMI',NULL,'',NULL,NULL,NULL,'P3',NULL,'BNSP-LSP-723-ID'),(724,'ESQ LEADERSHIP LEARNING CENTRE',NULL,'',NULL,NULL,NULL,'P2',NULL,'BNSP-LSP-724-ID'),(725,'BLK SURAKARTA',NULL,'',NULL,NULL,NULL,'P3',NULL,'BNSP-LSP-725-ID'),(726,'POLITEKNIK MARITIM NEGERI INDONESIA',NULL,'',NULL,NULL,NULL,'P1',NULL,'BNSP-LSP-726-ID'),(727,'SMK MUHAMMADIYAH BUNGORO',NULL,'',NULL,NULL,NULL,'P1',NULL,'BNSP-LSP-727-ID'),(728,'SMKN 2 BOGOR',NULL,'',NULL,NULL,NULL,'P1',NULL,'BNSP-LSP-728-ID'),(729,'SMKN 2 SUNGAI PENUH',NULL,'',NULL,NULL,NULL,'P1',NULL,'BNSP-LSP-729-ID'),(730,'BALAI PENDIDIKAN DAN PELATIHAN PENERBANGAN CURUG',NULL,'',NULL,NULL,NULL,'P1',NULL,'BNSP-LSP-730-ID'),(731,'AKADEMI TEKNIK KESELAMATAN PENERBANGAN MAKASSAR',NULL,'',NULL,NULL,NULL,'P1',NULL,'BNSP-LSP-731-ID'),(732,'PARIWISATA NUGRAHA INTERNASIONAL',NULL,'',NULL,NULL,NULL,'P1',NULL,'BNSP-LSP-732-ID'),(733,'SMKN 1 KARANG PUCUNG',NULL,'',NULL,NULL,NULL,'P1',NULL,'BNSP-LSP-733-ID'),(734,'SMK PUTRA JAYA',NULL,'',NULL,NULL,NULL,'P1',NULL,'BNSP-LSP-734-ID'),(735,'SMK SWASTA PENCAWAN MEDAN',NULL,'',NULL,NULL,NULL,'P1',NULL,'BNSP-LSP-735-ID'),(736,'SMKN 2 WONOGIRI',NULL,'',NULL,NULL,NULL,'P1',NULL,'BNSP-LSP-736-ID'),(737,'SMKN 7 SURAKARTA',NULL,'',NULL,NULL,NULL,'P1',NULL,'BNSP-LSP-737-ID'),(738,'SMKN 1 SEWON',NULL,'',NULL,NULL,NULL,'P1',NULL,'BNSP-LSP-738-ID'),(739,'SMKN 2 KRAKSAAN PROBOLINGGO',NULL,'',NULL,NULL,NULL,'P1',NULL,'BNSP-LSP-739-ID'),(740,'SEKOLAH TELEKOMUNIKASI ELEKTRO DAN INFORMATIKA (STEI) ITB',NULL,'',NULL,NULL,NULL,'P1',NULL,'BNSP-LSP-740-ID'),(741,'ANIMASI SINEMATOGRAFI DESAIN DAN INFORMATIKA (ANIMEDIA)',NULL,'',NULL,NULL,NULL,'P1',NULL,'BNSP-LSP-741-ID'),(742,'SMKN 8 BANDUNG',NULL,'',NULL,NULL,NULL,'P1',NULL,'BNSP-LSP-742-ID'),(743,'ENERGI TERBARUKAN',NULL,'',NULL,NULL,NULL,'P3',NULL,'BNSP-LSP-743-ID'),(744,'DEWAN SYARIAH NASIONAL MAJELIS ULAMA INDONESIA (DSN MUI)',NULL,'',NULL,NULL,NULL,'P2',NULL,'BNSP-LSP-744-ID'),(745,'HATA PRIMA MANDIRI',NULL,'',NULL,NULL,NULL,'P2',NULL,'BNSP-LSP-745-ID'),(746,'STKIP TULUNG AGUNG',NULL,'',NULL,NULL,NULL,'P1',NULL,'BNSP-LSP-746-ID'),(747,'SMKN 1 ADIWERNA',NULL,'',NULL,NULL,NULL,'P1',NULL,'BNSP-LSP-747-ID'),(748,'SMKN 1 BANDUNG',NULL,'',NULL,NULL,NULL,'P1',NULL,'BNSP-LSP-748-ID'),(749,'SMKN 1 MAGETAN',NULL,'',NULL,NULL,NULL,'P1',NULL,'BNSP-LSP-749-ID'),(750,'SMKN 2 PASURUAN',NULL,'',NULL,NULL,NULL,'P1',NULL,'BNSP-LSP-750-ID'),(751,'SMKN 3 SURABAYA',NULL,'',NULL,NULL,NULL,'P1',NULL,'BNSP-LSP-751-ID'),(752,'SMKN 2 SINGOSARI MALANG',NULL,'',NULL,NULL,NULL,'P1',NULL,'BNSP-LSP-752-ID'),(753,'K3 MANDIRI',NULL,'',NULL,NULL,NULL,'P2',NULL,'BNSP-LSP-753-ID'),(754,'SMKN 1 BOYOLALI',NULL,'',NULL,NULL,NULL,'P1',NULL,'BNSP-LSP-754-ID'),(755,'SMKN 1 MOJOSONGO',NULL,'',NULL,NULL,NULL,'P1',NULL,'BNSP-LSP-755-ID'),(756,'SMKN 2 KARAWANG',NULL,'',NULL,NULL,NULL,'P1',NULL,'BNSP-LSP-756-ID'),(757,'SMKN 1 DENPASAR',NULL,'',NULL,NULL,NULL,'P1',NULL,'BNSP-LSP-757-ID'),(758,'SMK SARASWATI 3 TABANAN',NULL,'',NULL,NULL,NULL,'P1',NULL,'BNSP-LSP-758-ID'),(759,'SMKN 2 LAHAT',NULL,'',NULL,NULL,NULL,'P1',NULL,'BNSP-LSP-759-ID'),(760,'SMKN 1 LAHAT',NULL,'',NULL,NULL,NULL,'P1',NULL,'BNSP-LSP-760-ID'),(761,'SMKN 1 KEDUNGWUNI',NULL,'',NULL,NULL,NULL,'P1',NULL,'BNSP-LSP-761-ID'),(762,'SMK MUHAMMADIYAH KAJEN',NULL,'',NULL,NULL,NULL,'P1',NULL,'BNSP-LSP-762-ID'),(763,'SMKN 1 JETIS',NULL,'',NULL,NULL,NULL,'P1',NULL,'BNSP-LSP-763-ID'),(764,'SMKN 1 KARANGANYAR',NULL,'',NULL,NULL,NULL,'P1',NULL,'BNSP-LSP-764-ID'),(765,'SMKN 1 PUNGGELAN',NULL,'',NULL,NULL,NULL,'P1',NULL,'BNSP-LSP-765-ID'),(766,'SMKN 1 BADEGAN',NULL,'',NULL,NULL,NULL,'P1',NULL,'BNSP-LSP-766-ID'),(767,'SMKN 1 SLAHUNG',NULL,'',NULL,NULL,NULL,'P1',NULL,'BNSP-LSP-767-ID'),(768,'SMKN 1 BANGKALAN',NULL,'',NULL,NULL,NULL,'P1',NULL,'BNSP-LSP-768-ID'),(769,'SMK COKROAMINOTO 1 BANJARNEGARA',NULL,'',NULL,NULL,NULL,'P1',NULL,'BNSP-LSP-769-ID'),(770,'SMKN 3 MAKASSAR',NULL,'',NULL,NULL,NULL,'P1',NULL,'BNSP-LSP-770-ID'),(771,'SMKN 1 WANAREJA',NULL,'',NULL,NULL,NULL,'P1',NULL,'BNSP-LSP-771-ID'),(772,'SMKN NUSAWUNGU',NULL,'',NULL,NULL,NULL,'P1',NULL,'BNSP-LSP-772-ID'),(773,'SMKN 2 PEKALONGAN',NULL,'',NULL,NULL,NULL,'P1',NULL,'BNSP-LSP-773-ID'),(774,'SMKN 2 CILACAP',NULL,'',NULL,NULL,NULL,'P1',NULL,'BNSP-LSP-774-ID'),(775,'SMK YPWKS CILEGON',NULL,'',NULL,NULL,NULL,'P1',NULL,'BNSP-LSP-775-ID'),(776,'SMKN 1 SUBANG',NULL,'',NULL,NULL,NULL,'P1',NULL,'BNSP-LSP-776-ID'),(777,'SMKN 1 BANDAR LAMPUNG',NULL,'',NULL,NULL,NULL,'P1',NULL,'BNSP-LSP-777-ID'),(778,'SMK WIDYA PRAJA UNGARAN',NULL,'',NULL,NULL,NULL,'P1',NULL,'BNSP-LSP-778-ID'),(779,'SMKN 1 BUNGORO',NULL,'',NULL,NULL,NULL,'P1',NULL,'BNSP-LSP-779-ID'),(780,'SMKN 2 SOMBA OPU',NULL,'',NULL,NULL,NULL,'P1',NULL,'BNSP-LSP-780-ID'),(781,'SMKN 3 PAMEKASAN',NULL,'',NULL,NULL,NULL,'P1',NULL,'BNSP-LSP-781-ID'),(782,'SMKN 2 BANJARBARU',NULL,'',NULL,NULL,NULL,'P1',NULL,'BNSP-LSP-782-ID'),(783,'SMK SWASTA TELADAN MEDAN',NULL,'',NULL,NULL,NULL,'P1',NULL,'BNSP-LSP-783-ID'),(784,'SMKN 2 LUBUK BASUNG',NULL,'',NULL,NULL,NULL,'P1',NULL,'BNSP-LSP-784-ID'),(785,'UNIVERSITAS PANCA SAKTI TEGAL',NULL,'',NULL,NULL,NULL,'P1',NULL,'BNSP-LSP-785-ID'),(786,'LINGKUNGAN HIDUP - INKALINDO',NULL,'',NULL,NULL,NULL,'P3',NULL,'BNSP-LSP-786-ID'),(787,'UNIVERSITAS INDONESIA',NULL,'',NULL,NULL,NULL,'P1',NULL,'BNSP-LSP-787-ID'),(788,'SMKN 2 SEMARANG',NULL,'',NULL,NULL,NULL,'P1',NULL,'BNSP-LSP-788-ID'),(789,'HOSPITALITY CAKRAWALA INDONESIA',NULL,'',NULL,NULL,NULL,'P1',NULL,'BNSP-LSP-789-ID'),(790,'BALAI DIKLAT INDUSTRI MEDAN',NULL,'',NULL,NULL,NULL,'P1',NULL,'BNSP-LSP-790-ID'),(791,'POLITEKNIK TEKNOLOGI KIMIA INDUSTRI (PTKI) MEDAN',NULL,'',NULL,NULL,NULL,'P1',NULL,'BNSP-LSP-791-ID'),(792,'DOMPET DHUAFA',NULL,'',NULL,NULL,NULL,'P1',NULL,'BNSP-LSP-792-ID'),(793,'SMKN 3 PALEMBANG',NULL,'',NULL,NULL,NULL,'P1',NULL,'BNSP-LSP-793-ID'),(794,'SMKN 4 PALEMBANG',NULL,'',NULL,NULL,NULL,'P1',NULL,'BNSP-LSP-794-ID'),(795,'SMKN 1 KOTA PROBOLINGGO',NULL,'',NULL,NULL,NULL,'P1',NULL,'BNSP-LSP-795-ID'),(796,'SMK MUHAMMADIYAH MUNGKID',NULL,'',NULL,NULL,NULL,'P1',NULL,'BNSP-LSP-796-ID'),(797,'SMKN 1 METRO',NULL,'',NULL,NULL,NULL,'P1',NULL,'BNSP-LSP-797-ID'),(798,'SMK MUHAMMADIYAH 1 NGANJUK',NULL,'',NULL,NULL,NULL,'P1',NULL,'BNSP-LSP-798-ID'),(799,'SMKN 2 PADANG',NULL,'',NULL,NULL,NULL,'P1',NULL,'BNSP-LSP-799-ID'),(800,'SMKN 7 YOGYAKARTA',NULL,'',NULL,NULL,NULL,'P1',NULL,'BNSP-LSP-800-ID');
/*!40000 ALTER TABLE `PARTNER_LSP` ENABLE KEYS */;
UNLOCK TABLES;

--
-- Table structure for table `PARTNER_SARKES`
--

DROP TABLE IF EXISTS `PARTNER_SARKES`;
/*!40101 SET @saved_cs_client     = @@character_set_client */;
/*!40101 SET character_set_client = utf8 */;
CREATE TABLE `PARTNER_SARKES` (
  `ID` int(11) NOT NULL AUTO_INCREMENT,
  `NAMA` varchar(255) NOT NULL,
  `PROFILE` varchar(255) DEFAULT NULL,
  `AKREDITASI` varchar(255) DEFAULT NULL,
  `LAYANAN` varchar(255) DEFAULT NULL,
  `TELP` varchar(255) DEFAULT NULL,
  `ALAMAT` varchar(255) DEFAULT NULL,
  `WILAYAH_ID` int(11) DEFAULT NULL,
  PRIMARY KEY (`ID`)
) ENGINE=InnoDB AUTO_INCREMENT=88 DEFAULT CHARSET=latin1;
/*!40101 SET character_set_client = @saved_cs_client */;

--
-- Dumping data for table `PARTNER_SARKES`
--

LOCK TABLES `PARTNER_SARKES` WRITE;
/*!40000 ALTER TABLE `PARTNER_SARKES` DISABLE KEYS */;
INSERT INTO `PARTNER_SARKES` VALUES (1,'PERMATA INDAH MEDICAL CENTRE','',NULL,NULL,'021 6680843','Perumahan Taman Permata Indah II Blok E No. 8 Kel. Penjaringan Kec. Penjaringan',NULL),(2,'ROSELA INDAH MEDICAL CENTRE','',NULL,NULL,'021 5643405','Jl. Rosela Raya No. 185 Kel. Wijaya Kusuma Kec. Grogol Petamburan',NULL),(3,'Klinik Spesialis Medan Medical Center','',NULL,NULL,NULL,'Sumatera Utara - Medan',NULL),(4,'Klinik Spesialis Anugerah Ibu','',NULL,NULL,NULL,'Sumatera Utara - Medan',NULL),(5,'RSUP Adam Malik','',NULL,NULL,NULL,'Sumatera Utara - Medan',NULL),(6,'RSU Imelda Pekerja Indonesia','',NULL,NULL,NULL,'Sumatera Utara - Medan',NULL),(7,'Klinik Global Health','',NULL,NULL,NULL,'Sumatera Utara - Medan',NULL),(8,'RSUD Pirngadi','',NULL,NULL,NULL,'Sumatera Utara - Medan',NULL),(9,'RSUP M. Djamil','',NULL,NULL,NULL,'Padang',NULL),(10,'BP dan Lab. Cendana Husada','',NULL,NULL,NULL,'Pekanbaru',NULL),(11,'Lab. Klinik Medilab','',NULL,NULL,NULL,'Kepulauan Riau',NULL),(12,'RSUD Dr H. Abdul Moeloek','',NULL,NULL,NULL,'Lampung - Bandar Lampung',NULL),(13,'RS Jiwa Daerah','',NULL,NULL,NULL,'Lampung - Bandar Lampung',NULL),(14,'Klinik Amanah Medika Pura, Jakarta','',NULL,NULL,NULL,'Jakarta',NULL),(15,'Insani Medical Centre, Jakarta','',NULL,NULL,NULL,NULL,NULL),(16,'Nur Huda Medical Centre, Jakarta','',NULL,NULL,NULL,NULL,NULL),(17,'Al Hikmah Medical Centre, Jakarta','',NULL,NULL,NULL,NULL,NULL),(18,'Amalia Medical Centre, Jakarta','',NULL,NULL,NULL,NULL,NULL),(19,'Salamat Medical Centre, Jakarta','',NULL,NULL,NULL,NULL,NULL),(20,'Rayhan Medical Centre, Jakarta','',NULL,NULL,NULL,NULL,NULL),(21,'Haninah Medical Centre, Jakarta','',NULL,NULL,NULL,NULL,NULL),(22,'An Nur Medical Centre, Jakarta','',NULL,NULL,NULL,NULL,NULL),(23,'Hidayah Medical Centre, Jakarta','',NULL,NULL,NULL,NULL,NULL),(24,'Tihama Medical Centre, Jakarta','',NULL,NULL,NULL,NULL,NULL),(25,'Assaadah Medical Centre, Jakarta','',NULL,NULL,NULL,NULL,NULL),(26,'Satria Medical Center, Jakarta','',NULL,NULL,NULL,NULL,NULL),(27,'Bakhtir Medical Center, Jakarta','',NULL,NULL,NULL,NULL,NULL),(28,'Puri Medika Medical Check Up Center, Jakarta','',NULL,NULL,NULL,NULL,NULL),(29,'Rosela Indah medical Center, Jakarta','',NULL,NULL,NULL,NULL,NULL),(30,'Setu Medical Center, Jakarta','',NULL,NULL,NULL,NULL,NULL),(31,'Avida Medical Center, Jakarta','',NULL,NULL,NULL,NULL,NULL),(32,'RSUP Persahabatan MC, Jakarta','',NULL,NULL,NULL,NULL,NULL),(33,'Azzahra Medical Centre, Jakarta','',NULL,NULL,NULL,NULL,NULL),(34,'Permata Indah Medical Centre, Jakarta','',NULL,NULL,NULL,NULL,NULL),(35,'Medikal Haji Jakarta','',NULL,NULL,NULL,NULL,NULL),(36,'Ar Ridha Medical Centre, Jakarta','',NULL,NULL,NULL,NULL,NULL),(37,'Laboratorium Klinik Utama Medicore, Bandung, Jawa Barat','',NULL,NULL,NULL,NULL,NULL),(38,'RSUD Waled, Cirebon, Jawa Barat','',NULL,NULL,NULL,NULL,NULL),(39,'Klinik Prof. UFA, Bekasi, Jawa Barat','',NULL,NULL,NULL,NULL,NULL),(40,'Saadah Bina Medika, Cirebon, Jawa Barat','',NULL,NULL,NULL,NULL,NULL),(41,'Lab. Klinik An Nur Cilacap, Jawa Tengah','',NULL,NULL,NULL,NULL,NULL),(42,'Lab. Klinik An Nur Purwokerto, Jawa Tengah','',NULL,NULL,NULL,NULL,NULL),(43,'Lab. Klinik Imam Bonjol, Semarang, Jawa Tengah','',NULL,NULL,NULL,NULL,NULL),(44,'RS Islam Surakarta, Jawa Tengah','',NULL,NULL,NULL,NULL,NULL),(45,'Lab. Klinik Budi Sehat, Surakarta, Jawa Tengah','',NULL,NULL,NULL,NULL,NULL),(46,'Keluarga Sehat Hospital, Pati, Jawa Tengah','',NULL,NULL,NULL,NULL,NULL),(47,'Lab. Klinik Centrum, Semarang, Jawa Tengah','',NULL,NULL,NULL,NULL,NULL),(48,'Lab. Klinik Ultra Medika, Semarang, Jawa Tengah','',NULL,NULL,NULL,NULL,NULL),(49,'Lab. Klinik Permata, Semarang, Jawa Tengah','',NULL,NULL,NULL,NULL,NULL),(50,'RS Mardi Rahayu, Kudus, Jawa Tengah','',NULL,NULL,NULL,NULL,NULL),(51,'RSI Sunan Kudus, Kudus, Jawa Tengah','',NULL,NULL,NULL,NULL,NULL),(52,'RSUD Prof. Dr. Margono Soekarjo, Purwokerto, Jawa Tengah','',NULL,NULL,NULL,NULL,NULL),(53,'An Nur Medical Centre, Yogyakarta','',NULL,NULL,NULL,NULL,NULL),(54,'Lab. Klinik Ultra Mediak, Yogyakarta','',NULL,NULL,NULL,NULL,NULL),(55,'RSU PKU Muhammadiyah, DI Yogyakarta','',NULL,NULL,NULL,NULL,NULL),(56,'Klinik Spesialis Anugrerah Ibu, Yogyakarta','',NULL,NULL,NULL,NULL,NULL),(57,'Higina Medical Centre, Malang, Jawa Timur','',NULL,NULL,NULL,NULL,NULL),(58,'LKS Ultra Medica, Ponorogo, Jawa Timur','',NULL,NULL,NULL,NULL,NULL),(59,'LKS Ultra Medica Kediri, Jawa Timur','',NULL,NULL,NULL,NULL,NULL),(60,'Klinik Panglima Sudirman, Malang, Jawa Timur','',NULL,NULL,NULL,NULL,NULL),(61,'Lab. Klinik As Shafa, Sidoarjo, Surabaya','',NULL,NULL,NULL,NULL,NULL),(62,'Central Medical, Surabaya, Jawa Timur','',NULL,NULL,NULL,NULL,NULL),(63,'Lab. Klinik Karya Nusantara Medica, Malang, Jawa Timur','',NULL,NULL,NULL,NULL,NULL),(64,'Citra Medical Centre, Surabaya, Jawa Timur','',NULL,NULL,NULL,NULL,NULL),(65,'Lab. Klinik Ultra Medika, Surabaya, Jawa Timur','',NULL,NULL,NULL,NULL,NULL),(66,'Safira Medical Centre, Malang, Jawa Timur','',NULL,NULL,NULL,NULL,NULL),(67,'Klinik Satria Medika Sakti MCU, Surabaya, Jawa Timur','',NULL,NULL,NULL,NULL,NULL),(68,'Klinik Rahmat Sejahtera, Malang, Jawa Timur','',NULL,NULL,NULL,NULL,NULL),(69,'Lab. Klinik Alumni Agung, Mataram, Nusa Tenggara Barat','',NULL,NULL,NULL,NULL,NULL),(70,'Mataram Medical Centre, Mataram, Nusa Tenggara Barat','',NULL,NULL,NULL,NULL,NULL),(71,'Citra Medical Centre, Mataram, Nusa Tenggara Barat','',NULL,NULL,NULL,NULL,NULL),(72,'RSU Provinsi Nusa Tenggara Barat','',NULL,NULL,NULL,NULL,NULL),(73,'Lab. Klinik Rayhana, Mataram, Nusa Tenggara Barat','',NULL,NULL,NULL,NULL,NULL),(74,'Lab. Klinik Nugraha, Mataram, Nusa Tenggara Barat','',NULL,NULL,NULL,NULL,NULL),(75,'Klinik Spesialis Anugerah Ibu, Mataram, Nusa Tenggara Barat','',NULL,NULL,NULL,NULL,NULL),(76,'Klinik Global Medika, Mataram, Nusa Tenggara Barat','',NULL,NULL,NULL,NULL,NULL),(77,'Lab. Klinik Citra, Kupang, Nusa pTenggara Timur','',NULL,NULL,NULL,NULL,NULL),(78,'Lab. Klinik Cendana, Kupang, Nusa Tenggara Timur','',NULL,NULL,NULL,NULL,NULL),(79,'Klinik Lacasino, Makassar','',NULL,NULL,NULL,NULL,NULL),(80,'RSUP Sanglah, Denpasar','',NULL,NULL,NULL,NULL,NULL),(81,'RSUD DR. Zainoel Abidin, Nangroe Aceh Darussalam','',NULL,NULL,NULL,NULL,NULL),(82,'Balai Besar Labkes, Palembang','',NULL,NULL,NULL,NULL,NULL),(83,'RSUD Kandaouw, Manado','',NULL,NULL,NULL,NULL,NULL),(84,'RSUD Soedarso, Pontianak','',NULL,NULL,NULL,NULL,NULL),(85,'RSU Antonius, Pontianak','',NULL,NULL,NULL,NULL,NULL),(86,'RSUD Nunukan, Kalimantan Timur','',NULL,NULL,NULL,NULL,NULL),(87,'RSUD Ulin Banjarmasin, Kalimantan Selatan','',NULL,NULL,NULL,NULL,NULL);
/*!40000 ALTER TABLE `PARTNER_SARKES` ENABLE KEYS */;
UNLOCK TABLES;

--
-- Table structure for table `PENGGUNA`
--

DROP TABLE IF EXISTS `PENGGUNA`;
/*!40101 SET @saved_cs_client     = @@character_set_client */;
/*!40101 SET character_set_client = utf8 */;
CREATE TABLE `PENGGUNA` (
  `ID` int(11) NOT NULL AUTO_INCREMENT,
  `NAMA` varchar(255) NOT NULL,
  `EMAIL` varchar(100) NOT NULL,
  `PHOTO` varchar(100) DEFAULT NULL,
  `COVER` varchar(255) DEFAULT NULL,
  `NO_KTP` varchar(50) NOT NULL,
  `NEGARA` varchar(100) DEFAULT NULL,
  `ALAMAT_TINGGAL` varchar(255) DEFAULT NULL,
  `WILAYAH_ID_TINGGAL` varchar(255) DEFAULT NULL,
  `ALAMAT_KTP` varchar(255) NOT NULL,
  `WILAYAH_ID_KTP` varchar(20) DEFAULT NULL,
  `TEMPAT_LAHIR` varchar(100) DEFAULT NULL,
  `TANGGAL_LAHIR` date DEFAULT NULL,
  `NO_TELP` varchar(20) DEFAULT NULL,
  `JENIS_KELAMIN` varchar(50) DEFAULT NULL,
  `USERGROUP_ID` int(2) DEFAULT NULL,
  `DESKRIPSI` varchar(255) DEFAULT NULL,
  `DATE_CREATED` datetime DEFAULT NULL,
  `DATE_KONFIRMED` datetime DEFAULT NULL,
  `LAST_UPDATED` datetime DEFAULT NULL,
  `PASSWORD` varchar(32) DEFAULT NULL,
  `UID` varchar(32) DEFAULT NULL,
  `ACTIVE` int(1) DEFAULT '0',
  PRIMARY KEY (`ID`)
) ENGINE=InnoDB AUTO_INCREMENT=1150 DEFAULT CHARSET=latin1;
/*!40101 SET character_set_client = @saved_cs_client */;

--
-- Dumping data for table `PENGGUNA`
--

LOCK TABLES `PENGGUNA` WRITE;
/*!40000 ALTER TABLE `PENGGUNA` DISABLE KEYS */;
INSERT INTO `PENGGUNA` VALUES (1,'Admin TRASPAC','admin@traspac.co.id',NULL,NULL,'',NULL,NULL,NULL,'BANJARNEGARA',NULL,NULL,NULL,'','P',1,NULL,NULL,NULL,NULL,'92eb5ffee6ae2fec3ad71c777531578f','c4ca4238a0b923820dcc509a6f75849b',1),(2,'Admin Forward','admin@forward.com',NULL,NULL,'',NULL,NULL,NULL,'',NULL,NULL,NULL,NULL,'P',2,NULL,NULL,NULL,NULL,'0cc175b9c0f1b6a831c399e269772661','c81e728d9d4c2f636f067f89cc14862c',1),(3,'Rekruiter forward','rekruiter@forward.com',NULL,NULL,'',NULL,NULL,NULL,'',NULL,NULL,NULL,NULL,'L',3,NULL,NULL,NULL,NULL,'0cc175b9c0f1b6a831c399e269772661','eccbc87e4b5ce2fe28308fd9f2a7baf3',1),(4,'Admin PDS','admin@pds.com','PENGUNA_PHOTO_a87ff679a2f3e71d9181a67b7542122c.png','PENGUNA_COVER_e4da3b7fbbce2345d7772b0674a318d5.jpg','910849184981948',NULL,'Cianjur','2.13.','Cianjur','2.8.','INDRAMAYU','1979-10-24','10-24-1979','L',2,NULL,NULL,NULL,NULL,'0cc175b9c0f1b6a831c399e269772661','a87ff679a2f3e71d9181a67b7542122c',1),(5,'Rekruiter PDS','rekruiter@pds.com','PENGUNA_PHOTO_e4da3b7fbbce2345d7772b0674a318d5.jpg','PENGUNA_COVER_e4da3b7fbbce2345d7772b0674a318d5.jpg','997194008194901',NULL,'CIanjur','2.8.','Cianjur','2.8.','MENGGALA','1994-12-24','12-24-1994','L',3,NULL,NULL,NULL,NULL,'0cc175b9c0f1b6a831c399e269772661','e4da3b7fbbce2345d7772b0674a318d5',1),(6,'Admin Sanjaya','admin@sanjaya.com',NULL,NULL,'','','','','','','CILACAP',NULL,'','P',2,NULL,NULL,NULL,NULL,'0cc175b9c0f1b6a831c399e269772661','45c48cce2e2d7fbdea1afc51c7c6ad26',1),(7,'Rekruiter Sanjaya','rekruiter@sanjaya.com',NULL,NULL,'127281277381283',NULL,'jakarta','1.','','','INDRAMAYU','1980-12-02','12-02-1980','L',3,NULL,NULL,NULL,NULL,'0cc175b9c0f1b6a831c399e269772661',NULL,1),(8,'SAROJI','saroji@gmail.com',NULL,NULL,'123',NULL,'surabaya','','tes','','INDRAMAYU','1988-05-16','05-16-1988','L',4,NULL,NULL,NULL,NULL,NULL,NULL,1),(9,'VIVIE RATNASARIE','vivie_ratnasarie@gmail.com',NULL,NULL,'',NULL,'42',NULL,'',NULL,'INDRAMAYU','1995-03-26','03-26-1995','P',2,NULL,NULL,NULL,NULL,NULL,NULL,1),(10,'MUHAMAD CANDRA','muhamad_candra@gmail.com',NULL,NULL,'',NULL,'Test',NULL,'',NULL,'INDRAMAYU','1991-04-01','04-01-1991','L',4,NULL,NULL,NULL,NULL,NULL,NULL,1),(11,'ANTO','anto@gmail.com',NULL,NULL,'',NULL,'1',NULL,'',NULL,'MEDAN','1988-07-20','07-20-1988','L',7,NULL,NULL,NULL,NULL,'9c0a2523f776c96bce27eeb5671371e0',NULL,1),(12,'SAEPULOH PERMANA','saepuloh_permana@gmail.com',NULL,NULL,'a',NULL,'a','','','','BANDUNG','1994-09-22','09-22-1994','L',4,NULL,NULL,NULL,NULL,NULL,NULL,1),(14,'YOGI SATRIAWAN','yogi_satriawan@gmail.com',NULL,NULL,'199849199120012',NULL,'Cianjur','2.8.','Cianjur','2.8.','BIMA','1995-07-07','07-07-1995','L',4,NULL,NULL,NULL,NULL,NULL,NULL,1),(15,'SELAMET HERIONO','selamet_heriono@gmail.com',NULL,NULL,'1983914008131',NULL,'Bandung','2.8.','Bandung','2.8.','SUKA MAJU','1985-10-05','10-05-1985','L',4,NULL,NULL,NULL,NULL,NULL,NULL,1),(16,'MOHAMAD EFFENDY','mohamad_effendy@gmail.com',NULL,NULL,'',NULL,'Test',NULL,'',NULL,'PATI','1997-11-29','11-29-1997','L',4,NULL,NULL,NULL,NULL,NULL,NULL,1),(17,'TEGUH TRI WITONO','teguh_tri_witono@gmail.com',NULL,NULL,'',NULL,NULL,NULL,'',NULL,'GROBOGAN','1990-02-13','02-13-1990','L',4,NULL,NULL,NULL,NULL,NULL,NULL,0),(18,'SUWARNO','suwarno@gmail.com',NULL,NULL,'',NULL,NULL,NULL,'',NULL,'SRAGEN','1975-02-21','02-21-1975','L',4,NULL,NULL,NULL,NULL,NULL,NULL,0),(19,'ARI TRIWAHYUNI','ari.triwahyuni@gmail.com','PENGUNA_PHOTO_6364d3f0f495b6ab9dcf8d3b5c6e0b01.png','PENGUNA_COVER_6364d3f0f495b6ab9dcf8d3b5c6e0b01.jpg','194891841',NULL,'Jakarta','2.8.','','','KELUMBAYAN','1991-10-01','10-01-1991','P',4,NULL,NULL,NULL,NULL,NULL,NULL,1),(20,'EWA HARIANTO','ewa.harianto@gmail.com',NULL,NULL,'',NULL,NULL,NULL,'',NULL,'TANAH ITAM ILIR','1984-05-16','05-16-1984','L',4,NULL,NULL,NULL,NULL,NULL,NULL,0),(21,'BAI SUSILO','bai.susilo@gmail.com',NULL,NULL,'',NULL,NULL,NULL,'',NULL,'BATANG HARJO','1978-03-10','03-10-1978','L',4,NULL,NULL,NULL,NULL,NULL,NULL,0),(22,'SURYADI HIDAYAT','suryadi.hidayat@gmail.com',NULL,NULL,'',NULL,NULL,NULL,'',NULL,'SIDOREJO','1996-01-31','01-31-1996','L',4,NULL,NULL,NULL,NULL,NULL,NULL,0),(23,'WAKYUDIN','wakyudin@gmail.com',NULL,NULL,'',NULL,NULL,NULL,'',NULL,'INDRAMAYU','1996-05-18','05-18-1996','L',4,NULL,NULL,NULL,NULL,NULL,NULL,0),(24,'PENDI','pendi@gmail.com',NULL,NULL,'',NULL,NULL,NULL,'',NULL,'INDRAMAYU','1989-08-01','08-01-1989','L',4,NULL,NULL,NULL,NULL,NULL,NULL,0),(25,'MASNEN','masnen@gmail.com',NULL,NULL,'',NULL,NULL,NULL,'',NULL,'INDRAMAYU','1990-07-02','07-02-1990','L',4,NULL,NULL,NULL,NULL,NULL,NULL,0),(26,'LISNAWATI','lisnawati@gmail.com',NULL,NULL,'',NULL,NULL,NULL,'',NULL,'RAMA PUJA','1991-05-04','05-04-1991','P',4,NULL,NULL,NULL,NULL,NULL,NULL,0),(27,'RASMONO','rasmono@gmail.com',NULL,NULL,'',NULL,NULL,NULL,'',NULL,'INDRAMAYU','1995-10-29','10-29-1995','L',4,NULL,NULL,NULL,NULL,NULL,NULL,0),(28,'RUSDI','rusdi@gmail.com',NULL,NULL,'',NULL,NULL,NULL,'',NULL,'PATI','1980-05-04','05-04-1980','L',4,NULL,NULL,NULL,NULL,NULL,NULL,0),(29,'DEDE ARIA','dede.aria@gmail.com',NULL,NULL,'',NULL,NULL,NULL,'',NULL,'PANDEGLANG','1994-01-05','01-05-1994','L',4,NULL,NULL,NULL,NULL,NULL,NULL,0),(30,'ROSIYAH','rosiyah@gmail.com',NULL,NULL,'',NULL,NULL,NULL,'',NULL,'CILACAP','1984-05-04','05-04-1984','P',4,NULL,NULL,NULL,NULL,NULL,NULL,0),(31,'IIM','iim@gmail.com',NULL,NULL,'',NULL,NULL,NULL,'',NULL,'INDRAMAYU','1987-11-21','11-21-1987','L',4,NULL,NULL,NULL,NULL,NULL,NULL,0),(32,'MAMOK DARMO WARSITO','mamok.darmo.warsito@gmail.com',NULL,NULL,'',NULL,NULL,NULL,'',NULL,'TULUNGAGUNG','1983-04-28','04-28-1983','L',4,NULL,NULL,NULL,NULL,NULL,NULL,0),(33,'SUGENG BASUKI','sugeng.basuki@gmail.com',NULL,NULL,'',NULL,NULL,NULL,'',NULL,'INDRAMAYU','1998-11-12','11-12-1998','L',4,NULL,NULL,NULL,NULL,NULL,NULL,0),(34,'YOGA BUANA','yoga.buana@gmail.com',NULL,NULL,'',NULL,NULL,NULL,'',NULL,'LABUHAN MARINGGAI','1993-01-27','01-27-1993','L',4,NULL,NULL,NULL,NULL,NULL,NULL,0),(35,'NOVA AJI RIANTO','nova.aji.rianto@gmail.com',NULL,NULL,'',NULL,NULL,NULL,'',NULL,'INDRAMAYU','1987-11-09','11-09-1987','L',4,NULL,NULL,NULL,NULL,NULL,NULL,0),(36,'ACHMAD SAYID MUCHLICIN','achmad.sayid.muchlicin@gmail.com',NULL,NULL,'',NULL,NULL,NULL,'',NULL,'INDRAMAYU','1988-08-06','08-06-1988','L',4,NULL,NULL,NULL,NULL,NULL,NULL,0),(37,'SRI RATNA NINGSIH ','sri.ratna.ningsih.bt.nasir.idr@gmail.com',NULL,NULL,'',NULL,NULL,NULL,'',NULL,'INDRAMAYU','1983-05-07','05-07-1983','P',4,NULL,NULL,NULL,NULL,NULL,NULL,0),(38,'WISNU RISGIANSYAH','wisnu.risgiansyah@gmail.com',NULL,NULL,'',NULL,NULL,NULL,'',NULL,'INDRAMAYU','1998-02-21','02-21-1998','L',4,NULL,NULL,NULL,NULL,NULL,NULL,0),(39,'ARDI YANTO','ardi.yanto@gmail.com',NULL,NULL,'',NULL,NULL,NULL,'',NULL,'BREBES','1996-06-01','06-01-1996','L',4,NULL,NULL,NULL,NULL,NULL,NULL,0),(40,'NURJAYA','nurjaya@gmail.com',NULL,NULL,'',NULL,NULL,NULL,'',NULL,'INDRAMAYU','1988-08-17','08-17-1988','L',4,NULL,NULL,NULL,NULL,NULL,NULL,0),(41,'KHAERUL SALEH','khaerul.saleh@gmail.com',NULL,NULL,'',NULL,NULL,NULL,'',NULL,'KARAWANG','1983-07-20','07-20-1983','L',4,NULL,NULL,NULL,NULL,NULL,NULL,0),(42,'SARNOTO','sarnoto@gmail.com',NULL,NULL,'',NULL,NULL,NULL,'',NULL,'INDRAMAYU','1994-10-28','10-28-1994','L',4,NULL,NULL,NULL,NULL,NULL,NULL,0),(43,'ZAENAL ABIDIN','zaenal.abidin@gmail.com',NULL,NULL,'',NULL,NULL,NULL,'',NULL,'INDRAMAYU','1996-07-05','07-05-1996','L',4,NULL,NULL,NULL,NULL,NULL,NULL,0),(44,'SITI MASITOH','siti.masitoh@gmail.com',NULL,NULL,'',NULL,NULL,NULL,'',NULL,'TALANG PADANG','1975-02-12','02-12-1975','P',4,NULL,NULL,NULL,NULL,NULL,NULL,0),(45,'SUPRIYATI','supriyati@gmail.com',NULL,NULL,'',NULL,NULL,NULL,'',NULL,'INDRAMAYU','1982-01-28','01-28-1982','P',4,NULL,NULL,NULL,NULL,NULL,NULL,0),(46,'Admin PPTKIS 1','admin.pptkis.1@gmail.com',NULL,NULL,'',NULL,'Jakarta',NULL,'',NULL,NULL,NULL,'0930190914',NULL,2,NULL,NULL,NULL,NULL,'0cc175b9c0f1b6a831c399e269772661',NULL,1),(47,'Mentari Queen Glossyta','mentari.queen.glossyta@gmail.com',NULL,NULL,'3571025501940003',NULL,'Kediri','2.8.','Kediri','2.8.','Kediri','1994-01-15','085655771611','L',4,NULL,NULL,NULL,NULL,NULL,NULL,1),(48,'Danny ','danny.@gmail.com',NULL,NULL,'',NULL,'Jl. Garuda Gg. Mangga RT002',NULL,'',NULL,'gresik','1975-12-28','0817710690','L',4,NULL,NULL,NULL,NULL,NULL,NULL,0),(49,'Imam ','imam.@gmail.com',NULL,NULL,'3201370101760003',NULL,'Perumahan Qoryatussalam Blok Q No.5 Tirtajaya Sukma jaya Depok ',NULL,'Perumahan Qoryatussalam Blok Q No.5 Tirtajaya Sukma jaya Depok ',NULL,'Jakarta','1976-01-01','081314987441','L',4,NULL,NULL,NULL,NULL,NULL,NULL,0),(50,'Eko ','eko.@gmail.com',NULL,NULL,'3201011105760020',NULL,'Perumahan Bogor Asri Blok 4 No 36 Nanggewer ',NULL,'Perumahan Dian Asri 2 Jl Manggis No 6 Dian Asri 2',NULL,'brebes','1976-05-11','081808479549','L',4,NULL,NULL,NULL,NULL,NULL,NULL,0),(51,'Choirul Anwar','choirulanwar@gmail.com',NULL,NULL,'3317052804910004',NULL,'Sarang Meduro RT 004 RW 001 Kecamatan Sarang, Kabupaten Rembang','2.8.','Sarang Meduro RT 004 RW 001 Kecamatan Sarang, Kabupaten Rembang','2.8.','Rembang','1991-04-28','','L',4,NULL,NULL,NULL,NULL,NULL,NULL,1),(52,'Frenki Engkinius','frenkiengkinius@gmail.com','PENGUNA_PHOTO_9a1158154dfa42caddbd0694a4e9bdc8',NULL,'3209300606930014',NULL,'Dusun 01 RT 006 RW 002 Melakasari, Kecamatan Gebang, Cirebon','2.8.','Dusun 01 RT 006 RW 002 Melakasari, Kecamatan Gebang, Cirebon','2.8.','Cirebon','1993-06-06','','L',4,NULL,NULL,NULL,NULL,NULL,NULL,1),(53,'Masturi','masturi@gmail.com',NULL,NULL,'3317050512880003',NULL,'Bajing Jowo RT 13 RW 04 Kecamatan Sarang, Kabupaten Rembang','2.8.','Bajing Jowo RT 13 RW 04 Kecamatan Sarang, Kabupaten Rembang','2.8.','Rembang','1988-12-05','','L',4,NULL,NULL,NULL,NULL,NULL,NULL,1),(54,'Moh Minhajul Qowim','minhajul.qowim@gmail.com',NULL,NULL,'3317051309930011',NULL,'Sarang Meduro RT 003 RW 001 Kecamatan Sarang, Kabupaten Rembang','2.8.','Sarang Meduro RT 003 RW 001 Kecamatan Sarang, Kabupaten Rembang','2.8.','Rembang','1993-09-13','','L',4,NULL,NULL,NULL,NULL,NULL,NULL,1),(55,'Radijah','radijah@gmail.com',NULL,NULL,'3212171810750001',NULL,'Blok H. Mardin RT 015 RW 005 Lamaran Tarung, Kecamatan Cantigi, Indramayu','2.8.','Blok H. Mardin RT 015 RW 005 Lamaran Tarung, Kecamatan Cantigi, Indramayu','2.8.','Indramayu','1975-10-18','08889509628','L',4,NULL,NULL,NULL,NULL,NULL,NULL,1),(56,'Rohmat','rohmatt@gmail.com','PENGUNA_PHOTO_9f61408e3afb633e50cdf1b20de6f466.jpg','PENGUNA_COVER_9f61408e3afb633e50cdf1b20de6f466.jpg','3317052312800003',NULL,'Sarang Meduro RT 009 RW 001 Kecamatan Sarang, Kabupaten Rembang','2.8.','Sarang Meduro RT 009 RW 001 Kecamatan Sarang, Kabupaten Rembang','2.8.','Rembang','1980-12-23','0813 85190787','L',4,NULL,NULL,NULL,NULL,NULL,NULL,1),(57,'Wulansari','wulansari@gmail.com','PENGUNA_PHOTO_72b32a1f754ba1c09b3695e0cb6cde7f.jpg',NULL,'3308015606930001',NULL,'Dsn. Tanggulangin RT 003 RW 002 Kebonrejo, Kecamatan Salaman, Kabupaten Magelang','2.8.','Dsn. Tanggulangin RT 003 RW 002 Kebonrejo, Kecamatan Salaman, Kabupaten Magelang','2.8.','Magelang','1993-06-16','081357440454','P',4,NULL,NULL,NULL,NULL,NULL,NULL,1),(58,'Batoro ','batoro.@gmail.com',NULL,NULL,'3271060702770010',NULL,'Duta parahiyanganBlok AB 72',NULL,'',NULL,'Bandung','1977-02-07','081317133860','L',4,NULL,NULL,NULL,NULL,NULL,NULL,0),(59,'Wawan ','wawan.@gmail.com',NULL,NULL,'6251261526152615',NULL,'Villa Bogor Indah F I/26 RT.03/12','','Vila Bogor Indah F1/26 RT. 03/12, Kel. Ciparigi, Kec. Bogor Utara Kota Bogor','','BOGOR','1977-02-11','','L',4,NULL,NULL,NULL,NULL,NULL,NULL,1),(60,'Syinta ','syinta.@gmail.com',NULL,NULL,'3276056203770002',NULL,'Perum. Griya Kalibaru Blok B1/20',NULL,'Jl Lamandau 2/20 Depok Timur 16417',NULL,'Bogor','1977-03-22','08158901294','P',4,NULL,NULL,NULL,NULL,NULL,NULL,0),(61,'Asrori','asrori@gmail.com',NULL,NULL,'3201330304770001',NULL,'Kp. Cibogo',NULL,'',NULL,'','1977-04-03','081908221761','L',4,NULL,NULL,NULL,NULL,NULL,NULL,0),(62,'Yusnita ','yusnita.@gmail.com','PENGUNA_PHOTO_44f683a84163b3523afe57c2e008bc8c.jpg','PENGUNA_COVER_44f683a84163b3523afe57c2e008bc8c.jpg','3317052104970033',NULL,'Palapa Raya RT.06/05 No.11','2.8.','Palapa Raya RT.06/05 No.11','2.8.','Rembang','1977-04-21','08151641885','P',4,NULL,NULL,NULL,NULL,NULL,NULL,1),(64,'Dian ','dian.@gmail.com',NULL,NULL,'3271022806770002',NULL,'Jl. Kecubung No.6',NULL,'Jl. Kecubung No.6',NULL,'Cianjur','1977-06-28','081380171943','L',4,NULL,NULL,NULL,NULL,NULL,NULL,0),(65,'Novi ','novi.@gmail.com',NULL,'PENGUNA_COVER_fc490ca45c00b1249bbe3554a4fdf6fb.jpg','3201051408770005',NULL,'Griya Alam Sentul Blok B 6 No.2','','','','Bandung','1977-08-14','0817717331','L',4,NULL,NULL,NULL,NULL,NULL,NULL,1),(66,'Iwan','iwan@gmail.com',NULL,NULL,'32 7602 0410 770 007',NULL,'Putrajaya Blok E3 No 5 RT.09/14','','','','jakarta','1977-10-04','085218032692','L',4,NULL,NULL,NULL,NULL,NULL,NULL,1),(67,'Dheny ','dheny.@gmail.com','PENGUNA_PHOTO_735b90b4568125ed6c3f678819b6e058.jpg','PENGUNA_COVER_735b90b4568125ed6c3f678819b6e058.jpg','982812718291281',NULL,'Jl. Yupiter IIIT Blok C8/30 Bumi Sentosa','','','','-','1977-10-15','0813 15777063','L',4,NULL,NULL,NULL,NULL,NULL,NULL,1),(69,'Tunjung ','tunjung.@gmail.com',NULL,NULL,'3201013010770005',NULL,'Griya Permata RadenBlok O/14','','','','Klaten','1977-10-30','08179557811','L',4,NULL,NULL,NULL,NULL,NULL,NULL,1),(71,'Jaka ','jaka.@gmail.com',NULL,NULL,'3216192811770001',NULL,'Primatama Residence Blok C No.26 Cibinong, Bogor',NULL,'Primatama Residence Blok C No.26 Cibinong, Bogor',NULL,'Bayat Klaten','1977-11-28','085885736789','L',4,NULL,NULL,NULL,NULL,NULL,NULL,0),(72,'Syachrul ','syachrul.@gmail.com',NULL,NULL,'32.7104.300178.0010',NULL,'Bogor Raya Permai FE III No. 24',NULL,'',NULL,'Surabaya','1978-01-30','08128785626','L',4,NULL,NULL,NULL,NULL,NULL,NULL,0),(73,'Ferrari ','ferrari.@gmail.com',NULL,NULL,'320.11315027.80008',NULL,'Perum Bilabong F 2-C312',NULL,'',NULL,'-','1978-02-13','0815 9428176','L',4,NULL,NULL,NULL,NULL,NULL,NULL,0),(74,'Lalitya ','lalitya.@gmail.com',NULL,NULL,'32.7106.5702278.0007',NULL,'Perum Bumi Sentosa C3/10 Jl.Jupiter IIIB',NULL,'',NULL,'sleman','1978-02-17','081317272060','P',4,NULL,NULL,NULL,NULL,NULL,NULL,0),(75,'Syahrudin','syahrudin@gmail.com','PENGUNA_PHOTO_d09bf41544a3365a46c9077ebb5e35c3.jpg','PENGUNA_COVER_d09bf41544a3365a46c9077ebb5e35c3.jpg','32.75.082000278006',NULL,'Jl. Jati Makmur ','','','','Jakarta','1978-02-20','0812 1111069','L',4,NULL,NULL,NULL,NULL,NULL,NULL,1),(76,'Asep ','asep.@gmail.com','PENGUNA_PHOTO_fbd7939d674997cdb4692d34de8633c4.jpg','PENGUNA_COVER_fbd7939d674997cdb4692d34de8633c4.jpg','87218321412',NULL,'Jl.Bangka Raya Gg.Amal 1C/27 RT.8/5','','','','Jakarta','1978-03-17','0852 10852762','L',4,NULL,NULL,NULL,NULL,NULL,NULL,1),(77,'Winhard ','winhard.@gmail.com',NULL,NULL,'12819281281928',NULL,'Jl. Bukit Indah C4/5 RT.005/05','','','','BUKIT INDAH','1978-03-31','0818 152719','L',4,NULL,NULL,NULL,NULL,NULL,NULL,1),(78,'Wulansari','wulansary.@gmail.com',NULL,'PENGUNA_COVER_35f4a8d465e6e1edc05f3d8ab658c551.png','2213123123314',NULL,'Bumi Sentosa C7/12B ','','','','Bogor','1978-04-09','087870284044','P',4,NULL,NULL,NULL,NULL,NULL,NULL,1),(79,'Fakhruddin ','fakhruddin.@gmail.com',NULL,NULL,'32.03.13.020678.00-212',NULL,'Bukit Alamanda Citra Indah V1-51',NULL,'',NULL,'-','1978-06-02','081586033701','L',4,NULL,NULL,NULL,NULL,NULL,NULL,0),(80,'Arik ','arik.@gmail.com',NULL,NULL,'3275085106780016',NULL,'Komplek Mudaparsi RT.001/06',NULL,'',NULL,'Jakrta','1978-06-11','08176875934','P',4,NULL,NULL,NULL,NULL,NULL,NULL,0),(81,'Derrisiana ','derrisiana.@gmail.com',NULL,NULL,'32.7104.190678.0002',NULL,'Kavling Griya Sindang Barang Asri, Jl. Tawakal RT04 RW07, Bubulak, Bogor Barat',NULL,'Jl. Jabaru I No.17',NULL,'Bogor','1978-06-19','087870287000','L',4,NULL,NULL,NULL,NULL,NULL,NULL,0),(82,'Dedi ','dedi.@gmail.com',NULL,NULL,'3276022706780000',NULL,'Perumahan Taman Cibinong Asri Blok G.3 No.9E',NULL,'',NULL,NULL,NULL,NULL,NULL,4,NULL,NULL,NULL,NULL,NULL,NULL,0),(83,'Sandi ','sandi.@gmail.com',NULL,NULL,'32.7101.010778.1353',NULL,'Jl. Raya Pajajaran Indah V Bantar Kemang Bogor',NULL,'Jl. Raya Pajajaran Indah V Bantar Kemang Bogor',NULL,'Bogor','1978-07-01','087870592513','L',4,NULL,NULL,NULL,NULL,NULL,NULL,0),(84,'Ario ','ario.@gmail.com',NULL,NULL,'09.5304.250878 0375',NULL,'Jl. Siaga II-C No.46',NULL,'',NULL,'jakarta','1978-08-25','081311310693','L',4,NULL,NULL,NULL,NULL,NULL,NULL,0),(86,'Wahyudi','wahyudi@gmail.com',NULL,NULL,'32.76061211780002',NULL,'Jl. Margonda Raya Gg. Beringin RT.002/08 No.4',NULL,'',NULL,'Manggar','1978-11-12','081317926028','L',4,NULL,NULL,NULL,NULL,NULL,NULL,0),(87,'Sutarno','sutarno@gmail.com',NULL,NULL,'32.03.17.181178.08209',NULL,'Pabuaran RT.02/09',NULL,'',NULL,'','1978-11-18','081280844876','L',4,NULL,NULL,NULL,NULL,NULL,NULL,0),(88,'Wirianto','wirianto@gmail.com',NULL,NULL,'9182182911827',NULL,'Komplek Bakosurtanal No. 46','','','','purworejo','1978-11-22','08561364041','L',4,NULL,NULL,NULL,NULL,NULL,NULL,1),(89,'Harry ','harry.@gmail.com',NULL,NULL,'32.01012502790007',NULL,'Puri Nirwana III Blok AH 25',NULL,'',NULL,'-','1979-02-25','081383261158','L',4,NULL,NULL,NULL,NULL,NULL,NULL,0),(90,'Abdurasyid','abdurasyid@gmail.com',NULL,NULL,'32.7106.090379.0007',NULL,'Jl. Beo no. 14',NULL,'Jl. Beo no. 14',NULL,'Kupang','1979-03-09','0818 969491','L',4,NULL,NULL,NULL,NULL,NULL,NULL,0),(91,'Yofri ','yofri.@gmail.com',NULL,NULL,'32.031726037909364',NULL,'Perum Puri Karadenan Blok C 7',NULL,'',NULL,'Bandung','1979-03-26','0856 91316834','L',4,NULL,NULL,NULL,NULL,NULL,NULL,0),(92,'Rudi ','rudi.@gmail.com',NULL,NULL,'3201011905790015',NULL,'Jl. Al Nur, Padurenan',NULL,'',NULL,'bogor','1979-05-19','085210705149','L',4,NULL,NULL,NULL,NULL,NULL,NULL,0),(94,'Astrit ','astrit.@gmail.com',NULL,NULL,'3204086006790009',NULL,'Vila Bogor Indah Blok EE1 no. 6',NULL,'',NULL,NULL,NULL,NULL,NULL,4,NULL,NULL,NULL,NULL,NULL,NULL,0),(95,'Bogor 16157','bogor.16157@gmail.com',NULL,NULL,'',NULL,NULL,NULL,'',NULL,NULL,NULL,NULL,NULL,4,NULL,NULL,NULL,NULL,NULL,NULL,0),(96,'Rachmad ','rachmad.@gmail.com',NULL,NULL,'32.7103.300679.0006',NULL,'Kp. Rambutan',NULL,'',NULL,'jakarta','1979-06-30','0856713455','L',4,NULL,NULL,NULL,NULL,NULL,NULL,0),(97,'Syamsul ','syamsul.@gmail.com',NULL,NULL,'',NULL,'Jl.Srikandi 4 no.13 Rt.3/Rw.15',NULL,'',NULL,'Bogor','1979-07-04','','L',4,NULL,NULL,NULL,NULL,NULL,NULL,0),(98,'Endang ','endang.@gmail.com',NULL,NULL,'3201016107790015',NULL,'Jl. Pajajaran No.14',NULL,'',NULL,'','1979-07-21','0818 618978','P',4,NULL,NULL,NULL,NULL,NULL,NULL,0),(99,'Aris ','aris.@gmail.com',NULL,NULL,'',NULL,'Bakti I No. 32 Rt.09/09',NULL,'',NULL,'Bogor','1979-11-20','08158078057','L',4,NULL,NULL,NULL,NULL,NULL,NULL,0),(100,'Budi ','budi.@gmail.com',NULL,NULL,'',NULL,'Jl. Prambanan RT.12/16 Pabuaran',NULL,'',NULL,'Sukoharjo','1980-01-11','0817 9476870','L',4,NULL,NULL,NULL,NULL,NULL,NULL,0),(101,'Doddy ','doddy.@gmail.com',NULL,NULL,'',NULL,'Perumahan Cibinong Citi Blok H no 6 RT 01 RW 18 Sukahati Cibinong',NULL,'Perumahan Cibinong Citi Blok H no 6 RT 01 RW 18 Sukahati Cibinong',NULL,'Purwokerto','1980-02-25','082133157755','L',4,NULL,NULL,NULL,NULL,NULL,NULL,0),(102,'Arini ','arini.@gmail.com',NULL,NULL,'',NULL,'Erfina Kencana Regency Blok Atletik No. 4 ',NULL,'Erfina Kencana Regency Blok Atletik No. 4',NULL,'Semarang','1980-03-06','081514288815','P',4,NULL,NULL,NULL,NULL,NULL,NULL,0),(103,'Wiwit ','wiwit.@gmail.com',NULL,NULL,'09.5406.530480.0290',NULL,'Jl. Gandaria',NULL,'',NULL,'-','1980-04-13','081382300087','P',4,NULL,NULL,NULL,NULL,NULL,NULL,0),(104,'Afrianto','afrianto@gmail.com',NULL,NULL,'3201011704800009',NULL,'Gg. H. Saiyan Cikaret',NULL,'',NULL,'','1980-04-17','082110072956','L',4,NULL,NULL,NULL,NULL,NULL,NULL,0),(106,'Yosi ','yosi.@gmail.com',NULL,NULL,'3276026905800005',NULL,'Jl. Tunas Bakti III No. 84',NULL,'J. Tunas Bakti III No. 84',NULL,'sukabumi','1980-05-29','08567944053','P',4,NULL,NULL,NULL,NULL,NULL,NULL,0),(107,'Tommy ','tommy.@gmail.com',NULL,NULL,'',NULL,'',NULL,'',NULL,'Jakarta','1980-07-24','','L',4,NULL,NULL,NULL,NULL,NULL,NULL,0),(109,'Anggoro ','anggoro.@gmail.com',NULL,NULL,'32.03.17.12880.09175',NULL,'Taman Cibinong Asri Blok F1 No 38 ',NULL,'Taman Cibinong Asri Blok F1 No 38 ',NULL,'malang','1980-08-12','0817257681, 08158439','L',4,NULL,NULL,NULL,NULL,NULL,NULL,0),(110,'Nachnoer ','nachnoer.@gmail.com',NULL,NULL,'',NULL,'Jl. Raya Laladon Rimba Baru No. 38',NULL,'',NULL,'','1980-09-18','085218473763','L',4,NULL,NULL,NULL,NULL,NULL,NULL,0),(111,'Slamet ','slamet.@gmail.com',NULL,NULL,'',NULL,'Jl. Enggano No. 125 Perum. Pondok Aren Kel. Ciluar Kec. Bogor Utara Kota Bogor',NULL,'Jl. Enggano No. 125 Perum. Pondok Aren Kel. Ciluar Kec. Bogor Utara Kota Bogor',NULL,'-','1980-11-21','','L',4,NULL,NULL,NULL,NULL,NULL,NULL,0),(112,'Sora ','sora.@gmail.com',NULL,NULL,'09.5005.2311800158',NULL,'Jl. Cempaka Putih Barat XXVI Komp.Setneg ',NULL,'',NULL,'Jakarta','1980-11-23','0816 1456143','L',4,NULL,NULL,NULL,NULL,NULL,NULL,0),(113,'Najib ','najib.@gmail.com',NULL,NULL,'33.1401.271280.0005',NULL,'Dk. Ngumbul Rt.03, Ds. Tegalombo, Kec. Kalijambe, Kab. Sragen',NULL,'',NULL,'Karanganyar','1980-12-27','081226665388','L',4,NULL,NULL,NULL,NULL,NULL,NULL,0),(114,'Dinar ','dinar.@gmail.com',NULL,NULL,'1050100602813012',NULL,'Jl. Sukabumi Dalam 251/123',NULL,'',NULL,'sukabumi','1981-02-06','0813 22215135','L',4,NULL,NULL,NULL,NULL,NULL,NULL,0),(115,'F.Dyah ','f.dyah.@gmail.com',NULL,NULL,'32.03.09.600281.29716',NULL,'Cimandala Permai Blok G 12',NULL,'Perum Cimandala Permai Blok G No.12',NULL,'Semarang','1981-02-20','0813126111199','P',4,NULL,NULL,NULL,NULL,NULL,NULL,0),(116,'Danan ','danan.@gmail.com',NULL,NULL,'3501040804810001',NULL,'Lingk Temon',NULL,'',NULL,'Pacitan','1981-04-08','08157921748','L',4,NULL,NULL,NULL,NULL,NULL,NULL,0),(117,'Bisma ','bisma.@gmail.com',NULL,NULL,'',NULL,'Jl. Desa Enggalwangi',NULL,'',NULL,'Majalengka','1981-04-17','','L',4,NULL,NULL,NULL,NULL,NULL,NULL,0),(120,'Fitri ','fitri.@gmail.com','PENGUNA_PHOTO_da4fb5c6e93e74d3df8527599fa62642.jpg',NULL,'3403205907810001',NULL,'Perumahan Graha Mulya Cibinong Blok E No. 15, Cikaret','','Perumahan Graha Mulya Cibinong Blok E No. 15, Cikaret','','Gunung Kidul','1981-07-19','085710409301','P',4,NULL,NULL,NULL,NULL,NULL,NULL,1),(121,'Teguh ','teguh.@gmail.com',NULL,NULL,'',NULL,'',NULL,'',NULL,'','1981-07-29','','L',4,NULL,NULL,NULL,NULL,NULL,NULL,0),(122,'Khumaera ','khumaera.@gmail.com',NULL,NULL,'3201295508810001',NULL,'Villa CiomasIndahM 6/22',NULL,'',NULL,'','1981-08-15','0815 6200993','P',4,NULL,NULL,NULL,NULL,NULL,NULL,0),(123,'Setiyani','setiyani@gmail.com',NULL,NULL,'3276086308810001',NULL,'Peum Griya Kali Baru Blok C 2',NULL,'',NULL,'Sleman','1981-08-23','081328129582','P',4,NULL,NULL,NULL,NULL,NULL,NULL,0),(125,'Maya ','maya.@gmail.com',NULL,NULL,'09.5408.661081.8512',NULL,'Cawang III',NULL,'',NULL,'-','1981-10-26','081281557080','P',4,NULL,NULL,NULL,NULL,NULL,NULL,0),(126,'Diyah ','diyah.@gmail.com',NULL,NULL,'32.03.17.491181.06194',NULL,'Bumi SentosaBlok C.6 No. 3 A',NULL,'',NULL,'Pekalongan','1981-11-09','081317991169','P',4,NULL,NULL,NULL,NULL,NULL,NULL,0),(127,'Bayu ','bayu.@gmail.com',NULL,NULL,'3311040912810004',NULL,'Sukoharjo RT3 RW2 No 40B Sukoharjo',NULL,'Sukoharjo RT3 RW2 No 40B Sukoharjo',NULL,'???','1981-12-09','081393154170','L',4,NULL,NULL,NULL,NULL,NULL,NULL,0),(128,'Moeniroch','moeniroch@gmail.com',NULL,NULL,'3276025602820002',NULL,'Kp. Tipar Mekarsari ',NULL,'',NULL,'???','1982-02-16','0888 2370195','P',4,NULL,NULL,NULL,NULL,NULL,NULL,0),(129,'Ari ','ari.@gmail.com',NULL,NULL,'320101203820028',NULL,'DianAsri2 BlokB7No 17',NULL,'',NULL,'yogyakarta','1982-03-02','','L',4,NULL,NULL,NULL,NULL,NULL,NULL,0),(130,'Arif ','arif.@gmail.com',NULL,NULL,'',NULL,'',NULL,'',NULL,'Jakarta','1982-04-12','','L',4,NULL,NULL,NULL,NULL,NULL,NULL,0),(131,'Eka ','eka.@gmail.com',NULL,NULL,'',NULL,'',NULL,'',NULL,'Bantul','1982-04-15','','L',4,NULL,NULL,NULL,NULL,NULL,NULL,0),(132,'Yorda ','yorda.@gmail.com',NULL,NULL,'',NULL,'Vila Bogor Indah 3 Blok BE1/9 ',NULL,'Vila Bogor Indah 3 Blok BE1/9 ',NULL,'Sukabumi','1982-04-23','08127911499','L',4,NULL,NULL,NULL,NULL,NULL,NULL,0),(134,'Yuni ','yuni.@gmail.com',NULL,NULL,'317504.210582.0005',NULL,'Green Cibinong Housing Blok C-16',NULL,'',NULL,NULL,NULL,NULL,NULL,4,NULL,NULL,NULL,NULL,NULL,NULL,0),(135,'Jawa Barat','jawa.barat@gmail.com',NULL,NULL,'',NULL,NULL,NULL,'',NULL,NULL,NULL,NULL,NULL,4,NULL,NULL,NULL,NULL,NULL,NULL,0),(136,'Hilmia ','hilmia.@gmail.com',NULL,NULL,'32.7103.580782.0015',NULL,'Villa Bogor Indah III Blok AD 2 No. 16',NULL,'Villa Bogor Indah III Blok AD 2 No. 16',NULL,'Bogor','1982-07-18','081310755307','P',4,NULL,NULL,NULL,NULL,NULL,NULL,0),(138,'Andita ','andita.@gmail.com',NULL,NULL,'',NULL,'Jl.Pucangsari No 117 RT 03/05',NULL,'',NULL,'Magelang','1982-07-24','','P',4,NULL,NULL,NULL,NULL,NULL,NULL,0),(141,'Sukaraja, Bogor','sukaraja,.bogor@gmail.com',NULL,NULL,'1982-08-01 00:00:00',NULL,'081311008920',NULL,'L',NULL,NULL,NULL,NULL,NULL,4,NULL,NULL,NULL,NULL,NULL,NULL,0),(142,'Ary ','ary.@gmail.com',NULL,NULL,'32.7104.090882.0017',NULL,'Sinargalih RT.002 RW.007',NULL,'Sirnagalih RT.002 RW.007, Kelurahan Loji, Kecamatan Bogor Barat Kotamadya Bogor',NULL,'Batang','1982-08-09','085213448813','L',4,NULL,NULL,NULL,NULL,NULL,NULL,0),(144,'Ani ','ani.@gmail.com',NULL,NULL,'3201016008820019',NULL,'Bogor Asri Blok N 8 / 13',NULL,'Bogor Asri Blok N 8 / 13',NULL,'Bandung','1982-08-20','085214343192','P',4,NULL,NULL,NULL,NULL,NULL,NULL,0),(145,'Seto ','seto.@gmail.com',NULL,NULL,'',NULL,'',NULL,'',NULL,'Sukoharjo','1982-08-27','','L',4,NULL,NULL,NULL,NULL,NULL,NULL,0),(146,'Ronald ','ronald.@gmail.com',NULL,NULL,'32030918098224580',NULL,'Cijujung',NULL,'',NULL,'Jakarta','1982-09-18','085882610000','L',4,NULL,NULL,NULL,NULL,NULL,NULL,0),(147,'Yanti ','yanti.@gmail.com',NULL,NULL,'3208105909820004',NULL,'Jl. Raya Cikaret Kp. Pos RT 04 RW 011 Pabuaran Cibinong Bogor',NULL,'Dusun Wage',NULL,'Kuningan','1982-09-19','081321143982','P',4,NULL,NULL,NULL,NULL,NULL,NULL,0),(148,'Dede ','dede.@gmail.com',NULL,NULL,'3271062209820001',NULL,'Villa Bogor Indah 3 Blok BA 5 No 3',NULL,'Jl.Ahmad Yani Gg.masjid ',NULL,'Bogor','1982-09-22','081380169919','L',4,NULL,NULL,NULL,NULL,NULL,NULL,0),(149,'Iwan ','iwan.@gmail.com',NULL,NULL,'320101229820010',NULL,'Puri Nirwana 1 Blok W No 40',NULL,'',NULL,'','1982-09-22','08157549021','L',4,NULL,NULL,NULL,NULL,NULL,NULL,0),(150,'Murdaningsih','murdaningsih@gmail.com',NULL,NULL,'32.03.07.670982.01422',NULL,'Villa Ciomas Indah Blok H 7/1',NULL,'',NULL,'','1982-09-27','081802750746','P',4,NULL,NULL,NULL,NULL,NULL,NULL,0),(151,'Christine','christine@gmail.com',NULL,NULL,'32.7105.651082.0013',NULL,'Perum Villa Bogor Indah II Blok CC.2/09',NULL,'',NULL,'Sidoarjo','1982-10-25','085692644583','P',4,NULL,NULL,NULL,NULL,NULL,NULL,0),(152,'Sandi ','sandi.@gmail.com',NULL,NULL,'10.5106.011182.0005',NULL,'Jl. Ahmad Yani 2 no. 5',NULL,'',NULL,'Bogor','1982-11-01','085281803560','L',4,NULL,NULL,NULL,NULL,NULL,NULL,0),(153,'Suzan ','suzan.@gmail.com',NULL,NULL,'32.02166711820007',NULL,'Perumahan Bumi Pertiwi 1 Jalan Mangga Kidang Blok X No 12 Cilebut Timur, Kabupaten Bogor',NULL,'Vila Bogor Indah 2 Blok DD2/31 Bogor Utara',NULL,'','1982-11-27','081388453601','P',4,NULL,NULL,NULL,NULL,NULL,NULL,0),(154,'Arief ','arief.@gmail.com',NULL,NULL,'',NULL,'',NULL,'',NULL,'Jakarta','1982-12-14','','L',4,NULL,NULL,NULL,NULL,NULL,NULL,0),(155,'Dyah ','dyah.@gmail.com',NULL,NULL,'1050117012820002',NULL,'Suryalaya Tengah No 26 ',NULL,'',NULL,'Bandung','1982-12-30','0813 21811153','P',4,NULL,NULL,NULL,NULL,NULL,NULL,0),(156,'Suseno ','suseno.@gmail.com',NULL,NULL,'3201010401830017',NULL,'',NULL,'',NULL,'Sleman','1983-01-04','08568104054','L',4,NULL,NULL,NULL,NULL,NULL,NULL,0),(157,'Benni ','benni.@gmail.com',NULL,NULL,'351 0090 80183 0005',NULL,'Resomulyo',NULL,'',NULL,'Banyuwangi','1983-01-08','0813 581 99 899','L',4,NULL,NULL,NULL,NULL,NULL,NULL,0),(158,'Dana ','dana.@gmail.com',NULL,NULL,'32.7103.160183.0007',NULL,'Komplek BPT Timur',NULL,'',NULL,'bogor','1983-01-16','08121821320','L',4,NULL,NULL,NULL,NULL,NULL,NULL,0),(159,'Dany ','dany.@gmail.com',NULL,NULL,'',NULL,'Jl. Pangampaan No 215/ 19 B',NULL,'',NULL,'','1983-02-09','','L',4,NULL,NULL,NULL,NULL,NULL,NULL,0),(160,'Martya ','martya.@gmail.com',NULL,NULL,'3275064603830006',NULL,'Tytian Indah Blok 14 No.7',NULL,'',NULL,'semarang','1983-03-06','081319638278','P',4,NULL,NULL,NULL,NULL,NULL,NULL,0),(161,'Yoyoh ','yoyoh.@gmail.com',NULL,NULL,'32.7105.540.383.0010',NULL,'Sukamulya warga mulya RT 02/03',NULL,'',NULL,'Bogor','1983-03-14','085711111315','P',4,NULL,NULL,NULL,NULL,NULL,NULL,0),(162,'Erfan ','erfan.@gmail.com',NULL,NULL,'3302070904830001',NULL,'Metro Residence Blok K1-8',NULL,'',NULL,NULL,NULL,NULL,NULL,4,NULL,NULL,NULL,NULL,NULL,NULL,0),(163,'Andhika ','andhika.@gmail.com',NULL,NULL,'',NULL,'',NULL,'',NULL,'Yogyakarta','1983-04-30','','L',4,NULL,NULL,NULL,NULL,NULL,NULL,0),(165,'Putri ','putri.@gmail.com',NULL,NULL,'',NULL,'',NULL,'',NULL,'Yogyakarta','1983-05-30','','P',4,NULL,NULL,NULL,NULL,NULL,NULL,0),(166,'Siti ','siti.@gmail.com',NULL,NULL,'3201014206830003',NULL,'Puri Alam kencana Blok.L No.14 ',NULL,'',NULL,'Jakarta','1983-06-02','081573079050','P',4,NULL,NULL,NULL,NULL,NULL,NULL,0),(167,'Fandy ','fandy.@gmail.com',NULL,NULL,'3275033107830017',NULL,'Perumahan Alam Kencana Regency Blok C/6, Jalan Teratai, RT 03, RW 06, Kel. Nanggewer Mekar, Kec. Cibinong, Kab. Bogor 16912',NULL,'Jl. Al Baliyah No. 72 RT 06, RW 09, Kel. Pabuaran, Kec. Cibinong, Kab. Bogor 16916',NULL,'Gunung Kidul','1983-07-31','081328366790','L',4,NULL,NULL,NULL,NULL,NULL,NULL,0),(170,'Rahmat ','rahmat.@gmail.com',NULL,NULL,'32.72.731008...',NULL,'Jl.Merawan IV No.106 ',NULL,'',NULL,'Depok','1983-09-14','081316865593','L',4,NULL,NULL,NULL,NULL,NULL,NULL,0),(171,'Ika ','ika.@gmail.com',NULL,NULL,'3201014910830008',NULL,'Bogor Asri Blok AA3 No. 19',NULL,'',NULL,'','1983-10-09','081328539312','P',4,NULL,NULL,NULL,NULL,NULL,NULL,0),(172,'Nur ','nur.@gmail.com',NULL,NULL,'3201375012830002',NULL,'Bogor Gading Residence Blok K No. 6',NULL,'',NULL,NULL,NULL,NULL,NULL,4,NULL,NULL,NULL,NULL,NULL,NULL,0),(173,'Reni ','reni.@gmail.com',NULL,NULL,'32.01015212830015',NULL,'Cibinong Alam Lestari Blok D2 no 25',NULL,'Cibinong Alam Lestari Blok D2 no 25',NULL,'Karanganyar','1983-12-22','081808245044','P',4,NULL,NULL,NULL,NULL,NULL,NULL,0),(175,'Yan ','yan.@gmail.com',NULL,NULL,'3671131601840011',NULL,'Perumahan Bumi Sentosa 2 Blok D5 No 2',NULL,'Perumahan Bumi Sentosa 2 Blok D5 No 2',NULL,'Bandung','1984-01-16','081399159029','L',4,NULL,NULL,NULL,NULL,NULL,NULL,0),(176,'Andry ','andry.@gmail.com',NULL,NULL,'3204376204840007',NULL,'KP Cibolang  No 108',NULL,'',NULL,'Bandung','1984-04-22','0821 15 040 167','L',4,NULL,NULL,NULL,NULL,NULL,NULL,0),(177,'Isfandiar ','isfandiar.@gmail.com',NULL,NULL,'',NULL,'',NULL,'',NULL,'?','1984-05-18','','L',4,NULL,NULL,NULL,NULL,NULL,NULL,0),(178,'Erni ','erni.@gmail.com',NULL,NULL,'12.14.03.420684.0004',NULL,'Green Cibinong Housing Blok A9 Cibinong',NULL,'Green Cibinong Housing Blok A9 Cibinong',NULL,'Sidoarjo','1984-06-02','08155196019','P',4,NULL,NULL,NULL,NULL,NULL,NULL,0),(179,'Utsri ','utsri.@gmail.com',NULL,NULL,'',NULL,'Perumahan vila Bogor Indah 3 Blok BE 1  no 9 Kedung Halang Bogor',NULL,'Perumahan vila Bogor Indah 3 Blok BE 1  no 9 Kedung Halang Bogor',NULL,'Kediri','1984-06-07','','P',4,NULL,NULL,NULL,NULL,NULL,NULL,0),(180,'Dini ','dini.@gmail.com',NULL,NULL,'32010148088400005',NULL,'Erfina Kencana Regency Blok Bowling No. 23, Nanggewer Mekar, Cibinong, 16914',NULL,'Perum BCE Blok A-3 No.7',NULL,'','1984-08-08','085888483232','P',4,NULL,NULL,NULL,NULL,NULL,NULL,0),(181,'Rika ','rika.@gmail.com',NULL,NULL,'',NULL,'Perumahan Griya Alam Sentul Blok C3/17',NULL,'',NULL,'Kota Bogor','1984-08-28','081386161863','P',4,NULL,NULL,NULL,NULL,NULL,NULL,0),(182,'Irsa ','irsa.@gmail.com',NULL,NULL,'32.0428.690884.0012',NULL,'Jl. Melur V No 25  Perum Bumi Rancaekek Kenana',NULL,'',NULL,'Bandung','1984-08-29','08567055489','P',4,NULL,NULL,NULL,NULL,NULL,NULL,0),(183,'Eva ','eva.@gmail.com',NULL,NULL,'3201016610840015',NULL,'Green Cibinong Housing, Blok A No.4, Jl. Sirojul Munir, RT.03/RW.03, Kel. Tengah, Kec. Cibinong, Kab. Bogor, Jawa Barat.',NULL,'Puri Nirwana I, Blok R No.20, RT.004/RW.016, Kel. Pabuaran, Kec. Cibinong, Kab. Bogor, Jawa Barat.',NULL,'Rao','1984-10-26','081807436774','P',4,NULL,NULL,NULL,NULL,NULL,NULL,0),(184,'Umi ','umi.@gmail.com',NULL,NULL,'3402016810840001',NULL,'Perumahan Qoryatussalam Sani Depok',NULL,'Perumahan Qoryatussalam Sani Depok',NULL,'Yogyakarta','1984-10-28','085692699797','P',4,NULL,NULL,NULL,NULL,NULL,NULL,0),(185,'Roswidyatmoko ','roswidyatmoko.@gmail.com',NULL,NULL,'3201010111840010',NULL,'Metro Residence N1/30',NULL,'Metro Residence N1/30',NULL,'Bantul','1984-11-01','081328029575','L',4,NULL,NULL,NULL,NULL,NULL,NULL,0),(186,'Fahrudin Zuhri','fahrudin.zuhri@gmail.com',NULL,NULL,'',NULL,'Puri Nirwana 3, Blok DA-53',NULL,'',NULL,NULL,NULL,NULL,NULL,4,NULL,NULL,NULL,NULL,NULL,NULL,0),(190,'Nicolaus ','nicolaus.@gmail.com',NULL,NULL,'',NULL,'Nitiprayan No. 154, RT/RW:04/20, Desa Ngestiharjo, kec, Kasihan, Bantul 55182',NULL,'Nitiprayan No. 154, RT/RW:04/20, Desa Ngestiharjo, kec, Kasihan, Bantul 55182',NULL,'Bantul','1984-12-13','085217156869','L',4,NULL,NULL,NULL,NULL,NULL,NULL,0),(191,'Munawar ','munawar.@gmail.com',NULL,NULL,'09.5309.161284.0106',NULL,'Kampung srengseng sawah',NULL,'Jl. Desa Putra No.6',NULL,'Jakarta','1984-12-16','082113612683','L',4,NULL,NULL,NULL,NULL,NULL,NULL,0),(192,'Noor ','noor.@gmail.com',NULL,NULL,'3201012601850005',NULL,'Kp. Curug',NULL,'',NULL,'Kudus','1985-01-26','085729599002','L',4,NULL,NULL,NULL,NULL,NULL,NULL,0),(193,'Candarmaweni','candarmaweni@gmail.com',NULL,NULL,'09 5409 420285 8532',NULL,'Jl. Raya Jambore, Gg. Cempedak RT03, RW06, Harjamukti, Cimanggis, Depok',NULL,'Jl. Subur No.55',NULL,'Jakarta','1985-02-02','082122802121','P',4,NULL,NULL,NULL,NULL,NULL,NULL,0),(194,'Franko ','franko.@gmail.com',NULL,NULL,'32 7509 1402 85 0005',NULL,'Nirwana Estate Blok U No. 16, Kelurahan Pakansari, Kecamatan Cibinong, Kota Cibinong',NULL,'Nirwana Estate Blok U No. 16, Kelurahan Pakansari, Kecamatan Cibinong, Kota Cibinong',NULL,'Padang','1985-02-14','081266273168','L',4,NULL,NULL,NULL,NULL,NULL,NULL,0),(195,'Wildan ','wildan.@gmail.com',NULL,NULL,'1050222505853001',NULL,'Perum Bojong Depok Baru I, Blok AO No.5',NULL,'Perum Bojong Depok Baru I, Blok AO No.5',NULL,'Bandung','1985-05-25','081211133555','L',4,NULL,NULL,NULL,NULL,NULL,NULL,0),(196,'Aninda ','aninda.@gmail.com',NULL,NULL,'',NULL,'',NULL,'',NULL,'Semarang','1985-06-03','','P',4,NULL,NULL,NULL,NULL,NULL,NULL,0),(197,'Yoniar ','yoniar.@gmail.com',NULL,NULL,'3373041506850003',NULL,'Nirwana Estate Blok U No.48',NULL,'Nirwana Estate Blok U No.48',NULL,'Salatiga','1985-06-15','085727285729','L',4,NULL,NULL,NULL,NULL,NULL,NULL,0),(198,'Ratih ','ratih.@gmail.com',NULL,NULL,'',NULL,'Jalan Enggano No 125 Pondok Aren Ciluar Bogor',NULL,'Jalan Enggano No 125 Pondok Aren Ciluar Bogor',NULL,'Bogor','1985-07-20','085692364006','P',4,NULL,NULL,NULL,NULL,NULL,NULL,0),(199,'Intan ','intan.@gmail.com',NULL,NULL,'32.0101.600785.0017',NULL,'Jl. Nurul Yaqin No. 42 Kp. Cipayung ',NULL,'',NULL,NULL,NULL,NULL,NULL,4,NULL,NULL,NULL,NULL,NULL,NULL,0),(201,'Arif ','arif.@gmail.com',NULL,NULL,'3301222607850001',NULL,'Kompetarndonan No.308',NULL,'',NULL,'Cilacap','1985-07-26','081548872257','L',4,NULL,NULL,NULL,NULL,NULL,NULL,0),(203,'Riswanto ','riswanto.@gmail.com',NULL,NULL,'',NULL,'Jl. Klenteng No 67 ',NULL,'Jl. Klenteng No 67 ',NULL,'Bogor','1985-09-12','','L',4,NULL,NULL,NULL,NULL,NULL,NULL,0),(204,'Irena ','irena.@gmail.com',NULL,NULL,'32.71.05.431085.0008',NULL,'Jl. Palayu V No. 35, Bantarjati',NULL,'Jl. Palayu V No. 35',NULL,'Kota Palembang','1985-10-03','08151630085','P',4,NULL,NULL,NULL,NULL,NULL,NULL,0),(205,'Aditya ','aditya.@gmail.com',NULL,NULL,'3471032410850001',NULL,'Perumahan Erfina Kencana Regency Cluster Golf Nomor 4, Nanggewer Mekar, Cibinong, Bogor 16912',NULL,'Macanan DN III/434, RT 019 RW 006 Bausasran, Danurejan, Yogyakarta ',NULL,'Yogyakarta','1985-10-24','','L',4,NULL,NULL,NULL,NULL,NULL,NULL,0),(206,'Nita ','nita.@gmail.com',NULL,NULL,'3321 1164 1185 0002',NULL,'',NULL,'',NULL,'Demak','1985-11-24','','P',4,NULL,NULL,NULL,NULL,NULL,NULL,0),(207,'Wulan ','wulan.@gmail.com',NULL,NULL,'',NULL,'',NULL,'',NULL,'-','1986-01-11','','P',4,NULL,NULL,NULL,NULL,NULL,NULL,0),(208,'Herianto','herianto@gmail.com',NULL,NULL,'',NULL,'Mangkurejo Rt. 01/01, Ds. Tapakrejo Kec. Kesamben, Blitar, Jawa Timur',NULL,'',NULL,'Blitar','1986-01-19','085334272396','L',4,NULL,NULL,NULL,NULL,NULL,NULL,0),(209,'Reni ','reni.@gmail.com',NULL,NULL,'3310 1669 0386 0005',NULL,'Perumahan Kampoeng Mas Blok B/1',NULL,'Perumahan Kampoeng Mas Blok B/1',NULL,'Klaten','1986-03-29','081519128812','P',4,NULL,NULL,NULL,NULL,NULL,NULL,0),(210,'Itang','itang@gmail.com',NULL,NULL,'5104032704860001',NULL,'Perumahan Metro Residence, Cluster Eaglewood, Blok.A2, No.02, Kelurahan Naggewer, Kecamatan Cibinong, Kabupaten Bogor, Provinsi Jawa Barat, 16912','','Perum Metro Residence Blok A2 No.02','','Gianyar','1986-04-27','085652052054','L',4,NULL,NULL,NULL,NULL,NULL,NULL,1),(211,'Rahmatia ','rahmatia.@gmail.com',NULL,NULL,'3404075005860003',NULL,'Jl.Sani no.8 Bokoharjo Banjeng',NULL,'',NULL,'Jakarta','1986-05-10','08175463300','P',4,NULL,NULL,NULL,NULL,NULL,NULL,0),(213,'Farid ','farid.@gmail.com',NULL,NULL,'3303052406860002',NULL,'Perumahan Gaperi 2 ',NULL,'',NULL,NULL,NULL,NULL,NULL,4,NULL,NULL,NULL,NULL,NULL,NULL,0),(215,'Danang ','danang.@gmail.com',NULL,NULL,'3323 1312 0786 0004',NULL,'Kemloko Tengah',NULL,'',NULL,'Temanggung','1986-07-12','0856 254 4411','L',4,NULL,NULL,NULL,NULL,NULL,NULL,0),(216,'Suarlan','suarlan@gmail.com',NULL,NULL,'321012307860001',NULL,'Kandang Roda',NULL,'',NULL,'Bogor','1986-07-23','081387107107','L',4,NULL,NULL,NULL,NULL,NULL,NULL,0),(217,'Anindita ','anindita.@gmail.com',NULL,NULL,'0953096908867002',NULL,'Lenteng Agung',NULL,'',NULL,'Jakarta','1986-08-29','08129947461','P',4,NULL,NULL,NULL,NULL,NULL,NULL,0),(218,'Yaneth ','yaneth.@gmail.com',NULL,NULL,'',NULL,'Buper Waena, Kel. Waena, Kec. Heram, Jayapura, Papua',NULL,'',NULL,'Jayapura','1986-09-13','','P',4,NULL,NULL,NULL,NULL,NULL,NULL,0),(219,'Rochiyatun','rochiyatun@gmail.com',NULL,NULL,'33.7413.600986.0001',NULL,'Perumahan Bumi Sentosa 2 Blok D2/12A Kel. Nanggewer Kec. Cibinong Kab. Bogor',NULL,'Perumahan Bumi Sentosa 2 Blok D2/12A Kel. Nanggewer Kec. Cibinong Kab. Bogor',NULL,'Semarang','1986-09-20','081325596917','P',4,NULL,NULL,NULL,NULL,NULL,NULL,0),(220,'Erni ','erni.@gmail.com',NULL,NULL,'3278046110860004',NULL,'Perumahan Dian Asri Jalan Masjid Al Asri Barat B.6 No.17 ',NULL,'Perumahan Dian Asri Jalan Masjid Al Asri Barat B.6 No.17 ',NULL,'Jakarta','1986-10-21','081394288265','P',4,NULL,NULL,NULL,NULL,NULL,NULL,0),(221,'Ali ','ali.@gmail.com',NULL,NULL,'',NULL,'',NULL,'',NULL,'Bandung','1986-11-22','','L',4,NULL,NULL,NULL,NULL,NULL,NULL,0),(222,'Sidik ','sidik.@gmail.com',NULL,NULL,'3302232311860004',NULL,'Kedung Banteng',NULL,'',NULL,'Banyumas','1986-11-23','0857719890437','L',4,NULL,NULL,NULL,NULL,NULL,NULL,0),(223,'Byantica ','byantica.@gmail.com',NULL,NULL,'3201016711860007',NULL,'Perumahan Griya Alam Sentul Blok B3 No.12 A',NULL,'Jl.Tegar Beriman,Kp.Cikempong RT.03/09',NULL,'','1986-11-27','081380254817','P',4,NULL,NULL,NULL,NULL,NULL,NULL,0),(224,'Bayu ','bayu.@gmail.com',NULL,NULL,'',NULL,'',NULL,'',NULL,'Jakarta','1986-12-06','085694446433','L',4,NULL,NULL,NULL,NULL,NULL,NULL,0),(225,'Bhakti ','bhakti.@gmail.com',NULL,NULL,'',NULL,'Puri Nirwana I Cibinong',NULL,'',NULL,'Kulon Progo','1986-12-09','','L',4,NULL,NULL,NULL,NULL,NULL,NULL,0),(226,'Ratih ','ratih.@gmail.com',NULL,NULL,'3505175112860001',NULL,'Cibinong Mas Indah No. B2 Jl. Sirojul Munir RT. 02 RW. 03 Kel. Tengah Cibinong',NULL,'Jl. Branjangan',NULL,'Blitar','1986-12-11','085746100541','P',4,NULL,NULL,NULL,NULL,NULL,NULL,0),(227,'Elisa ','elisa.@gmail.com',NULL,NULL,'861214450448',NULL,'Tempel',NULL,'',NULL,'????','1986-12-17','085647495669','P',4,NULL,NULL,NULL,NULL,NULL,NULL,0),(228,'Desi ','desi.@gmail.com',NULL,NULL,'',NULL,'',NULL,'',NULL,'Padang','1986-12-29','','P',4,NULL,NULL,NULL,NULL,NULL,NULL,0),(229,'Dini','dini@gmail.com',NULL,NULL,'09.5409.430187.8521',NULL,'Jl. Masjid Nurul Falah RT.003/03',NULL,'',NULL,'','1987-01-03','0813 84918316','P',4,NULL,NULL,NULL,NULL,NULL,NULL,0),(230,'Anifa ','anifa.@gmail.com',NULL,NULL,'',NULL,'Puri Nirwana 1 Blok F No 11 Cikaret, Cibinong Bogor Jawa Barat',NULL,'Jogokerten RT 03 RW 14 Trimulyo Sleman Yogyakarta',NULL,'Sleman','1987-02-06','087875872145','P',4,NULL,NULL,NULL,NULL,NULL,NULL,0),(231,'Febriani ','febriani.@gmail.com',NULL,NULL,'33.23.09.630287.0001',NULL,'Dusun Gandu',NULL,'',NULL,'Temanggung','1987-02-23','085643276746','P',4,NULL,NULL,NULL,NULL,NULL,NULL,0),(232,'Rosie ','rosie.@gmail.com',NULL,NULL,'3276010803870004',NULL,'Jl.Pemuda No.68 ',NULL,'',NULL,'','1987-03-08','0813 84122166','L',4,NULL,NULL,NULL,NULL,NULL,NULL,0),(233,'Ade ','ade.@gmail.com',NULL,NULL,'',NULL,'',NULL,'',NULL,'Sarolangun','1987-03-08','','L',4,NULL,NULL,NULL,NULL,NULL,NULL,0),(234,'Catur ','catur.@gmail.com',NULL,NULL,'',NULL,'',NULL,'',NULL,'Boyolali','1987-03-10','','L',4,NULL,NULL,NULL,NULL,NULL,NULL,0),(235,'Sasti ','sasti.@gmail.com',NULL,NULL,'3201025903870010',NULL,'Jalan Raya Karanggan Perum Griya Estetika Blok B2 No.10 RT 007 RW 02, Desa Karanggan, Kec. Gunung Putri, Kab. Bogor, Jawa Barat',NULL,'Jl. Rambutan VI No.11-12 RT 002 RW 010 Desa Karanggan, Kec. Gunung Putri, Kab. Bogor',NULL,'Jakarta','1987-03-19','085778483216','P',4,NULL,NULL,NULL,NULL,NULL,NULL,0),(236,'Gama ','gama.@gmail.com',NULL,NULL,'3404060305870003',NULL,'Kiara Residence Blok G3 No. 6 ',NULL,'Kiara Residence Blok G3 No. 6 ',NULL,'Klaten','1987-05-03','08562960076','L',4,NULL,NULL,NULL,NULL,NULL,NULL,0),(237,'Ilham ','ilham.@gmail.com',NULL,NULL,'137502 1205870003',NULL,'Jl. Kinantan  Simo Kubu Bawah',NULL,'',NULL,'Bukittinggi','1987-05-12','085720234832','L',4,NULL,NULL,NULL,NULL,NULL,NULL,0),(238,'Aldino ','aldino.@gmail.com',NULL,NULL,'',NULL,'',NULL,'',NULL,'Yogyakarta','1987-05-19','','L',4,NULL,NULL,NULL,NULL,NULL,NULL,0),(239,'Fitriyadi ','fitriyadi.@gmail.com',NULL,NULL,'3671092905870002',NULL,'Jl. Tampak Siring I No.9 RT.02/15 Perumnas II Kel. Cibodas Baru, Kec. Cibodas, Kota Tangerang',NULL,'',NULL,'Jakarta','1987-05-29','','L',4,NULL,NULL,NULL,NULL,NULL,NULL,0),(240,'Dias ','dias.@gmail.com',NULL,NULL,'3328100306870004',NULL,'Puri Nirwana 1 Blok N. No. 27 RT. 3 RW. 16 Pabuaran, Kec. Cibinong, Kab. Bogor',NULL,'Puri Nirwana 1 Blok N. No. 27 RT. 3 RW. 16 Pabuaran, Kec. Cibinong, Kab. Bogor',NULL,'Tegal','1987-06-03','085643264100','L',4,NULL,NULL,NULL,NULL,NULL,NULL,0),(241,'Annisa ','annisa.@gmail.com',NULL,NULL,'',NULL,'',NULL,'',NULL,'Bogor','1987-06-03','','P',4,NULL,NULL,NULL,NULL,NULL,NULL,0),(242,'Fuad ','fuad.@gmail.com',NULL,NULL,'33.0614.060687.0001',NULL,'Kemantrenan lor',NULL,'',NULL,'Purworejo','1987-06-06','0857 433 23923','L',4,NULL,NULL,NULL,NULL,NULL,NULL,0),(244,'Santi ','santi.@gmail.com',NULL,NULL,'',NULL,'',NULL,'',NULL,'Bengkulu Utara','1987-06-17','','P',4,NULL,NULL,NULL,NULL,NULL,NULL,0),(245,'Fajar ','fajar.@gmail.com',NULL,NULL,'',NULL,'Jalan Tunas Kepala D. No.81, Kelurahan Sepanjang Jaya, Kec. Rawalumbu',NULL,'',NULL,'Jakarta','1987-06-17','','L',4,NULL,NULL,NULL,NULL,NULL,NULL,0),(246,'Arif ','arif.@gmail.com',NULL,NULL,'3201011007870015',NULL,'Puri Nirwana I ',NULL,'Puri Nirwana 1 ',NULL,'Purworejo','1987-07-10','08170780424','L',4,NULL,NULL,NULL,NULL,NULL,NULL,0),(247,'Marhensa ','marhensa.@gmail.com',NULL,NULL,'',NULL,'',NULL,'',NULL,'Semarang','1987-07-18','','L',4,NULL,NULL,NULL,NULL,NULL,NULL,0),(248,'Suryanto','suryanto@gmail.com',NULL,NULL,'3201133107870004',NULL,'Graha Kartika Pratama Blok DD2 No.17',NULL,'Graha Kartika Pratama Blok DD2 No.17',NULL,'-','1987-07-31','085647101534','L',4,NULL,NULL,NULL,NULL,NULL,NULL,0),(249,'Khoerini ','khoerini.@gmail.com',NULL,NULL,'',NULL,'',NULL,'',NULL,'Jakarta','1987-08-20','','P',4,NULL,NULL,NULL,NULL,NULL,NULL,0),(250,'Mira ','mira.@gmail.com',NULL,NULL,'',NULL,'',NULL,'',NULL,'Bantul','1987-08-28','','P',4,NULL,NULL,NULL,NULL,NULL,NULL,0),(251,'Eko ','eko.@gmail.com',NULL,NULL,'3309130410870001',NULL,'Jl. Cibubur IV Gang Cendana, Jakarta Timur',NULL,'Randu RT 11 RW 02, Ds. Temon, Kec. Simo',NULL,'Boyolali','1987-10-04','087823903487','L',4,NULL,NULL,NULL,NULL,NULL,NULL,0),(252,'Maslahatun ','maslahatun.@gmail.com',NULL,NULL,'3273035210870002',NULL,'Puri Nirwana I, B-38 Jl. Raya Cikaret, Pabuaran, Cibinong, Bogor, Jawa Barat',NULL,'Jl. Makam Caringin Gg. Masjid No.9',NULL,'Bandung','1987-10-12','085292067879','P',4,NULL,NULL,NULL,NULL,NULL,NULL,0),(253,'Ircham ','ircham.@gmail.com',NULL,NULL,'',NULL,'',NULL,'',NULL,'Bantul','1987-10-25','','L',4,NULL,NULL,NULL,NULL,NULL,NULL,0),(254,'Arisauna ','arisauna.@gmail.com',NULL,NULL,'',NULL,'',NULL,'',NULL,'-','1987-10-27','','P',4,NULL,NULL,NULL,NULL,NULL,NULL,0),(255,'Yudith ','yudith.@gmail.com',NULL,NULL,'3275046910870016',NULL,'Jl. Patuha Utara 4 No. 17',NULL,'',NULL,'','1987-10-29','081388749339','P',4,NULL,NULL,NULL,NULL,NULL,NULL,0),(256,'Eli ','eli.@gmail.com',NULL,NULL,'',NULL,'JL. Palapa, Pringsewu Selatan',NULL,'',NULL,'Pringsewu','1987-11-03','0857 2950 6534','P',4,NULL,NULL,NULL,NULL,NULL,NULL,0),(257,'Nicky ','nicky.@gmail.com',NULL,NULL,'',NULL,'',NULL,'',NULL,'Sleman','1987-11-04','','L',4,NULL,NULL,NULL,NULL,NULL,NULL,0),(258,'Maulisa ','maulisa.@gmail.com',NULL,NULL,'',NULL,'',NULL,'',NULL,'Bogor','1987-11-09','','P',4,NULL,NULL,NULL,NULL,NULL,NULL,0),(259,'Indah ','indah.@gmail.com',NULL,NULL,'3201015311870007',NULL,'Bojong Depok Baru 3 Blok KF No.18 Karadenan - Cibinong 16913',NULL,'Bojong Depok Baru 3 Blok KF No.18 Karadenan - Cibinong ',NULL,'Probolinggo','1987-11-13','','P',4,NULL,NULL,NULL,NULL,NULL,NULL,0),(261,'Inggit ','inggit.@gmail.com',NULL,NULL,'',NULL,'Perum Puri Nirwana I Blok PP No.24 Kab.Bogor',NULL,'Jl. Brigjen Katamso No.62',NULL,'Surabaya','1987-11-17','','P',4,NULL,NULL,NULL,NULL,NULL,NULL,0),(262,'Rizki ','rizki.@gmail.com',NULL,NULL,'',NULL,'',NULL,'',NULL,'Magelang','1987-11-21','','P',4,NULL,NULL,NULL,NULL,NULL,NULL,0),(263,'Ratna ','ratna.@gmail.com',NULL,NULL,'35 7102 41128 70002',NULL,'Kompleks Perumahan LIPI No.60',NULL,'',NULL,NULL,NULL,NULL,NULL,4,NULL,NULL,NULL,NULL,NULL,NULL,0),(264,'Dany ','dany.@gmail.com',NULL,NULL,'12345678901112',NULL,'Puri Alam Kencana 2 Blok P4 No. 8 Cibinong Puri Alam Kencana 2 Blok P4 No. 8 Cibinong,',NULL,'Puri Alam Kencana 2 Blok P4 No. 8 Cibinong Puri Alam Kencana 2 Blok P4 No. 8 Cibinong,',NULL,'Jakarta','1987-12-13','','L',4,NULL,NULL,NULL,NULL,NULL,NULL,0),(265,'Sandi ','sandi.@gmail.com',NULL,NULL,'',NULL,'',NULL,'',NULL,'Bandung','1987-12-27','','L',4,NULL,NULL,NULL,NULL,NULL,NULL,0),(266,'Intan ','intan.@gmail.com',NULL,NULL,'',NULL,'',NULL,'',NULL,'Bandung','1988-01-22','','P',4,NULL,NULL,NULL,NULL,NULL,NULL,0),(267,'Agri ','agri.@gmail.com',NULL,NULL,'',NULL,'',NULL,'',NULL,'Klaten','1988-02-13','','P',4,NULL,NULL,NULL,NULL,NULL,NULL,0),(268,'Febrylian ','febrylian.@gmail.com',NULL,NULL,'3302241502880002',NULL,'Jl Raya Sukahati Perum DDN Suryapraja Permai blok G3 no 17 Cibinong Kab. Bogor Jawa Barat',NULL,'Jl Dr Angka Gg Trimurti no 33',NULL,'Banyumas','1988-02-15','08112817847','L',4,NULL,NULL,NULL,NULL,NULL,NULL,0),(269,'Tri ','tri.@gmail.com',NULL,NULL,'33 2309 550 38 0001',NULL,'Desa Kalipetung',NULL,'',NULL,'?','1988-03-15','0815 68433 144','P',4,NULL,NULL,NULL,NULL,NULL,NULL,0),(270,'Anggriawan ','anggriawan.@gmail.com',NULL,NULL,'3310051204880001',NULL,'Gatak RT.05/03 Nanggulan, Cawas Klaten',NULL,'',NULL,'Semarang','1988-04-12','','L',4,NULL,NULL,NULL,NULL,NULL,NULL,0),(271,'Nuruli ','nuruli.@gmail.com',NULL,NULL,'',NULL,'',NULL,'',NULL,'Jakarta','1988-04-12','','P',4,NULL,NULL,NULL,NULL,NULL,NULL,0),(272,'Dina ','dina.@gmail.com',NULL,NULL,'36.7406.580588.0015',NULL,'Pamulang Permai 2 Blok C.14/17H RT.001 RW 011, Pondok Benda, Pamulang, Tangerang Selatan, Banten',NULL,'',NULL,'Pasaman Barat','1988-05-18','081393293229','P',4,NULL,NULL,NULL,NULL,NULL,NULL,0),(273,'Maya ','maya.@gmail.com',NULL,NULL,'',NULL,'Perum Griya Bukit Permata Blok G2/11',NULL,'',NULL,NULL,NULL,NULL,NULL,4,NULL,NULL,NULL,NULL,NULL,NULL,0),(274,'Diaz ','diaz.@gmail.com',NULL,NULL,'',NULL,'',NULL,'',NULL,'Banyumas','1988-06-15','','L',4,NULL,NULL,NULL,NULL,NULL,NULL,0),(275,'Yudha ','yudha.@gmail.com',NULL,NULL,'3216060607880011',NULL,'Bukit Cimanggu Villa Blok T8 No.7, Kelurahan Cibadak ,Kecamatan Tanah Sareal. Kota Bogor',NULL,'Bukit Cimanggu Villa Blok T8 No.7, Kelurahan Cibadak ,Kecamatan Tanah Sareal. Kota Bogor',NULL,'Jakarta','1988-07-06','081381309145','L',4,NULL,NULL,NULL,NULL,NULL,NULL,0),(276,'Erning ','erning.@gmail.com',NULL,NULL,'327702200102024302',NULL,'Perum Koperasi BUGN A.8/76',NULL,'',NULL,'Magelang','1988-07-11','08568737578','P',4,NULL,NULL,NULL,NULL,NULL,NULL,0),(277,'Prasiantoro ','prasiantoro.@gmail.com',NULL,NULL,'3404060508880002',NULL,'Rajek Wetan RT 02 RW 27, Tirtoadi, Mlati, Sleman, Yogyakarta',NULL,'Rajek Wetan RT 02 RW 27, Tirtoadi, Mlati, Sleman, Yogyakarta',NULL,'Sleman','1988-08-05','08179401006','L',4,NULL,NULL,NULL,NULL,NULL,NULL,0),(278,'Endang ','endang.@gmail.com',NULL,NULL,'',NULL,'Dk. Keseran No. 121 RT 05/01 Winduaji, Kec. Paguyangan',NULL,'',NULL,'Brebes','1988-08-28','085714028949','P',4,NULL,NULL,NULL,NULL,NULL,NULL,0),(279,'Alfi ','alfi.@gmail.com',NULL,NULL,'',NULL,'Jl. Cendrawasi Kelurahan Panjer Kecamatan Kebumen, Kabupaten Kebumen',NULL,'',NULL,'Kebumen','1988-09-06','','P',4,NULL,NULL,NULL,NULL,NULL,NULL,0),(280,'Chintia ','chintia.@gmail.com',NULL,NULL,'',NULL,'',NULL,'',NULL,'Tasikmalaya','1988-09-06','','P',4,NULL,NULL,NULL,NULL,NULL,NULL,0),(281,'Anjarsri ','anjarsri.@gmail.com',NULL,NULL,'',NULL,'',NULL,'',NULL,'Blora','1988-09-09','','P',4,NULL,NULL,NULL,NULL,NULL,NULL,0),(282,'Oktadi ','oktadi.@gmail.com',NULL,NULL,'',NULL,'',NULL,'',NULL,'Bantul','1988-10-11','','L',4,NULL,NULL,NULL,NULL,NULL,NULL,0),(283,'Norvi ','norvi.@gmail.com',NULL,NULL,'3271065111880001',NULL,'Jl. Damai No. 24 RT.001/RW.006 Kedung Badak Baru Bogor 16164',NULL,'Jl. Damai No. 24 ',NULL,'Bogor','1988-11-11','085885371311','P',4,NULL,NULL,NULL,NULL,NULL,NULL,0),(284,'Adisty ','adisty.@gmail.com',NULL,NULL,'',NULL,'',NULL,'',NULL,'Kebumen','1988-11-26','','P',4,NULL,NULL,NULL,NULL,NULL,NULL,0),(285,'Indres ','indres.@gmail.com',NULL,NULL,'',NULL,'',NULL,'',NULL,'Tanah Datar','1988-12-15','','P',4,NULL,NULL,NULL,NULL,NULL,NULL,0),(286,'Denny ','denny.@gmail.com',NULL,NULL,'',NULL,'',NULL,'',NULL,'Batang Hari','1989-01-14','','L',4,NULL,NULL,NULL,NULL,NULL,NULL,0),(287,'Febrian ','febrian.@gmail.com',NULL,NULL,'',NULL,'',NULL,'',NULL,'Temanggung','1989-02-05','','L',4,NULL,NULL,NULL,NULL,NULL,NULL,0),(288,'Marda ','marda.@gmail.com',NULL,NULL,'',NULL,'Dusun Jekek RT 02/02 Desa Jekek Kecamatan Baron, Kabupaten Nganjuk',NULL,'',NULL,'Madiun','1989-04-09','085257132124','L',4,NULL,NULL,NULL,NULL,NULL,NULL,0),(289,'Wendra','wendra@gmail.com',NULL,NULL,'',NULL,'',NULL,'',NULL,'Pariaman','1989-04-10','','L',4,NULL,NULL,NULL,NULL,NULL,NULL,0),(290,'Abdul ','abdul.@gmail.com',NULL,NULL,'35210221048900003',NULL,'Ngrambe-walikukun km.4 kel.pucangan kec. ngrambe kab. ngawi ',NULL,'',NULL,'Barito Utara','1989-04-21','085282611550','L',4,NULL,NULL,NULL,NULL,NULL,NULL,0),(291,'Yusniar ','yusniar.@gmail.com',NULL,NULL,'',NULL,'',NULL,'',NULL,'Yogyakarta','1989-05-22','','P',4,NULL,NULL,NULL,NULL,NULL,NULL,0),(292,'Romanio ','romanio.@gmail.com',NULL,NULL,'',NULL,'',NULL,'',NULL,'Bandung','1989-05-25','','L',4,NULL,NULL,NULL,NULL,NULL,NULL,0),(293,'Safirotul ','safirotul.@gmail.com',NULL,NULL,'3326152705890002',NULL,'Bojong Depok Baru II Blok CH No.8',NULL,'',NULL,NULL,NULL,NULL,NULL,4,NULL,NULL,NULL,NULL,NULL,NULL,0),(294,'Maratun ','maratun.@gmail.com',NULL,NULL,'',NULL,'Puri Nirwana I, Blok F No. 11, Pabuaran, Cibinong',NULL,'',NULL,'Banyumas','1989-05-31','085726161060','P',4,NULL,NULL,NULL,NULL,NULL,NULL,0),(295,'Rochmad ','rochmad.@gmail.com',NULL,NULL,'',NULL,'',NULL,'',NULL,'Yogyakarta','1989-06-01','','L',4,NULL,NULL,NULL,NULL,NULL,NULL,0),(296,'Lufti ','lufti.@gmail.com',NULL,NULL,'',NULL,'Perumahan Gebang Karawang Blok L no.11 Desa Suka makmur, Kecamatan Teluk Jambi Timur',NULL,'',NULL,'Karawang','1989-06-08','','L',4,NULL,NULL,NULL,NULL,NULL,NULL,0),(297,'Yustisi ','yustisi.@gmail.com',NULL,NULL,'',NULL,'',NULL,'',NULL,'Sukabumi','1989-06-27','','P',4,NULL,NULL,NULL,NULL,NULL,NULL,0),(298,'Fauziyah ','fauziyah.@gmail.com',NULL,NULL,'',NULL,'Jl. Rawa sari No. 2 003/06 Cipayung Jaya, Cipayung, Depok 16431',NULL,'Jl. Rawa sari No. 2 003/06 Cipayung Jaya, Cipayung, Depok 16431',NULL,'Depok','1989-06-30','085780273794','P',4,NULL,NULL,NULL,NULL,NULL,NULL,0),(299,'Siska ','siska.@gmail.com',NULL,NULL,'',NULL,'',NULL,'',NULL,'Pariaman','1989-08-21','','P',4,NULL,NULL,NULL,NULL,NULL,NULL,0),(300,'Siti ','siti.@gmail.com',NULL,NULL,'',NULL,'',NULL,'',NULL,'Karanganyar','1989-08-24','','P',4,NULL,NULL,NULL,NULL,NULL,NULL,0),(301,'Rohullah ','rohullah.@gmail.com',NULL,NULL,'',NULL,'',NULL,'',NULL,'Kediri','1989-09-19','','L',4,NULL,NULL,NULL,NULL,NULL,NULL,0),(302,'I ','i.@gmail.com',NULL,NULL,'',NULL,'',NULL,'',NULL,'Mataram','1989-09-27','','L',4,NULL,NULL,NULL,NULL,NULL,NULL,0),(303,'Adnan ','adnan.@gmail.com',NULL,NULL,'340209.061089.0001',NULL,'Cangkring RT 05 RW 22, Sumberagung, Jetis, Bantul',NULL,'Perumahan Laladon Baru Residence Blok G No 4, Laladon, Ciomas, Bogor',NULL,'Bantul','1956-10-06','081327194721','L',4,NULL,NULL,NULL,NULL,NULL,NULL,0),(304,'Ossy ','ossy.@gmail.com',NULL,NULL,'',NULL,'',NULL,'',NULL,'Cilacap','1989-10-12','','P',4,NULL,NULL,NULL,NULL,NULL,NULL,0),(305,'Rizqi ','rizqi.@gmail.com',NULL,NULL,'',NULL,'',NULL,'',NULL,'Kendal','1989-10-15','','L',4,NULL,NULL,NULL,NULL,NULL,NULL,0),(306,'Ayu ','ayu.@gmail.com',NULL,NULL,'',NULL,'Dusun II Pacor, Kutoarjo',NULL,'',NULL,'Purworejo','1989-10-16','085292338621','P',4,NULL,NULL,NULL,NULL,NULL,NULL,0),(307,'Orpa ','orpa.@gmail.com',NULL,NULL,'',NULL,'',NULL,'',NULL,'Jayawijaya','1989-10-16','','P',4,NULL,NULL,NULL,NULL,NULL,NULL,0),(309,'Budi ','budi.@gmail.com',NULL,NULL,'3275041123890012',NULL,'Perum Erfina Kencana Regency, Cluster Baseball No 9, Cibinong, Bogor',NULL,'Jalan Taman Nakula Barat, Blok 36 No 20, Bumi Satria Kencana, Bekasi Selatan, Bekasi',NULL,'Cirebon','1989-11-23','08119487184','L',4,NULL,NULL,NULL,NULL,NULL,NULL,0),(310,'Adinda ','adinda.@gmail.com',NULL,NULL,'',NULL,'',NULL,'',NULL,'Jakarta','1989-12-03','','P',4,NULL,NULL,NULL,NULL,NULL,NULL,0),(311,'Arifah ','arifah.@gmail.com',NULL,NULL,'',NULL,'Alam Cibinong Residence No. E3, Jl. Bintang Mas, RT 07/ RW 06, Kel. Nanggewer, Kec. Cibinong, Kab. Bogor',NULL,'Perumahan Tridaya Nuansa Indah, Blok EA2 No. 17, Jalan Kelapa Gading IX',NULL,'Sragen','1989-12-05','','P',4,NULL,NULL,NULL,NULL,NULL,NULL,0),(312,'Luciana ','luciana.@gmail.com',NULL,NULL,'3578065312890007',NULL,'Puri Nirwana I Blok VB Nomor 3',NULL,'Dukuh Kupang Timur 12a/42a',NULL,'Surabaya','1989-12-13','085731154590','P',4,NULL,NULL,NULL,NULL,NULL,NULL,0),(313,'Diastarini','diastarini@gmail.com',NULL,NULL,'',NULL,'Desa Rodok Rt.003, Kec. Dusun Tengah, Kab. Barito Timur, Prov. Kalimantan Tengah',NULL,'',NULL,'Barito Selatan','1989-12-18','','P',4,NULL,NULL,NULL,NULL,NULL,NULL,0),(314,'Hayu ','hayu.@gmail.com',NULL,NULL,'',NULL,'Plumbungan Indah B.39-40 Rt.25/08 Sragen',NULL,'',NULL,'Sragen','1989-12-18','085647567396','P',4,NULL,NULL,NULL,NULL,NULL,NULL,0),(315,'Ellen ','ellen.@gmail.com',NULL,NULL,'',NULL,'Jl. Raya Setu RT. 06/05 Kelurahan Setu, Kecamatan Cipayung, Jakarta Timur',NULL,'',NULL,'Jakarta','1989-12-18','','P',4,NULL,NULL,NULL,NULL,NULL,NULL,0),(316,'Munawaroh','munawaroh@gmail.com',NULL,NULL,'3207036112890001',NULL,'Perumahan Bumi Sentosa Blok D8 No. 5 Nanggewer Mekar, Cibinong, Kab. Bogor',NULL,'Dusun Cipeundeuy',NULL,'Ciamis','1989-12-21','085229066522','P',4,NULL,NULL,NULL,NULL,NULL,NULL,0),(318,'Nurul ','nurul.@gmail.com',NULL,NULL,'',NULL,'',NULL,'',NULL,'Madiun','1990-01-13','','P',4,NULL,NULL,NULL,NULL,NULL,NULL,0),(319,'Rastika ','rastika.@gmail.com',NULL,NULL,'',NULL,'Puri Nirwana I, Cikaret',NULL,'',NULL,'Surakarta','1990-01-15','082226206670','P',4,NULL,NULL,NULL,NULL,NULL,NULL,0),(320,'Githa ','githa.@gmail.com',NULL,NULL,'',NULL,'',NULL,'',NULL,'Bandung','1990-02-16','','P',4,NULL,NULL,NULL,NULL,NULL,NULL,0),(321,'Arga ','arga.@gmail.com',NULL,NULL,'',NULL,'',NULL,'',NULL,'Temanggung','1990-02-22','','L',4,NULL,NULL,NULL,NULL,NULL,NULL,0),(322,'Widy ','widy.@gmail.com',NULL,NULL,'',NULL,'',NULL,'',NULL,'Kediri','1990-03-17','','L',4,NULL,NULL,NULL,NULL,NULL,NULL,0),(323,'Herjuno ','herjuno.@gmail.com',NULL,NULL,'3276051703900003',NULL,'Perum Bukit Asri Blok A3 no.19 RT.8 RW.6 Kelurahan Pabuaran, Kecamatan Cibinong, Kode Pos 16916',NULL,'Jalan Cilodong Raya No.80X',NULL,'Perth','1990-03-17','085719713479','L',4,NULL,NULL,NULL,NULL,NULL,NULL,0),(324,'Florence ','florence.@gmail.com',NULL,NULL,'1771027003900011',NULL,'Jl. Rangkong 7 No.160 RT.19 Perumnas Lingkar Barat Bengkulu',NULL,'',NULL,'Bengkulu','1990-03-30','','P',4,NULL,NULL,NULL,NULL,NULL,NULL,0),(325,'Elok ','elok.@gmail.com',NULL,NULL,'',NULL,'Jl. Tebet dalam 1C RT002/001 Kelurahan Tebet Barat, Kecamatan Tebet, Jakarta Selatan',NULL,'',NULL,'Jakarta','1990-04-08','','P',4,NULL,NULL,NULL,NULL,NULL,NULL,0),(326,'Ikhwan Sholeh','ikhwan.sholeh@gmail.com',NULL,NULL,'',NULL,'Tebet Barat Dalam 3A No 28, Tebet, Jakarta Selatan',NULL,'Tebet Barat Dalam 3A No 28, Tebet, Jakarta Selatan',NULL,'Jakarta','1990-04-13','085697181846','L',4,NULL,NULL,NULL,NULL,NULL,NULL,0),(327,'Prayudha ','prayudha.@gmail.com',NULL,NULL,'32710517049000012',NULL,'Jl. Tarakan Blok G6 No.440, BTN Pondok Aren RT 11 RW 07, Ciluar, Bogor',NULL,'',NULL,'Bogor','1990-04-17','','L',4,NULL,NULL,NULL,NULL,NULL,NULL,0),(328,'Tia ','tia.@gmail.com',NULL,NULL,'',NULL,'',NULL,'',NULL,'Wonosobo','1990-04-18','','P',4,NULL,NULL,NULL,NULL,NULL,NULL,0),(329,'Danang ','danang.@gmail.com',NULL,NULL,'',NULL,'',NULL,'',NULL,'Banyumas','1990-04-23','','L',4,NULL,NULL,NULL,NULL,NULL,NULL,0),(330,'Dewi ','dewi.@gmail.com',NULL,NULL,'',NULL,'Jalan BNR Utama Blok E No 7 Bogor',NULL,'Kp. Cigombong RT 01/01 desa/Kec. Cigombong Kabupaten Bogor',NULL,'Bandung','1990-04-29','0812-1288-4542','P',4,NULL,NULL,NULL,NULL,NULL,NULL,0),(331,'Restu ','restu.@gmail.com',NULL,NULL,'',NULL,'Jl. Dakota, Sukaraja II No.12 Rt.02/05 Kel. Sukaraja Kec. Cicendo, Bandung',NULL,'',NULL,'Bandung','1990-05-02','083829093655','P',4,NULL,NULL,NULL,NULL,NULL,NULL,0),(332,'Deviani ','deviani.@gmail.com',NULL,NULL,'',NULL,'Jl Tipar Tengah No 100 RT 06/010',NULL,'',NULL,NULL,NULL,NULL,NULL,4,NULL,NULL,NULL,NULL,NULL,NULL,0),(333,'Heri ','heri.@gmail.com',NULL,NULL,'',NULL,'Desa Gunem, Kec. Gunem',NULL,'',NULL,'Rembang','1990-05-30','','L',4,NULL,NULL,NULL,NULL,NULL,NULL,0),(334,'Dewanto ','dewanto.@gmail.com',NULL,NULL,'',NULL,'Graha Permata Cibinong Blok B No. 10-11 Cikempong, Pakansari, Cibinong, Kab. Bogor, Jawa Barat',NULL,'Tegalrejo 7N ',NULL,'Yogyakarta','1990-06-16','081388585825','L',4,NULL,NULL,NULL,NULL,NULL,NULL,0),(335,'Mahardhika ','mahardhika.@gmail.com',NULL,NULL,'',NULL,'',NULL,'',NULL,'Boyolali','1990-08-17','','P',4,NULL,NULL,NULL,NULL,NULL,NULL,0),(336,'Septian ','septian.@gmail.com',NULL,NULL,'3471084409900002',NULL,'Jl. Minggiran no. 49B RT 55/15 Kelurahan Suryodiningratan, Kecamatan Mantrijeron, Yogyakarta',NULL,'Jl. Minggiran no. 49B RT 55/15 Kelurahan Suryodiningratan, Kecamatan Mantrijeron, Yogyakarta',NULL,'Yogyakarta','1990-09-04','085643772039','P',4,NULL,NULL,NULL,NULL,NULL,NULL,0),(337,'Dinni ','dinni.@gmail.com',NULL,NULL,'',NULL,'NIRWANA ESTATE BLOK II NO.15, CIBINONG, KAB. BOGOR. JAWA BARAT',NULL,'KOMPLEK MARGAHAYU RAYA BARAT BLOK G2 NO.31',NULL,'Bandung','1990-09-04','','P',4,NULL,NULL,NULL,NULL,NULL,NULL,0),(338,'Eko Keren','eko.@gmail.com',NULL,NULL,'152346',NULL,'Perum Bojong Depok Baru 2 Block Ch no 8','','Pules Lor Donokerto Turi Sleman Yogyakarta','','Metro','1990-09-19','','L',4,NULL,NULL,NULL,NULL,NULL,NULL,1),(339,'Sukma ','sukma.@gmail.com',NULL,NULL,'',NULL,'',NULL,'',NULL,'Magelang','1990-10-07','','P',4,NULL,NULL,NULL,NULL,NULL,NULL,0),(340,'Nadya ','nadya.@gmail.com',NULL,NULL,'',NULL,'',NULL,'',NULL,'Padang','1990-10-13','','P',4,NULL,NULL,NULL,NULL,NULL,NULL,0),(341,'Sartika ','sartika.@gmail.com',NULL,NULL,'',NULL,'Jalan Bangka 12A, Desa Baranang Siang, Bogor Timur',NULL,'',NULL,'Dairi','1990-10-15','','P',4,NULL,NULL,NULL,NULL,NULL,NULL,0),(342,'Randhi ','randhi.@gmail.com',NULL,NULL,'',NULL,'',NULL,'',NULL,'Payakumbuh','1990-10-20','','L',4,NULL,NULL,NULL,NULL,NULL,NULL,0),(343,'Ardiawan ','ardiawan.@gmail.com',NULL,NULL,'352608.051190.0002',NULL,'Desa Kedamean RT 3 RW 1, Kecamatan Kedamean, Kab. Gresik, Jawa Timur',NULL,'',NULL,'Gresik','1990-11-05','085655433183','L',4,NULL,NULL,NULL,NULL,NULL,NULL,0),(344,'Davin ','davin.@gmail.com',NULL,NULL,'',NULL,'',NULL,'',NULL,'Bandung','1990-12-02','','L',4,NULL,NULL,NULL,NULL,NULL,NULL,0),(346,'Maundri ','maundri.@gmail.com',NULL,NULL,'',NULL,'Jl. SPG 7 No. 54 RT 007/009 Kelurahan Lubang Buaya, Cipayung',NULL,'',NULL,'Jakarta','1990-12-04','','L',4,NULL,NULL,NULL,NULL,NULL,NULL,0),(347,'Amanah ','amanah.@gmail.com',NULL,NULL,'3304024912900001',NULL,'Jl. Raya 37/I RT 03/V Kel. Klampok,Kec. Purwareja Klampok, Banjarnegara',NULL,'',NULL,'Banjarnegara','1990-12-09','085743300080','P',4,NULL,NULL,NULL,NULL,NULL,NULL,0),(348,'Aldila ','aldila.@gmail.com',NULL,NULL,'',NULL,'',NULL,'',NULL,'Dumai','1990-12-14','','L',4,NULL,NULL,NULL,NULL,NULL,NULL,0),(349,'Fatichatus ','fatichatus.@gmail.com',NULL,NULL,'3572025412900002',NULL,'Bukit Cimanggu City S9A No. 8 Tanah Sareal Bogor',NULL,'Bukit Cimanggu City S9A No. 8 Tanah Sareal Bogor',NULL,'Semarang','1990-12-14','081231843194','P',4,NULL,NULL,NULL,NULL,NULL,NULL,0),(350,'Ririn ','ririn.@gmail.com',NULL,NULL,'',NULL,'Erfina Kencana Regency Cluster Baseball No. 9, Kecamatan Cibinong, Bogor',NULL,'Tiban Indah Blok Q No. 60, Kecamatan Sekupang, Batam',NULL,'Payakumbuh','1990-12-27','085364315003','P',4,NULL,NULL,NULL,NULL,NULL,NULL,0),(351,'Della ','della.@gmail.com',NULL,NULL,'',NULL,'',NULL,'',NULL,'Karanganyar','1991-01-17','','L',4,NULL,NULL,NULL,NULL,NULL,NULL,0),(352,'Nugroho ','nugroho.@gmail.com',NULL,NULL,'3311120602910001',NULL,'Graha Kartika Pratama, Blok D3 No.11, Bojongbaru, Bojong, Kabupaten Bogor, Jawa Barat',NULL,'Kuyudan',NULL,'Ngawi','1991-02-06','082221136993','L',4,NULL,NULL,NULL,NULL,NULL,NULL,0),(353,'Muhammad ','muhammad.@gmail.com',NULL,NULL,'',NULL,'',NULL,'',NULL,'Kudus','1991-02-17','','L',4,NULL,NULL,NULL,NULL,NULL,NULL,0),(354,'Rifqiya ','rifqiya.@gmail.com',NULL,NULL,'',NULL,'',NULL,'',NULL,'Semarang','1991-03-01','','P',4,NULL,NULL,NULL,NULL,NULL,NULL,0),(355,'Wahyudi ','wahyudi.@gmail.com',NULL,NULL,'3278011203910009',NULL,'Graha Kartika Pratama Blok B1.3 No. 17 RT 02 RW 14 Desa Bojong Baru Kecamatan Bojong Gede Kabupaten Bogor',NULL,'Jl. Dadaha Gg. Muarasari Belakang No. 36',NULL,'Tasikmalaya','1991-03-12','081222900045','L',4,NULL,NULL,NULL,NULL,NULL,NULL,0),(356,'Rakyan ','rakyan.@gmail.com',NULL,NULL,'',NULL,'',NULL,'',NULL,'Grobogan','1991-03-14','','L',4,NULL,NULL,NULL,NULL,NULL,NULL,0),(357,'Andhika ','andhika.@gmail.com',NULL,NULL,'3275111503910004',NULL,'Mutiara Gading Timur 2 Blok N3 No. 68 ',NULL,'Mutiara Gading Timur 2 Blok N3 No. 68 ',NULL,'Jakarta','1991-03-15','085692161664','L',4,NULL,NULL,NULL,NULL,NULL,NULL,0),(358,'Nur ','nur.@gmail.com',NULL,NULL,'',NULL,'',NULL,'',NULL,'Situbondo','1991-03-24','','L',4,NULL,NULL,NULL,NULL,NULL,NULL,0),(359,'Andriyana ','andriyana.@gmail.com',NULL,NULL,'3321110804910004',NULL,'Kp. Muara Beres',NULL,'Kp. Muara Beres',NULL,'Demak','1991-04-08','085727626529','L',4,NULL,NULL,NULL,NULL,NULL,NULL,0),(360,'Tika ','tika.@gmail.com',NULL,NULL,'',NULL,'',NULL,'',NULL,'Bandung','1991-04-10','','P',4,NULL,NULL,NULL,NULL,NULL,NULL,0),(361,'RR. ','rr..@gmail.com',NULL,NULL,'',NULL,'',NULL,'',NULL,'Kulon Progo','1991-05-28','','P',4,NULL,NULL,NULL,NULL,NULL,NULL,0),(362,'Isnaini ','isnaini.@gmail.com',NULL,NULL,'',NULL,'',NULL,'',NULL,'Klaten','1991-06-22','','P',4,NULL,NULL,NULL,NULL,NULL,NULL,0),(363,'Yulia ','yulia.@gmail.com',NULL,NULL,'',NULL,'',NULL,'',NULL,'Semarang','1991-07-07','','P',4,NULL,NULL,NULL,NULL,NULL,NULL,0),(364,'Yuli ','yuli.@gmail.com',NULL,NULL,'',NULL,'Puri Nirwana 1 Blok PP 24 Pabuaran, Cibinong',NULL,'Jalan Elo Jetis No. 42 RT/RW : 04/04, Kelurahan Kedung Sari, Magelang Utara ',NULL,'Magelang','1991-07-15','','P',4,NULL,NULL,NULL,NULL,NULL,NULL,0),(365,'Dwi ','dwi.@gmail.com',NULL,NULL,'',NULL,'',NULL,'',NULL,'Gunung Kidul','1991-07-23','','P',4,NULL,NULL,NULL,NULL,NULL,NULL,0),(366,'Rizki ','rizki.@gmail.com',NULL,NULL,'3275062507910017',NULL,'Jalan Sultan Agung Gang Abadi No. 37',NULL,'Jalan Sultan Agung Gang Abadi No. 37',NULL,'Bekasi','1991-07-25','085691079050','L',4,NULL,NULL,NULL,NULL,NULL,NULL,0),(367,'Rofiatul ','rofiatul.@gmail.com',NULL,NULL,'',NULL,'Komp. SMPN I Lalan Rt.13/01 Karang  Makmur, Musi Banyu Asin, Sumatera Selatan',NULL,'',NULL,'Ogan Komering Ilir','1991-07-26','','P',4,NULL,NULL,NULL,NULL,NULL,NULL,0),(368,'Annisa ','annisa.@gmail.com',NULL,NULL,'',NULL,'',NULL,'',NULL,'Kab. Garut','1991-07-31','','P',4,NULL,NULL,NULL,NULL,NULL,NULL,0),(369,'Elvira ','elvira.@gmail.com',NULL,NULL,'9271014608910004',NULL,'Jl. Sosial ',NULL,'',NULL,NULL,NULL,NULL,NULL,4,NULL,NULL,NULL,NULL,NULL,NULL,0),(370,'Anggi ','anggi.@gmail.com',NULL,NULL,'',NULL,'',NULL,'',NULL,'Wonogiri','1991-08-26','','P',4,NULL,NULL,NULL,NULL,NULL,NULL,0),(371,'Satrio ','satrio.@gmail.com',NULL,NULL,'',NULL,'',NULL,'',NULL,'Yogyakarta','1991-08-29','','L',4,NULL,NULL,NULL,NULL,NULL,NULL,0),(372,'Andri ','andri.@gmail.com',NULL,NULL,'',NULL,'',NULL,'',NULL,'Jambi','1991-09-08','','L',4,NULL,NULL,NULL,NULL,NULL,NULL,0),(374,'Nur ','nur.@gmail.com',NULL,NULL,'',NULL,'Jalan tanah merdeka 2a No.27',NULL,'',NULL,NULL,NULL,NULL,NULL,4,NULL,NULL,NULL,NULL,NULL,NULL,0),(377,'Erna ','erna.@gmail.com',NULL,NULL,'',NULL,'',NULL,'',NULL,'Boyolali','1991-10-01','','P',4,NULL,NULL,NULL,NULL,NULL,NULL,0),(378,'Risky ','risky.@gmail.com',NULL,NULL,'',NULL,'',NULL,'',NULL,'Cilacap','1991-10-02','','L',4,NULL,NULL,NULL,NULL,NULL,NULL,0),(379,'Jali ','jali.@gmail.com',NULL,NULL,'',NULL,'',NULL,'',NULL,'Palembang','1991-10-07','','L',4,NULL,NULL,NULL,NULL,NULL,NULL,0),(380,'Arum ','arum.@gmail.com',NULL,NULL,'',NULL,'',NULL,'',NULL,'Bontang','1991-11-18','','P',4,NULL,NULL,NULL,NULL,NULL,NULL,0),(381,'Ayu ','ayu.@gmail.com',NULL,NULL,'',NULL,'',NULL,'',NULL,'Sragen','1991-11-23','','P',4,NULL,NULL,NULL,NULL,NULL,NULL,0),(382,'Ismail ','ismail.@gmail.com',NULL,NULL,'',NULL,'',NULL,'',NULL,'Jakarta','1992-01-07','','L',4,NULL,NULL,NULL,NULL,NULL,NULL,0),(383,'Fahrul ','fahrul.@gmail.com',NULL,NULL,'',NULL,'',NULL,'',NULL,'Pati','1992-03-17','','L',4,NULL,NULL,NULL,NULL,NULL,NULL,0),(384,'Bagas ','bagas.@gmail.com',NULL,NULL,'',NULL,'',NULL,'',NULL,'Sukoharjo','1992-03-21','','L',4,NULL,NULL,NULL,NULL,NULL,NULL,0),(385,'Mukti ','mukti.@gmail.com',NULL,NULL,'3309055507929002',NULL,'Karang Duwet RT 03 RW 19, Winong, Boyolali',NULL,'',NULL,'Boyolali','1992-07-15','085727718751','P',4,NULL,NULL,NULL,NULL,NULL,NULL,0),(386,'Yogyrema ','yogyrema.@gmail.com',NULL,NULL,'',NULL,'',NULL,'',NULL,'Malang','1992-08-29','','L',4,NULL,NULL,NULL,NULL,NULL,NULL,0),(387,'Yunanta ','yunanta.@gmail.com',NULL,NULL,'',NULL,'Puri Nirwana 1 Blok RR No.2',NULL,'Jalan Raya Kudus - Pati KM 1',NULL,'Pati','1992-09-05','085747224226','L',4,NULL,NULL,NULL,NULL,NULL,NULL,0),(388,'Renita ','renita.@gmail.com',NULL,NULL,'',NULL,'',NULL,'',NULL,'Jakarta','1993-01-10','','P',4,NULL,NULL,NULL,NULL,NULL,NULL,0),(389,'Amri ','amri.@gmail.com',NULL,NULL,'',NULL,'',NULL,'',NULL,'Pakpak Bharat','1993-03-24','','L',4,NULL,NULL,NULL,NULL,NULL,NULL,0),(391,'Hardjito ','hardjito.@gmail.com',NULL,NULL,'',NULL,'Jl. Sengon RT.09/03',NULL,'',NULL,'','1955-06-06','0812 9266485','L',4,NULL,NULL,NULL,NULL,NULL,NULL,0),(392,'Sus ','sus.@gmail.com',NULL,NULL,'32 0101 0706 5500 01',NULL,'Komp. BAKOSURTANAL, Jl. Golf RT.03/05 No. 31',NULL,'',NULL,'sby','1955-06-07','081353703350, 081658','L',4,NULL,NULL,NULL,NULL,NULL,NULL,0),(393,'Bambang ','bambang.@gmail.com',NULL,NULL,'',NULL,'Jl. Banda RT.02/07',NULL,'',NULL,'','1955-06-09','0816 1303148','L',4,NULL,NULL,NULL,NULL,NULL,NULL,0),(394,'Suhaini','suhaini@gmail.com',NULL,NULL,'09.5304.5206550449',NULL,'Jl. Siaga II/c No.46',NULL,'',NULL,'','1955-06-12','081310894671','P',4,NULL,NULL,NULL,NULL,NULL,NULL,0),(395,'M ','m.@gmail.com',NULL,NULL,'',NULL,'Jl. Salak No. 39 RT.001/012',NULL,'',NULL,'','1955-07-02','0812 8858214','L',4,NULL,NULL,NULL,NULL,NULL,NULL,0),(396,'Oscar ','oscar.@gmail.com',NULL,NULL,'',NULL,'Kampung Sampora Rt.01/04',NULL,'',NULL,'','1955-07-11','','L',4,NULL,NULL,NULL,NULL,NULL,NULL,0),(397,'Mardijani ','mardijani.@gmail.com',NULL,NULL,'327106.610755.0001',NULL,'Jl. Sengon Blok 03',NULL,'',NULL,'','1955-07-21','0812 9266485','P',4,NULL,NULL,NULL,NULL,NULL,NULL,0),(399,'Yudi ','yudi.@gmail.com',NULL,NULL,'32.7106.010855.0001',NULL,'Jl. Puspa M.2 Budi Agung',NULL,'',NULL,'','1955-08-01','0818 953752','L',4,NULL,NULL,NULL,NULL,NULL,NULL,0),(400,'Sutrisno ','sutrisno.@gmail.com',NULL,NULL,'32.03.17.120855.06132',NULL,'Komplek Bakosurtanal Cikaret Jl. Cikaret ',NULL,'',NULL,'','1955-08-12','081310400440','L',4,NULL,NULL,NULL,NULL,NULL,NULL,0),(401,'Widodo ','widodo.@gmail.com',NULL,NULL,'',NULL,'Perum Pondok Aren, Jl. Bintan No.331 RT.09/07',NULL,'',NULL,'','1955-08-14','0813 19378564','L',4,NULL,NULL,NULL,NULL,NULL,NULL,0),(402,'Tri ','tri.@gmail.com',NULL,NULL,'',NULL,'Jl. Mayangsari II D-18 RT.013/015',NULL,'',NULL,'','1955-08-31','0812 9707900','L',4,NULL,NULL,NULL,NULL,NULL,NULL,0),(403,'Nur ','nur.@gmail.com',NULL,NULL,'32.03.07.15095501059',NULL,'.Kp. Sinaqr Mulya',NULL,'',NULL,'','1955-09-15','085641554846','L',4,NULL,NULL,NULL,NULL,NULL,NULL,0),(404,'R ','r.@gmail.com',NULL,NULL,'32.010122510550005',NULL,'Jl. Sainan Aji  Cikaret',NULL,'',NULL,'','1955-10-25','081353703380','L',4,NULL,NULL,NULL,NULL,NULL,NULL,0),(405,'Diah ','diah.@gmail.com',NULL,NULL,'32.7106.491156.0006',NULL,'Jl Puspa M2 Budi Agung',NULL,'',NULL,'','1955-11-09','0818750182','P',4,NULL,NULL,NULL,NULL,NULL,NULL,0),(406,'Bambang ','bambang.@gmail.com',NULL,NULL,'',NULL,'Jl. Cempaka Putih Barat XI Rt.2/8 Gg. 2/5',NULL,'',NULL,'','1955-11-14','08161139920','L',4,NULL,NULL,NULL,NULL,NULL,NULL,0),(407,'Hasril ','hasril.@gmail.com',NULL,NULL,'3276051511550003',NULL,'Jl. Danau Maninjau Raya No 235 ',NULL,'',NULL,'','1955-11-15','0813 14284414','L',4,NULL,NULL,NULL,NULL,NULL,NULL,0),(408,'Nana ','nana.@gmail.com',NULL,NULL,'32.03.17.1003/669/...',NULL,'Kp.Blok R RT.02/02',NULL,'',NULL,'','1955-11-20','087870725909','L',4,NULL,NULL,NULL,NULL,NULL,NULL,0),(409,'Sijam','sijam@gmail.com',NULL,NULL,'32.03.17.271155.04990',NULL,'Komp. BAKOSURTANAL, Jl.Golf ',NULL,'',NULL,'','1955-11-27','0812 1000690','L',4,NULL,NULL,NULL,NULL,NULL,NULL,0),(410,'Sunaryo','sunaryo@gmail.com',NULL,NULL,'09.5002.281155.0428',NULL,'Cempaka Baru Rt.03/10 No.06',NULL,'',NULL,'','1955-11-28','081381134355','L',4,NULL,NULL,NULL,NULL,NULL,NULL,0),(411,'Sutini','sutini@gmail.com',NULL,NULL,'',NULL,'Kompl. Bakosurtanal Cikaret D13 RT.06/11',NULL,'',NULL,'','1955-12-01','081311412249','P',4,NULL,NULL,NULL,NULL,NULL,NULL,0),(412,'Saih ','saih.@gmail.com',NULL,NULL,'3201010801560004',NULL,'Jl. Kesadaran Kp Cikempong ',NULL,'',NULL,'','1956-01-08','087880606346','L',4,NULL,NULL,NULL,NULL,NULL,NULL,0),(413,'Ronny ','ronny.@gmail.com',NULL,NULL,'',NULL,'Jl. Danau Tondano VII/149 ',NULL,'',NULL,'','1956-01-26','','L',4,NULL,NULL,NULL,NULL,NULL,NULL,0),(414,'Junaidi ','junaidi.@gmail.com',NULL,NULL,'',NULL,'Perum. Pondok Aren Jl. Bangka No.82 RT.03/07',NULL,'',NULL,'','1956-02-09','08179119162','L',4,NULL,NULL,NULL,NULL,NULL,NULL,0),(415,'Kosasih','kosasih@gmail.com',NULL,NULL,'32.03.17.1007...',NULL,'Gg. Ampel Pabuaran ',NULL,'',NULL,'','1956-03-03','081284333566','L',4,NULL,NULL,NULL,NULL,NULL,NULL,0),(416,'Achmad ','achmad.@gmail.com',NULL,NULL,'3201011403560001',NULL,'Kp. Buni Sari ',NULL,'',NULL,'','1956-03-14','081380317849','L',4,NULL,NULL,NULL,NULL,NULL,NULL,0),(417,'Rully ','rully.@gmail.com',NULL,NULL,'32.7106.140356.0002',NULL,'Jl. Nusa Indah 4 No.2 RT.001/009 Taman Cimanggu',NULL,'',NULL,'','1956-03-14','08121113869','L',4,NULL,NULL,NULL,NULL,NULL,NULL,0),(418,'Wahyudi','wahyudi@gmail.com',NULL,NULL,'',NULL,'Puri Nirwana I Blok 026',NULL,'',NULL,'','1956-03-15','','L',4,NULL,NULL,NULL,NULL,NULL,NULL,0),(419,'Marti ','marti.@gmail.com',NULL,NULL,'3275026303560020',NULL,'Perumahan Bahagia Permai Jl.Permai Raya BI/42 ',NULL,'',NULL,'','1956-03-23','085883563437','P',4,NULL,NULL,NULL,NULL,NULL,NULL,0),(420,'Budi ','budi.@gmail.com',NULL,NULL,'',NULL,'Komp. BAKOSURTANAL No. 63',NULL,'',NULL,'','1959-10-28','','L',4,NULL,NULL,NULL,NULL,NULL,NULL,0),(421,'Djudju ','djudju.@gmail.com',NULL,NULL,'3201010811590009',NULL,'Jl. Kalasan VIII ',NULL,'',NULL,'Jakarta','1959-11-08','0852 16718916','L',4,NULL,NULL,NULL,NULL,NULL,NULL,0),(422,'Sudirman','sudirman@gmail.com',NULL,NULL,'3216061011590001',NULL,'Delima II Btn Jati Mulya  No.131 Blok D',NULL,'',NULL,'','1959-11-10','081808240648','L',4,NULL,NULL,NULL,NULL,NULL,NULL,0),(423,'Soma ','soma.@gmail.com',NULL,NULL,'32.7105.15.1159.0003',NULL,'Vila Bogor Indah Blok D3 No. 5',NULL,'Vila Bogor Indah Blok D3 No. 5',NULL,'','1959-11-15','0817173832; 08122887','L',4,NULL,NULL,NULL,NULL,NULL,NULL,0),(424,'Novianto','novianto@gmail.com',NULL,NULL,'3201012611590001',NULL,'Jl. Bromo Blok SS 5 Nirwana Estate ','','Nirwana Estate Blok SS No. 5','','Yogyakarta','1959-11-18','081319690608','L',4,NULL,NULL,NULL,NULL,NULL,NULL,1),(425,'Ida ','ida.@gmail.com',NULL,NULL,'3276024212590007',NULL,'Jl. Bulak Permai I Blok M/4  Cimanggis',NULL,'',NULL,'Yogyakarta','1959-12-02','0816632900','P',4,NULL,NULL,NULL,NULL,NULL,NULL,0),(426,'Mulyata','mulyata@gmail.com',NULL,NULL,'',NULL,'Pabuaran, Kebon Kopi RT.01/10',NULL,'',NULL,'semarang','1959-12-12','','L',4,NULL,NULL,NULL,NULL,NULL,NULL,0),(427,'Muhidin','muhidin@gmail.com',NULL,NULL,'32.03.17.170160.10311',NULL,'Jalan Kebon Kopi No.17 ',NULL,'Jalan Kebon Kopi No.17 ',NULL,'','1960-01-17','081385944438','L',4,NULL,NULL,NULL,NULL,NULL,NULL,0),(428,'Sumaryanti','sumaryanti@gmail.com',NULL,NULL,'3201015602600005',NULL,'Perum Dian Asri 2 Blok A 4 No. 07 Pabuaran Cibinong',NULL,'Perum Dian Asri 2 Blok A 4 No. 07 Pabuaran Cibinong',NULL,'Ngaglik','1960-02-16','085710138700','P',4,NULL,NULL,NULL,NULL,NULL,NULL,0),(429,'Subroto ','subroto.@gmail.com',NULL,NULL,'3201011003600007',NULL,'Kp. Pos ',NULL,'',NULL,'Jogjakarta','1960-03-10','081318582640','L',4,NULL,NULL,NULL,NULL,NULL,NULL,0),(430,'Henny ','henny.@gmail.com',NULL,NULL,'3276024604600004',NULL,'Jl.Kenari I A, Blok k I/18 ',NULL,'',NULL,'cianjur','1960-04-06','021-8740619','P',4,NULL,NULL,NULL,NULL,NULL,NULL,0),(431,'Subandini ','subandini.@gmail.com',NULL,NULL,'32.75125004600003',NULL,'Kp.Rawabacang Jl. Bakti I ',NULL,'',NULL,'bandung','1960-04-10','08119104851','P',4,NULL,NULL,NULL,NULL,NULL,NULL,0),(432,'Ondi','ondi@gmail.com',NULL,NULL,'3603251.207.59.0001',NULL,'Sibar Pamulang Barat ',NULL,'',NULL,'jakarta','1960-04-25','085218940885','L',4,NULL,NULL,NULL,NULL,NULL,NULL,0),(434,'Badri','badri@gmail.com',NULL,NULL,'3372010505600008',NULL,'Jl. Kemuning',NULL,'',NULL,'Kebumen','1960-05-05','081310244741','L',4,NULL,NULL,NULL,NULL,NULL,NULL,0),(435,'R ','r.@gmail.com',NULL,NULL,'32.01011005600009',NULL,'Kamp.Jembatan Dua  Karang Asem Barat',NULL,'',NULL,'jakarta','1960-05-10','08129719533','L',4,NULL,NULL,NULL,NULL,NULL,NULL,0),(436,'Kusumo ','kusumo.@gmail.com',NULL,NULL,'3276022005600001',NULL,'Komp.Deppen, Jl. Anggrek Blok G No.15 ',NULL,'',NULL,'','1960-05-20','081318526260','L',4,NULL,NULL,NULL,NULL,NULL,NULL,0),(437,'Sikin','sikin@gmail.com',NULL,NULL,'3201011206600013',NULL,'Jl. Golf Kp. Citatah Dalam ',NULL,'',NULL,'kebumen','1960-06-12','081399732603','L',4,NULL,NULL,NULL,NULL,NULL,NULL,0),(438,'Gindo ','gindo.@gmail.com',NULL,NULL,'3175071306600005',NULL,'Jln. Betung 4/108 Kav. Pondok Bambu',NULL,'',NULL,'Semarang','1960-06-13','081317206088','L',4,NULL,NULL,NULL,NULL,NULL,NULL,0),(439,'Anas ','anas.@gmail.com',NULL,NULL,'1050111906605001',NULL,'Jl. Mutiara I No.7',NULL,'',NULL,'Bandung','1960-06-19','08164865137','L',4,NULL,NULL,NULL,NULL,NULL,NULL,0),(440,'Neneng ','neneng.@gmail.com',NULL,NULL,'3271056306600001',NULL,'Kp. Cibuluh no.14',NULL,'Kp. Cibuluh No. 14 Cibuluh Bogor Utara',NULL,'Bogor','1960-06-23','081210326055','P',4,NULL,NULL,NULL,NULL,NULL,NULL,0),(441,'Wiwin ','wiwin.@gmail.com',NULL,NULL,'3201056906600001',NULL,'Jl.Pajaran No. 133Golf Medi I sentul city',NULL,'',NULL,'Jakarta','1960-06-29','081283541494','P',4,NULL,NULL,NULL,NULL,NULL,NULL,0),(442,'Puji ','puji.@gmail.com',NULL,NULL,'32.7105.020760.0003',NULL,'Jl. Flores, No. 267 Pondok Aren',NULL,'',NULL,'purbalingga','1960-07-02','0813 10237130','L',4,NULL,NULL,NULL,NULL,NULL,NULL,0),(444,'Kiryadi','kiryadi@gmail.com',NULL,NULL,'320.1011.5076.000.58',NULL,'lingkungan 02 citatah dalam Ciriung Cibinong',NULL,'lingkungan 02 citatah dalam Ciriung Cibinong',NULL,'Bogor','1960-07-15','08567290731','L',4,NULL,NULL,NULL,NULL,NULL,NULL,0),(445,'Budi ','budi.@gmail.com',NULL,NULL,'',NULL,'Curug RT.01/01',NULL,'Curug , RT.01 / RW.01',NULL,'sidoharjo','1960-08-17','0812 9005490','L',4,NULL,NULL,NULL,NULL,NULL,NULL,0),(446,'Kornelius ','kornelius.@gmail.com',NULL,NULL,'32.01011708600018',NULL,'Nanggewer Indah ',NULL,'',NULL,'Tapanuli Utara','1960-08-17','081280636540','L',4,NULL,NULL,NULL,NULL,NULL,NULL,0),(447,'Iswandi ','iswandi.@gmail.com',NULL,NULL,'32031717126208072',NULL,'Jl. Mawar I VBI/7',NULL,'',NULL,'Jogjakarta','1962-12-17','082124421219','L',4,NULL,NULL,NULL,NULL,NULL,NULL,0),(448,'Eri ','eri.@gmail.com',NULL,NULL,'3201011812620001',NULL,'Perum Pemda BCE Sukahati Blok E2 No. 6 ',NULL,'',NULL,'Bandung','1962-12-18','081310613967','L',4,NULL,NULL,NULL,NULL,NULL,NULL,0),(449,'Parluhutan ','parluhutan.@gmail.com',NULL,NULL,'',NULL,'Griya Depok Asri B6 No. 20',NULL,'',NULL,'???','1963-01-01','0815 10002628','L',4,NULL,NULL,NULL,NULL,NULL,NULL,0),(450,'Malikhatun','malikhatun@gmail.com',NULL,NULL,'3201014301630010',NULL,'Jl KH Toha 13, Cikaret',NULL,'',NULL,'','1963-01-03','0812 9604117','P',4,NULL,NULL,NULL,NULL,NULL,NULL,0),(451,'Reny ','reny.@gmail.com',NULL,NULL,'3201014901630006',NULL,'Puri Nirwana I Blok QQ 17',NULL,'',NULL,'Jakarta','1963-01-09','081510322409','P',4,NULL,NULL,NULL,NULL,NULL,NULL,0),(452,'R ','r.@gmail.com',NULL,NULL,'',NULL,'Jl. Culan I/23 RT.04/08',NULL,'',NULL,'Bandung','1963-01-11','08159579447','L',4,NULL,NULL,NULL,NULL,NULL,NULL,0),(453,'Titin ','titin.@gmail.com',NULL,NULL,'3171055402630002',NULL,'Jl. Cempaka Putih Barat XIX/15 A',NULL,'',NULL,'jakarta','1963-02-14','0812 9505766','P',4,NULL,NULL,NULL,NULL,NULL,NULL,0),(454,'Didik ','didik.@gmail.com',NULL,NULL,'',NULL,'Perumnas Bantarjati Jl Lincar I No.10/B RT.05/10',NULL,'',NULL,'Pangkal Pinang','1963-03-04','0816 1353456','L',4,NULL,NULL,NULL,NULL,NULL,NULL,0),(455,'Hariana ','hariana.@gmail.com',NULL,NULL,'',NULL,'Jl. Cikaret, Gg. Sukamanah II RT.02/10',NULL,'',NULL,'Pontianak','1963-03-16','0815 46537172','L',4,NULL,NULL,NULL,NULL,NULL,NULL,0),(456,'Joni ','joni.@gmail.com',NULL,NULL,'32.7101.260.463.0002',NULL,'Komp. ABRI Sukasari No. 1 ',NULL,'',NULL,'Bukit Tinggi','1963-04-26','0812 8027734','L',4,NULL,NULL,NULL,NULL,NULL,NULL,0),(457,'Abdul ','abdul.@gmail.com',NULL,NULL,'3201010205630006',NULL,'Jl. Ciliwung IX Perum BCE blok B11 No.6',NULL,'Jl. Ciliwung IX Perum BCE blok B11 No.6',NULL,'majalengka','1963-05-02','081519613140','L',4,NULL,NULL,NULL,NULL,NULL,NULL,0),(458,'Jaka ','jaka.@gmail.com',NULL,NULL,'09.5406.280563.0347',NULL,'Caraka Buana II ',NULL,'',NULL,'Gatah','1963-05-28','081314995579','L',4,NULL,NULL,NULL,NULL,NULL,NULL,0),(459,'Muhtadi ','muhtadi.@gmail.com',NULL,NULL,'327010506630019',NULL,'Bella Casa Residence Blok E.1 No.9',NULL,'Bella Casa Residence Blok E.1 No.9',NULL,'Yogyakarta','1963-06-05','0812 9576408','L',4,NULL,NULL,NULL,NULL,NULL,NULL,0),(460,'Sulastri','sulastri@gmail.com',NULL,NULL,'3201015306630001',NULL,'Komp. Bakosurtanal Cikaret Blok D no.27 Kel. Pabuaran Kec. Cibinong Kab. Bogor',NULL,'Komp. Bakosurtanal Cikaret Blok D no.27 Kel. Pabuaran Kec. Cibinong Kab. Bogor',NULL,'','1963-06-13','0812 8637090','P',4,NULL,NULL,NULL,NULL,NULL,NULL,0),(461,'Joni ','joni.@gmail.com',NULL,NULL,'',NULL,'',NULL,'',NULL,'?','1963-06-16','','L',4,NULL,NULL,NULL,NULL,NULL,NULL,0),(462,'Jaya ','jaya.@gmail.com',NULL,NULL,'',NULL,'',NULL,'',NULL,'-','1963-07-03','','L',4,NULL,NULL,NULL,NULL,NULL,NULL,0),(463,'Aswelly','aswelly@gmail.com',NULL,NULL,'32.7105.520.763.0004',NULL,'Perum. Pondok Aren Jl. Aru  Blok B V, No.255',NULL,'Idem',NULL,'Padang','1963-07-12','082113133174','P',4,NULL,NULL,NULL,NULL,NULL,NULL,0),(464,'Marsono ','marsono.@gmail.com',NULL,NULL,'3201131607630008',NULL,'Perum Citayam Sejahtera Blok D/19 RT.01/08 Desa Bojong Baru, Kecamatan Bojong Gede, Bogor',NULL,'Perum Citayam Sejahtera Blok D/19 RT.01/08 Desa Bojong Baru, Kecamatan Bojong Gede, Bogor',NULL,'Yogyakarta','1963-07-16','0813 10071632','L',4,NULL,NULL,NULL,NULL,NULL,NULL,0),(465,'Sangat','sangat@gmail.com',NULL,NULL,'32.03.17.200763.03183',NULL,'Jl. KH.Toha  Pakansari',NULL,'',NULL,'Yogyakarta','1963-07-20','08161333527','L',4,NULL,NULL,NULL,NULL,NULL,NULL,0),(466,'Baban ','baban.@gmail.com',NULL,NULL,'3201010108630006',NULL,'Jl. Mangga Nanggewer Mekar  Cibinong',NULL,'',NULL,'Bogor','1963-08-01','081316620713','L',4,NULL,NULL,NULL,NULL,NULL,NULL,0),(468,'Ami ','ami.@gmail.com',NULL,NULL,'3201294909630006',NULL,'Jl.Masjid Kampungkandang',NULL,'',NULL,NULL,NULL,NULL,NULL,4,NULL,NULL,NULL,NULL,NULL,NULL,0),(469,'Abd. ','abd..@gmail.com',NULL,NULL,'',NULL,'Jl. Ciliwung 4 RT.04/11',NULL,'',NULL,'Padang','1963-09-15','081317216655','L',4,NULL,NULL,NULL,NULL,NULL,NULL,0),(470,'S. ','s..@gmail.com',NULL,NULL,'3201015609630006',NULL,'Perum Dian Asri Jl. Manggis Blok D VII/9',NULL,'',NULL,'','1963-09-16','0812 9478753','P',4,NULL,NULL,NULL,NULL,NULL,NULL,0),(471,'Edi ','edi.@gmail.com',NULL,NULL,'32031717096307451',NULL,'Cikaret',NULL,'',NULL,'','1963-09-17','08128778340','L',4,NULL,NULL,NULL,NULL,NULL,NULL,0),(472,'Darimin','darimin@gmail.com',NULL,NULL,'321010310630005',NULL,'Jl. Golf  Ciriung Cibinong Bogor',NULL,'',NULL,'Kebumen','1963-10-03','081318602604','L',4,NULL,NULL,NULL,NULL,NULL,NULL,0),(473,'Rafialti','rafialti@gmail.com',NULL,NULL,'3201015202650010',NULL,'Pondok Karadenan Asri2 Blok E',NULL,'',NULL,'Jakarta','1965-02-12','08176815686','P',4,NULL,NULL,NULL,NULL,NULL,NULL,0),(474,'Solikah','solikah@gmail.com',NULL,NULL,'10.5106.650.265.0001',NULL,'Jl. Suren Blok H4 ',NULL,'',NULL,'Magelang','1965-02-25','08129683086','P',4,NULL,NULL,NULL,NULL,NULL,NULL,0),(476,'Donny ','donny.@gmail.com',NULL,NULL,'',NULL,'Sektor I-5/F2-17, BSD',NULL,'',NULL,'semarang','1965-03-28','','L',4,NULL,NULL,NULL,NULL,NULL,NULL,0),(477,'Mahatmi','mahatmi@gmail.com',NULL,NULL,'3201290204650006',NULL,'Jl. Rajawali VI Blok 01/20, Kelurahan Ciomas Rahayu, Kecamatan Ciomas, Kab. BOGOR, PROV JAWA BARAT',NULL,'Jl. Rajawali VI Blok 01/20, Kelurahan Ciomas Rahayu, Kecamatan Ciomas, Kab. BOGOR, PROV JAWA BARAT',NULL,'Kab. Aceh Tenggara','1965-04-02','081380848573','L',4,NULL,NULL,NULL,NULL,NULL,NULL,0),(478,'Supriati','supriati@gmail.com',NULL,NULL,'32.7105.590465.0004',NULL,'BTN Tanah Baru Blok G5 No.3 ',NULL,'BTN Tanah Baru Blok G5/3',NULL,'Bogor','1965-04-19','08129838085','P',4,NULL,NULL,NULL,NULL,NULL,NULL,0),(479,'Joko ','joko.@gmail.com',NULL,NULL,'09.5310.2504650216',NULL,'Jl. Pondok Baru IV  No.11',NULL,'',NULL,'Jakarta','1965-04-25','08128356424','L',4,NULL,NULL,NULL,NULL,NULL,NULL,0),(480,'Wartiwi','wartiwi@gmail.com',NULL,NULL,'09.5406.690465.0222',NULL,'Gg. Syawal No.23',NULL,'',NULL,'Surabaya','1965-04-29','08129463938','P',4,NULL,NULL,NULL,NULL,NULL,NULL,0),(481,'Abu','abu@gmail.com',NULL,NULL,'3201012405650003',NULL,'Jl. H.M. Ashori Kp. Cibinong ',NULL,'',NULL,'Cibinong','1965-05-24','081870204358','L',4,NULL,NULL,NULL,NULL,NULL,NULL,0),(482,'Nurul ','nurul.@gmail.com',NULL,NULL,'32.7105.420665.0003',NULL,'Taman Kenari A3/3A',NULL,'Taman Kenari A3/3A',NULL,'xxx','1965-06-02','081519395500','P',4,NULL,NULL,NULL,NULL,NULL,NULL,0),(483,'Marwan','marwan@gmail.com',NULL,NULL,'3201010706650020',NULL,'Jl. Raya Cikaret ',NULL,'',NULL,'Bogor','1965-06-07','087770392251','L',4,NULL,NULL,NULL,NULL,NULL,NULL,0),(484,'Sagiman','sagiman@gmail.com',NULL,NULL,'3201012707650010',NULL,'Curug Raya  No.61',NULL,'',NULL,'','1965-07-27','085885226074','L',4,NULL,NULL,NULL,NULL,NULL,NULL,0),(485,'Supargiyono','supargiyono@gmail.com',NULL,NULL,'3201010708650012',NULL,'Podok Widyatama Indah Blok H 02',NULL,'',NULL,'Purwarejo','1965-08-07','','L',4,NULL,NULL,NULL,NULL,NULL,NULL,0),(487,'Yusup ','yusup.@gmail.com',NULL,NULL,'',NULL,'Jl. Raya Karanggan Muda RT.04/05 No. 21 Gunung Puteri Bogor',NULL,'Jl. Raya Karanggan Muda RT.04/05 No. 21 Gunung Puteri Bogor',NULL,'Indramayu','1965-09-18','','L',4,NULL,NULL,NULL,NULL,NULL,NULL,0),(488,'Wahyu ','wahyu.@gmail.com',NULL,NULL,'',NULL,'Komplek BAKOSURTANAL No. C 6 ',NULL,'Komplek BAKOSURTANAL No.6,  ',NULL,'bantul','1965-09-19','08129674038','P',4,NULL,NULL,NULL,NULL,NULL,NULL,0),(489,'Misa ','misa.@gmail.com',NULL,NULL,'3201042309650004',NULL,'Perum Mega Sentul ',NULL,'',NULL,NULL,NULL,NULL,NULL,4,NULL,NULL,NULL,NULL,NULL,NULL,0),(490,'Sumarni','sumarni@gmail.com',NULL,NULL,'',NULL,'Kampung Cikaret Al-Falah RT.05/04',NULL,'',NULL,'jakarta','1965-10-01','','L',4,NULL,NULL,NULL,NULL,NULL,NULL,0),(491,'Bambang ','bambang.@gmail.com',NULL,NULL,'3201010510650012',NULL,'Nirwana Estate Blok S37 Cibinong',NULL,'',NULL,'','1965-10-05','08566001075','L',4,NULL,NULL,NULL,NULL,NULL,NULL,0),(492,'Puji ','puji.@gmail.com',NULL,NULL,'',NULL,'BTN, Bogor Asri',NULL,'',NULL,'Dawuhan','1965-10-13','08129016457','P',4,NULL,NULL,NULL,NULL,NULL,NULL,0),(493,'Medial','medial@gmail.com',NULL,NULL,'3175032910650002',NULL,'Kp Padurenan Rt.004/Rw.06, Kelurahan Pabuaran, Kec Cibinong',NULL,'Jl Panti Asuhan AA/6-5',NULL,'Lampung','1965-10-29','081317961758','L',4,NULL,NULL,NULL,NULL,NULL,NULL,0),(495,'Rd. ','rd..@gmail.com',NULL,NULL,'32.03.09.111265.14919',NULL,'Jl. Raya Jakarta Bogor KM.50 ',NULL,'',NULL,'Cianjur','1965-12-11','0817 101658','L',4,NULL,NULL,NULL,NULL,NULL,NULL,0),(496,'Tato Setiwan','tato.setiwan@gmail.com',NULL,NULL,'32.03.26.201265.02800',NULL,'Jl. Demak I No.4 Puri Bojong Lestari ',NULL,'',NULL,'Sleman','1965-12-20','081584121020','L',4,NULL,NULL,NULL,NULL,NULL,NULL,0),(498,'Herisnanto','herisnanto@gmail.com',NULL,NULL,'3201010501660012',NULL,'Jl. M. Toha No.20',NULL,'',NULL,'Brebes','1966-01-06','085642223205','L',4,NULL,NULL,NULL,NULL,NULL,NULL,0),(499,'Endang ','endang.@gmail.com',NULL,NULL,'32.03.17.580266.03105',NULL,'Jl. Golf No. 17',NULL,'',NULL,'bogor','1966-02-18','081318359169','P',4,NULL,NULL,NULL,NULL,NULL,NULL,0),(500,'Mugiono','mugiono@gmail.com',NULL,NULL,'3201012302660003',NULL,'Komplek PALAD  No 12A',NULL,'',NULL,'Batang','1966-02-23','081808770339','L',4,NULL,NULL,NULL,NULL,NULL,NULL,0),(501,'Tatang ','tatang.@gmail.com',NULL,NULL,'32.760.52310630001',NULL,'Jl. Danau Tambora I No. 305',NULL,'Jl.Danau Tambora I No.305',NULL,'Bandung','1963-10-23','081386616811','L',4,NULL,NULL,NULL,NULL,NULL,NULL,0),(503,'Doris ','doris.@gmail.com',NULL,NULL,'',NULL,'Komp. PLN C/71 RT.005/014',NULL,'',NULL,'','1963-11-30','','L',4,NULL,NULL,NULL,NULL,NULL,NULL,0),(504,'Rawat','rawat@gmail.com',NULL,NULL,'3201134612630001',NULL,'Kampung PanjangNo 7',NULL,'',NULL,'Ngoreyan','1963-12-06','91268673','P',4,NULL,NULL,NULL,NULL,NULL,NULL,0),(505,'Mhd. ','mhd..@gmail.com',NULL,NULL,'32.7105.161263.0002',NULL,'Btn Tanah Baru Blok B No. 16',NULL,'',NULL,'???','1963-12-16','08129673265','L',4,NULL,NULL,NULL,NULL,NULL,NULL,0),(506,'Hero ','hero.@gmail.com',NULL,NULL,'3201011612630006',NULL,'Perum Puri Nirwana 2 BB 01 Jl. Manggis I ',NULL,'',NULL,'Palembang','1963-12-16','08121388456','L',4,NULL,NULL,NULL,NULL,NULL,NULL,0),(507,'Jawawi','jawawi@gmail.com',NULL,NULL,'',NULL,'Jl. Cikaret GG. H Saiyan RT.06/11',NULL,'Jl. Cikaret GG. H Saiyan RT.06/11',NULL,'','1964-02-20','','L',4,NULL,NULL,NULL,NULL,NULL,NULL,0),(508,'Ari ','ari.@gmail.com',NULL,NULL,'09.5306.630264.0140',NULL,'Jl. Anggur II No. 33 ',NULL,'',NULL,'Purwokerto','1964-02-23','0813 85359191','P',4,NULL,NULL,NULL,NULL,NULL,NULL,0),(510,'Eti ','eti.@gmail.com',NULL,NULL,'',NULL,'Jl. Duta Pelangi No.10 Duta Kencana II RT.05/11',NULL,'',NULL,'Bandung','1964-03-24','0816704630','P',4,NULL,NULL,NULL,NULL,NULL,NULL,0),(511,'Kasdi ','kasdi.@gmail.com',NULL,NULL,'',NULL,'Jl. H. Toha RT.04/03 Pakansari Cibinong',NULL,'',NULL,'Manyaran','1964-04-18','','L',4,NULL,NULL,NULL,NULL,NULL,NULL,0),(512,'Yosef ','yosef.@gmail.com',NULL,NULL,'32.03.26.190464.15304',NULL,'Puri Bojong Lestari G 9',NULL,'',NULL,'','1964-04-19','08125477654','L',4,NULL,NULL,NULL,NULL,NULL,NULL,0),(513,'Priyadi ','priyadi.@gmail.com',NULL,NULL,'3201012905640006',NULL,'Komp. Dit Bekang No.28 ',NULL,'',NULL,'','1964-05-29','0812 1877155','L',4,NULL,NULL,NULL,NULL,NULL,NULL,0),(514,'Yudi ','yudi.@gmail.com',NULL,NULL,'',NULL,'Jl. Lele Raya No.3 RT. 10/06',NULL,'',NULL,'Jakarta','1964-06-06','0811113608','L',4,NULL,NULL,NULL,NULL,NULL,NULL,0),(515,'Kusgianto','kusgianto@gmail.com',NULL,NULL,'32.7103.120664.0003',NULL,'Jl. Ardio Ciwaringin Tanah Sewa ',NULL,'',NULL,'Bogor','1964-06-12','081381068199','L',4,NULL,NULL,NULL,NULL,NULL,NULL,0),(516,'Yuni ','yuni.@gmail.com',NULL,NULL,'3275052106640010',NULL,'Jl. Azalia ',NULL,'',NULL,'Yogyakarta','1974-06-21','08129913267','L',4,NULL,NULL,NULL,NULL,NULL,NULL,0),(517,'Cecep ','cecep.@gmail.com',NULL,NULL,'32.03.17.130764.00174',NULL,'Blok Ringkem Rt 02 Rw 02 Kel. Cibinong ',NULL,'Blok Ringkem Rt 02 Rw 02 Kel. Cibinong',NULL,'','1964-07-13','0812 9461154','L',4,NULL,NULL,NULL,NULL,NULL,NULL,0),(519,'Edih ','edih.@gmail.com',NULL,NULL,'3201010508640005',NULL,'Jl HM Asyari ',NULL,'',NULL,'Bogor','1964-08-05','085697096065','L',4,NULL,NULL,NULL,NULL,NULL,NULL,0),(520,'Mulyanto ','mulyanto.@gmail.com',NULL,NULL,'32.0317.12864.04819',NULL,'Pd. Widyatama Indah Blok F/11',NULL,'',NULL,'-','1964-08-12','085260655494','L',4,NULL,NULL,NULL,NULL,NULL,NULL,0),(521,'I ','i.@gmail.com',NULL,NULL,'3201131808640004',NULL,'Perum. Citayam Sejahtera E5 ',NULL,'Perum. Citayam Sejahtera E5 ',NULL,'','1964-08-18','0816632253','L',4,NULL,NULL,NULL,NULL,NULL,NULL,0),(522,'Suprajaka','suprajaka@gmail.com',NULL,NULL,'32.01.022909641774',NULL,'Vila Nusa Indah Blok M7/4 ',NULL,'Vila Nusa Indah, Jalan Melati VIII Blok M7/4',NULL,'Jakarta','1964-09-29','08128626240','L',4,NULL,NULL,NULL,NULL,NULL,NULL,0),(523,'Gunawan','gunawan@gmail.com',NULL,NULL,'',NULL,'Jl. Raya Loji Gang Pala I  No.50',NULL,'GANG PALA 1 NO.50',NULL,'bogor','1964-10-05','08128162073','L',4,NULL,NULL,NULL,NULL,NULL,NULL,0),(524,'Djohan ','djohan.@gmail.com',NULL,NULL,'3201011210640006',NULL,'Lingkungan Harummanis No. 5 ',NULL,'Lingkungan Harummanis No. 5 ',NULL,'Bogor','1964-10-12','081310321100','L',4,NULL,NULL,NULL,NULL,NULL,NULL,0),(525,'Ratna ','ratna.@gmail.com',NULL,NULL,'32.03.17.1007/206/857',NULL,'Komp. BAKOSURTANAL RT.06/11',NULL,'',NULL,'','1964-10-14','085692880013','P',4,NULL,NULL,NULL,NULL,NULL,NULL,0),(526,'Rochayati','rochayati@gmail.com',NULL,NULL,'3201016912640008',NULL,'Komp. BAKOSURTANAL Jl.Golf No. 55 ',NULL,'Komp. BAKOSURTANAL Jl. Golf No.55',NULL,'Bogor','1964-12-29','0818183744','P',4,NULL,NULL,NULL,NULL,NULL,NULL,0),(527,'Arry ','arry.@gmail.com',NULL,NULL,'',NULL,'Villa Bogor Indah Blok EE8 No. 35 Rt.02/13',NULL,'',NULL,'Malang','1965-01-26','0812 8090816','L',4,NULL,NULL,NULL,NULL,NULL,NULL,0),(528,'Dedi ','dedi.@gmail.com',NULL,NULL,'',NULL,'Jl. K.H.M.Toha RT.05/03 Kp Curug',NULL,'',NULL,'Bandung','1960-08-21','','L',4,NULL,NULL,NULL,NULL,NULL,NULL,0),(530,'Subiono','subiono@gmail.com',NULL,NULL,'32012940960002',NULL,'Gang. Masjid Kampung Kandang RT 03,Rw 06,No.14,Desa Pakansari,Kec.Cibinong,Kab.Bogor,Propinsi Jawa Barat.',NULL,'Perumahan Taman Pagelaran Ciomas Bogor,Jl.Parkit Blok FF.5 No.13',NULL,'','1960-09-04','089662149879','L',4,NULL,NULL,NULL,NULL,NULL,NULL,0),(531,'Sarimin','sarimin@gmail.com',NULL,NULL,'3201010809600003',NULL,'Perum. BCE',NULL,'',NULL,'purbalingga','1960-09-08','08128548730','L',4,NULL,NULL,NULL,NULL,NULL,NULL,0),(532,'Nurhamid','nurhamid@gmail.com',NULL,NULL,'3201011209600008',NULL,'Al-Nur Pabuaran RT.04/08',NULL,'',NULL,'Cibinong','1960-09-12','087870747183','L',4,NULL,NULL,NULL,NULL,NULL,NULL,0),(533,'Suharyanto','suharyanto@gmail.com',NULL,NULL,'32.03.17.280960.06120',NULL,'Dian Asri 2 Jl.Manggis No.10 Rt.003 Rw.015',NULL,'',NULL,NULL,NULL,NULL,NULL,4,NULL,NULL,NULL,NULL,NULL,NULL,0),(536,'Heru ','heru.@gmail.com',NULL,NULL,'32.7105.2809600007',NULL,'Pondok Aren Blok GIII No.10 Ciluar Bogor Utara',NULL,'',NULL,'-','1960-09-28','08129521173','L',4,NULL,NULL,NULL,NULL,NULL,NULL,0),(537,'Hadi ','hadi.@gmail.com',NULL,NULL,'3201010611600006',NULL,'Kp. Cikempong',NULL,'',NULL,'Bandung','1960-11-06','081210439062','L',4,NULL,NULL,NULL,NULL,NULL,NULL,0),(538,'Niken ','niken.@gmail.com',NULL,NULL,'3276024212600002',NULL,'Perum. Jatijajar C8/21 ',NULL,'',NULL,'Lamongan','1960-12-02','0817160231','P',4,NULL,NULL,NULL,NULL,NULL,NULL,0),(540,'Titik ','titik.@gmail.com',NULL,NULL,'32.7105.681260.0002',NULL,'Pondok Aren Jl. Nusa Penida 442',NULL,'Pondok Aren  Jl. Nusa Penida Blok G VI No. 442',NULL,'Yogyakarta','1960-12-28','081310071661','P',4,NULL,NULL,NULL,NULL,NULL,NULL,0),(541,'Sulawati','sulawati@gmail.com',NULL,NULL,'32031760016122540',NULL,'Komp.BAKOSURTANAL Blok D No. 16',NULL,'',NULL,NULL,NULL,NULL,NULL,4,NULL,NULL,NULL,NULL,NULL,NULL,0),(542,'Cibinong','cibinong@gmail.com',NULL,NULL,'',NULL,NULL,NULL,'',NULL,NULL,NULL,NULL,NULL,4,NULL,NULL,NULL,NULL,NULL,NULL,0),(544,'Jaenal ','jaenal.@gmail.com',NULL,NULL,'32.03.17.011261.06300',NULL,'Jl. Perhutani ',NULL,'',NULL,'Garut','1961-02-01','081905403641','L',4,NULL,NULL,NULL,NULL,NULL,NULL,0),(545,'Sukardi','sukardi@gmail.com',NULL,NULL,'09.5405.020261.0663',NULL,'Jl. Sekolahan No 21 ',NULL,'',NULL,'','1961-02-02','081316435635','L',4,NULL,NULL,NULL,NULL,NULL,NULL,0),(546,'B. ','b..@gmail.com',NULL,NULL,'32.7105.080261.0002',NULL,'Jl. Nusa Penida 450 - Rt.11/RW.07 - Perumahan Pondok Aren G.VI / 9',NULL,'',NULL,NULL,NULL,NULL,NULL,4,NULL,NULL,NULL,NULL,NULL,NULL,0),(547,'Jawa Barat','jawa.barat@gmail.com',NULL,NULL,'',NULL,NULL,NULL,'',NULL,NULL,NULL,NULL,NULL,4,NULL,NULL,NULL,NULL,NULL,NULL,0),(548,'Jawa Barat','jawa.barat@gmail.com',NULL,NULL,'1961-02-08 00:00:00',NULL,'08129900052',NULL,'L',NULL,NULL,NULL,NULL,NULL,4,NULL,NULL,NULL,NULL,NULL,NULL,0),(549,'Zainal ','zainal.@gmail.com',NULL,NULL,'32.03.17.100261.20786',NULL,'Padurenan',NULL,'',NULL,'jakarta','1961-02-10','08188827830','L',4,NULL,NULL,NULL,NULL,NULL,NULL,0),(550,'Enjang ','enjang.@gmail.com',NULL,NULL,'3201011502610004',NULL,'Bumi Cibinong Endah B3/9',NULL,'',NULL,'Bandung','1961-02-15','085252918485','L',4,NULL,NULL,NULL,NULL,NULL,NULL,0),(551,'Nining ','nining.@gmail.com',NULL,NULL,'32.7105.450361.0002',NULL,'Pondok Aren, Jl Tarakan No. 435',NULL,'Pondok Aren, Jl Tarakan No. 435 Rt.11/07, Kel. Ciluar, Kec. Kota Bogor Utara, Kodya Bogor, Prov. Jawa Barat',NULL,'Bogor','1961-03-05','0818845358','P',4,NULL,NULL,NULL,NULL,NULL,NULL,0),(552,'Sunarta','sunarta@gmail.com',NULL,NULL,'3201012903610003',NULL,'Lingkungan 02 Citatah Dalam',NULL,'',NULL,'Sleman','1961-03-29','087872267891','L',4,NULL,NULL,NULL,NULL,NULL,NULL,0),(555,'Sukirno','sukirno@gmail.com',NULL,NULL,'32.71051004610003',NULL,'Jl.Nusa Penida No.444 RT.11/07',NULL,'Jl.Nusa Penida ',NULL,'pati','1961-04-10','0812 8343 9968','L',4,NULL,NULL,NULL,NULL,NULL,NULL,0),(556,'Moh. ','moh..@gmail.com',NULL,NULL,'3201011905610005',NULL,'Puri Nirwana I Blok QQ 17',NULL,'',NULL,'Rangkasbitung','1961-05-19','081111104547','L',4,NULL,NULL,NULL,NULL,NULL,NULL,0),(557,'Gun ','gun.@gmail.com',NULL,NULL,'',NULL,'Jl. Ceremai Ujung no.32 RT.03/09',NULL,'',NULL,'sudah pensiun','1961-05-21','081322585846','L',4,NULL,NULL,NULL,NULL,NULL,NULL,0),(558,'Mujiatun','mujiatun@gmail.com',NULL,NULL,'',NULL,'Perum. Pos Indonesia Blok B 3 No. 12 RT.01/10',NULL,'',NULL,'','1961-06-02','081310433503','P',4,NULL,NULL,NULL,NULL,NULL,NULL,0),(559,'Sudaryono','sudaryono@gmail.com',NULL,NULL,'32031705066100530',NULL,'Kp. Curug ',NULL,'',NULL,'jakarta','1961-06-05','','L',4,NULL,NULL,NULL,NULL,NULL,NULL,0),(560,'Suratno','suratno@gmail.com',NULL,NULL,'32.7105.180661.0002',NULL,'Jl. Kinanti 4 Blok G5/3 ',NULL,'',NULL,'gembol,kasine','1961-06-18','0812 9552517','L',4,NULL,NULL,NULL,NULL,NULL,NULL,0),(561,'Endang','endang@gmail.com',NULL,NULL,'3201040707610002',NULL,'Ciluar Permai  Blok D1/6',NULL,'',NULL,'','1961-07-07','0813 10982462','L',4,NULL,NULL,NULL,NULL,NULL,NULL,0),(562,'Iyoh ','iyoh.@gmail.com',NULL,NULL,'3201015807610005',NULL,'Padurenan ',NULL,'',NULL,'cibinong','1961-07-18','081311417175','P',4,NULL,NULL,NULL,NULL,NULL,NULL,0),(563,'Dahlia ','dahlia.@gmail.com',NULL,NULL,'32.7105.670761.0003',NULL,'Jl Flores No. 267 ',NULL,'',NULL,'Bandung','1961-07-27','0856 91154645','P',4,NULL,NULL,NULL,NULL,NULL,NULL,0),(564,'Antoni','antoni@gmail.com',NULL,NULL,'32 03 17 140861 04326',NULL,'Perum Dian Asri',NULL,'',NULL,'Jakarta','1961-08-14','081310853384','L',4,NULL,NULL,NULL,NULL,NULL,NULL,0),(565,'Johny Kadarma','johny.kadarma@gmail.com',NULL,NULL,'32031718081007058',NULL,'Jl. Melati Kp. Padurenan No. 41',NULL,'',NULL,'Bogor','1961-08-18','081318518299','L',4,NULL,NULL,NULL,NULL,NULL,NULL,0),(566,'Siswantoro','siswantoro@gmail.com',NULL,NULL,'327 6052208610003',NULL,'Jl. Abdul Gani Kp. Cilodong  Depok',NULL,'',NULL,'Magelang','1961-08-22','','L',4,NULL,NULL,NULL,NULL,NULL,NULL,0),(567,'Andi ','andi.@gmail.com',NULL,NULL,'32.7105.260861.0004',NULL,'Bumi Indraprasta, Jl. Ismaya II No.13 ',NULL,'Jl. Ismaya II No.13 Bumi Indraprasta ',NULL,'','1961-08-26','081389331512','L',4,NULL,NULL,NULL,NULL,NULL,NULL,0),(568,'Siti ','siti.@gmail.com',NULL,NULL,'3201014509610005',NULL,'Kp. Padurenan',NULL,'',NULL,'Brebes','1961-09-05','0811113661','P',4,NULL,NULL,NULL,NULL,NULL,NULL,0),(569,'Jumnan ','jumnan.@gmail.com',NULL,NULL,'32.1010809610008',NULL,'KP. Pos, Jl. Raya Cikaret ',NULL,'Kamp.Pos Rt 005 Rw 10 Kel.Pakansari Kec. Cibinong Bogor',NULL,'tasikmalaya','1961-09-08','081241198154','L',4,NULL,NULL,NULL,NULL,NULL,NULL,0),(570,'Fransisca ','fransisca.@gmail.com',NULL,NULL,'3201015009610011',NULL,'Jl.Padurenan No.11 Cibinong',NULL,'',NULL,'Jakarta','1961-09-10','08129075836','P',4,NULL,NULL,NULL,NULL,NULL,NULL,0),(571,'Dadang ','dadang.@gmail.com',NULL,NULL,'32.770.22209610002',NULL,'Jl.Lurah No. 5',NULL,'',NULL,'Cimahi','1961-09-22','081573059899','L',4,NULL,NULL,NULL,NULL,NULL,NULL,0),(572,'Mihartisah','mihartisah@gmail.com',NULL,NULL,'32.7102.230962.0001',NULL,'Jl. Pakuan Ciheuleut ',NULL,'JL. Pakuan Ciheuleut ',NULL,'bogor','1961-09-23','08181494516','P',4,NULL,NULL,NULL,NULL,NULL,NULL,0),(573,'Suryadi','suryadi@gmail.com',NULL,NULL,'3201010110610003',NULL,'Jl. M. Toha 50 ',NULL,'',NULL,'Gombong','1961-10-01','081288231063','L',4,NULL,NULL,NULL,NULL,NULL,NULL,0),(575,'Miswadi','miswadi@gmail.com',NULL,NULL,'',NULL,'Gang Al.Mijan Rt.05/01 Cikaret',NULL,'',NULL,'sokaraja tengah','1961-10-30','08128329056','L',4,NULL,NULL,NULL,NULL,NULL,NULL,0),(576,'Mohammad ','mohammad.@gmail.com',NULL,NULL,'32.7106.221161.0002',NULL,'Jln. Kaktus 2 No.1 Taman Cimanggu',NULL,'',NULL,'','1961-11-22','08121103875','L',4,NULL,NULL,NULL,NULL,NULL,NULL,0),(577,'Wahyudi.','wahyudi.@gmail.com',NULL,NULL,'',NULL,'Jalan Warakas I Rt 06/01 No 244',NULL,'',NULL,'Belitung','1961-11-25','','L',4,NULL,NULL,NULL,NULL,NULL,NULL,0),(578,'Dewayany','dewayany@gmail.com',NULL,NULL,'32.7105.671161.0004',NULL,'Gandaria II Blok D2 No.14  Bantarjati',NULL,'',NULL,'','1961-11-27','0812 1103127','P',4,NULL,NULL,NULL,NULL,NULL,NULL,0),(579,'Titin ','titin.@gmail.com',NULL,NULL,'3271066911610006',NULL,'Tmn Cimanggu Jl Cempaka No 916 ',NULL,'Tmn Cimanggu Jl Cempaka No. 916',NULL,'Bogor','1961-11-29','08179002612','P',4,NULL,NULL,NULL,NULL,NULL,NULL,0),(580,'Suratna','suratna@gmail.com',NULL,NULL,'32.03.17.101261.04.968',NULL,'Perum. Puri Nirwana II Blok C 19 Jl. Anggur Raya ',NULL,'',NULL,'Kretek Bantul','1961-12-10','0812944484','L',4,NULL,NULL,NULL,NULL,NULL,NULL,0),(581,'Bambang ','bambang.@gmail.com',NULL,NULL,'32.7105.111261.0003',NULL,'Jl. Bhisma 1 No.1 ',NULL,'Jl. Bhisma 1 No.1 Kelurahan Tegal Gundil Kecamatan Bogor Utara 16152',NULL,'Bandung','1961-12-11','0812 8370756','L',4,NULL,NULL,NULL,NULL,NULL,NULL,0),(582,'Sugeng ','sugeng.@gmail.com',NULL,NULL,'32.03.17.1007/....',NULL,'Jl. Durian ',NULL,'',NULL,'Prabumulih','1961-12-24','0812 9719574','L',4,NULL,NULL,NULL,NULL,NULL,NULL,0),(583,'Teguh ','teguh.@gmail.com',NULL,NULL,'320.1010201620007',NULL,'Jl. Golf ',NULL,'',NULL,'Bandung','1962-01-02','0812 8751432','L',4,NULL,NULL,NULL,NULL,NULL,NULL,0),(584,'Sus ','sus.@gmail.com',NULL,NULL,'3201010301620008',NULL,'Puri Nirwana 1 Blok P9 ',NULL,'Puri Nirwana 1 Blok P9',NULL,'Bojonegoro','1962-01-03','0813 17010945','L',4,NULL,NULL,NULL,NULL,NULL,NULL,0),(585,'Unang ','unang.@gmail.com',NULL,NULL,'32.7101.13062.0001',NULL,'Lolongok Timur Gg. Surya II',NULL,'',NULL,'Jakarta','1962-01-13','081310707407','L',4,NULL,NULL,NULL,NULL,NULL,NULL,0),(586,'Suwardi','suwardi@gmail.com',NULL,NULL,'32031707026203147',NULL,'Jl. Kesadaran Pakansari ',NULL,'',NULL,'Cikompong','1962-02-01','085716988963','L',4,NULL,NULL,NULL,NULL,NULL,NULL,0),(587,'Hartuti','hartuti@gmail.com',NULL,NULL,'3201034102620004',NULL,'Griya Persada K.14 Jl. Cempaka 3 ',NULL,'',NULL,'-','1962-02-01','081510070140','P',4,NULL,NULL,NULL,NULL,NULL,NULL,0),(588,'Dadi ','dadi.@gmail.com',NULL,NULL,'32.03.17.110262.03682',NULL,'Cibinong Griya ASRI Jl. Parkit Blok C3 No.6 ',NULL,'',NULL,'Ciamis','1962-02-11','0813 80846657','L',4,NULL,NULL,NULL,NULL,NULL,NULL,0),(589,'Joni','joni@gmail.com',NULL,NULL,'3201011802620001',NULL,'Pondok Widyatama Indah Blok S No.12',NULL,'Pondok Widyatama Indah Blok S No.12',NULL,'Sukabumi','1962-02-18','085711432089','L',4,NULL,NULL,NULL,NULL,NULL,NULL,0),(590,'Boyke ','boyke.@gmail.com',NULL,NULL,'3271052403620002',NULL,'BTN Tanah Baru Blok G.V No.8',NULL,'',NULL,'','1962-03-24','08176363444','L',4,NULL,NULL,NULL,NULL,NULL,NULL,0),(592,'Aries ','aries.@gmail.com',NULL,NULL,'',NULL,'Jl. Bintang Mas Rt.04/08',NULL,'',NULL,'Bandung','1962-04-04','0812 9575710','L',4,NULL,NULL,NULL,NULL,NULL,NULL,0),(593,'Sahadi ','sahadi.@gmail.com',NULL,NULL,'32.03.17.160462.19300',NULL,'Perum Puri Nirwana 1 Blok T No.6 ',NULL,'Perumahan Puri Nirwana 1 Blok T No. 6',NULL,'jakarta','1962-04-16','08128749642','L',4,NULL,NULL,NULL,NULL,NULL,NULL,0),(594,'Endahsah','endahsah@gmail.com',NULL,NULL,'3201014405622006',NULL,'Puri Nirwana I Blok EE-17 Jl. Kalasan ',NULL,'Puri Nirwana I Blok EE-17 Jl. Kalasan ',NULL,'piyono','1962-05-04','08158107878','P',4,NULL,NULL,NULL,NULL,NULL,NULL,0),(595,'Utami ','utami.@gmail.com',NULL,NULL,'3201014806620010',NULL,'Komp. BAKOSURTANAL, Jl.Golf No. 40',NULL,'',NULL,'','1962-06-08','0818 186027','P',4,NULL,NULL,NULL,NULL,NULL,NULL,0),(596,'Abun ','abun.@gmail.com',NULL,NULL,'',NULL,'Jl. Kembang Gg Sri Rejeki',NULL,'',NULL,'Purwokerto','1962-06-10','081394286448','L',4,NULL,NULL,NULL,NULL,NULL,NULL,0),(597,'Edwin ','edwin.@gmail.com',NULL,NULL,'3201041140662002',NULL,'Jl. Kasuari B2 No.14 ',NULL,'',NULL,'???','1962-06-14','0812 9667490 /0816 1','L',4,NULL,NULL,NULL,NULL,NULL,NULL,0),(598,'Hari ','hari.@gmail.com',NULL,NULL,'32.7105.180662.0001',NULL,'Vila Bogor Indah CC 5/18',NULL,'',NULL,'','1962-06-18','08128207627','L',4,NULL,NULL,NULL,NULL,NULL,NULL,0),(599,'Dastam','dastam@gmail.com',NULL,NULL,'32.03.17.1007...',NULL,'Dian Asri Jl. Mangga B8/16',NULL,'',NULL,'Jakarta','1962-07-07','081317207008','L',4,NULL,NULL,NULL,NULL,NULL,NULL,0),(600,'Sumantri','sumantri@gmail.com',NULL,NULL,'',NULL,'BTN.Ciluar Permai Jl.Nangka II No.22 ',NULL,'',NULL,'Nanggerang','1962-07-12','08128337962','L',4,NULL,NULL,NULL,NULL,NULL,NULL,0),(601,'Masduki','masduki@gmail.com',NULL,NULL,'3201011307620006',NULL,'Puri Nirwana I Blok O No 24',NULL,'Puri Nirwana I Blok O No 24',NULL,'Gempol,kasine','1962-07-13','085281385481','L',4,NULL,NULL,NULL,NULL,NULL,NULL,0),(602,'Susi ','susi.@gmail.com',NULL,NULL,'32.77.01.1007/474/...',NULL,'Kp. Nyencle Rt.05 Rw.01 Cilangkap Tapos Depok',NULL,'Kp. Nyencle',NULL,'Sleman','1962-07-21','081310864324','P',4,NULL,NULL,NULL,NULL,NULL,NULL,0),(603,'Amir ','amir.@gmail.com',NULL,NULL,'3201011608620008',NULL,'Keranji Barat ',NULL,'',NULL,'Bandung','1962-08-06','081370931818','L',4,NULL,NULL,NULL,NULL,NULL,NULL,0),(604,'Tutung ','tutung.@gmail.com',NULL,NULL,'32010114086200007',NULL,'Jln.Golf Ling. 2 Citatah Dalam No.21',NULL,'',NULL,'_','1962-08-14','081383273444','L',4,NULL,NULL,NULL,NULL,NULL,NULL,0),(605,'Adi ','adi.@gmail.com',NULL,NULL,'32.7103.210862.0002',NULL,'Bumi Cibinong Endah, Jl. Prayoga Blok A5/3 ',NULL,'',NULL,'Pati','1962-08-21','0812 8005474','L',4,NULL,NULL,NULL,NULL,NULL,NULL,0),(606,'R ','r.@gmail.com',NULL,NULL,'3301012409620005',NULL,'Jl. Citatah Dalam No. 78 ',NULL,'',NULL,'Jakarta','1962-09-24','08170768962','L',4,NULL,NULL,NULL,NULL,NULL,NULL,0),(607,'Turmudi','turmudi@gmail.com',NULL,NULL,'320101250962007',NULL,'Perum Bumi Cibinong Endah Jl. Tohaga Blok A6 No. 6 RT03/10',NULL,'Bumi Cibinong Endah Blok A6, No.6',NULL,'Magelang','1962-09-25','081380505758','L',4,NULL,NULL,NULL,NULL,NULL,NULL,0),(608,'Sidik.','sidik.@gmail.com',NULL,NULL,'3201011010620024',NULL,'Jl. Tegar Beriman, Kp Cikempong,  No 26',NULL,'',NULL,'','1962-10-10','081381616226','L',4,NULL,NULL,NULL,NULL,NULL,NULL,0),(609,'Kardiman','kardiman@gmail.com',NULL,NULL,'10.5101.121062.0001',NULL,'Jl Dalurung 8 ',NULL,'',NULL,'kuningan','1962-10-12','0812 9986647','L',4,NULL,NULL,NULL,NULL,NULL,NULL,0),(610,'Arif ','arif.@gmail.com',NULL,NULL,'32.7103.141162.0008',NULL,'Sindang Sari Rt. 06 / Rw. 07 Kel. Kebon Kalapa, Kec. Bogor Tengah. Kota Bogor',NULL,'',NULL,NULL,NULL,NULL,NULL,4,NULL,NULL,NULL,NULL,NULL,NULL,0),(613,'Vincentia ','vincentia.@gmail.com',NULL,NULL,'3201016211620007',NULL,'Puri Nirwana 1 Blok EE Jl. Kalasan No.33 ',NULL,'',NULL,'Jakarta','1962-11-22','08128603124','P',4,NULL,NULL,NULL,NULL,NULL,NULL,0),(614,'Sigit ','sigit.@gmail.com',NULL,NULL,'3201011204620003',NULL,'Jl Raya Tegar Beriman Gg H Jairan No 116',NULL,'Kp. Cikempong Rt.04/09 No. 116 Kelurahan Pakansari Kecamatan Cibinong Kabupaten Bogor',NULL,'Sleman','1962-12-04','081291587181','L',4,NULL,NULL,NULL,NULL,NULL,NULL,0),(615,'Achmad ','achmad.@gmail.com',NULL,NULL,'32.03.17061.28.03.481',NULL,'Bumi Cibinong Endah E II No. 13',NULL,'',NULL,'Bogor','1962-12-06','082113880535','L',4,NULL,NULL,NULL,NULL,NULL,NULL,0),(616,'Sukayat','sukayat@gmail.com',NULL,NULL,'32.03.17.06.1262.02787',NULL,'Kp. Curug ',NULL,'',NULL,'kebumen','1962-12-06','081315669818','L',4,NULL,NULL,NULL,NULL,NULL,NULL,0),(617,'Decky Haryanto Sumadi','decky.haryanto.sumadi@gmail.com',NULL,NULL,'09.5206.111262.0508',NULL,'Perum Persada Depok Blok C4/16',NULL,'Perum Persada Depok Blok C4/16',NULL,'Magetan','1962-12-11','0818753441','L',4,NULL,NULL,NULL,NULL,NULL,NULL,0),(618,'Sulistio','sulistio@gmail.com',NULL,NULL,'32.03.17.020456.08281',NULL,'Jl Golf Komp.Bakosurtanal Ciriung No 46 ',NULL,'',NULL,'','1956-04-02','082110868707','L',4,NULL,NULL,NULL,NULL,NULL,NULL,0),(619,'B. ','b..@gmail.com',NULL,NULL,'',NULL,'Komp. Bogor Asri Blok AA2/11 RT.09/09',NULL,'',NULL,'','1956-04-12','081310331064','L',4,NULL,NULL,NULL,NULL,NULL,NULL,0),(620,'Rahardjo','rahardjo@gmail.com',NULL,NULL,'3201011504560002',NULL,'Kp. Sari Mulya No.40',NULL,'',NULL,'','1956-04-15','087770007835','L',4,NULL,NULL,NULL,NULL,NULL,NULL,0),(621,'Kusbandi','kusbandi@gmail.com',NULL,NULL,'3276052304560001',NULL,'Sukamaju Permai Blok.I No.6 ',NULL,'',NULL,'','1956-04-23','08129583064','L',4,NULL,NULL,NULL,NULL,NULL,NULL,0),(622,'J ','j.@gmail.com',NULL,NULL,'32.7106.280456.0001',NULL,'Jl. Kranji T/No.9 ',NULL,'',NULL,'','1956-04-28','0818796116','L',4,NULL,NULL,NULL,NULL,NULL,NULL,0),(623,'Abdul ','abdul.@gmail.com',NULL,NULL,'32.03.17.050556.1117',NULL,'Jl Guru Suma  No 17',NULL,'',NULL,'','1956-05-05','08158828991','L',4,NULL,NULL,NULL,NULL,NULL,NULL,0),(624,'Asmat','asmat@gmail.com',NULL,NULL,'3201011705560010',NULL,'Komp. BAKOSURTANAL, Jl. Golf No. 28 ',NULL,'',NULL,'','1956-05-17','081382468030','L',4,NULL,NULL,NULL,NULL,NULL,NULL,0),(625,'Abdul ','abdul.@gmail.com',NULL,NULL,'3201010306560005',NULL,'Jl. M. Asyari  ',NULL,'',NULL,'','1956-06-03','081806835300','L',4,NULL,NULL,NULL,NULL,NULL,NULL,0),(626,'Jakub','jakub@gmail.com',NULL,NULL,'32.7105.0565.00004',NULL,'Pondok Aren Jl. Halmahera No.187 ',NULL,'',NULL,'','1956-06-05','0812.8940.8200','L',4,NULL,NULL,NULL,NULL,NULL,NULL,0),(627,'Eko ','eko.@gmail.com',NULL,NULL,'08.5.406.140656.0043',NULL,'Jl. Kalimantan ',NULL,'',NULL,'','1956-06-14','081381853218','L',4,NULL,NULL,NULL,NULL,NULL,NULL,0),(629,'Saiful ','saiful.@gmail.com',NULL,NULL,'301012306560004',NULL,'Komp. BAKOSURTANAL, Jl. Golf',NULL,'',NULL,'','1956-06-23','08129587986','L',4,NULL,NULL,NULL,NULL,NULL,NULL,0),(630,'Mudjijana','mudjijana@gmail.com',NULL,NULL,'',NULL,'Jl. Jambu 5 No. 123 RT.05/07',NULL,'',NULL,'','1956-07-08','0812 9433489','L',4,NULL,NULL,NULL,NULL,NULL,NULL,0),(631,'Pariman','pariman@gmail.com',NULL,NULL,'32031708075605229',NULL,'Jl. Pabuaran Komp. BAKOSURTANAL Pabuaran ',NULL,'',NULL,'','1956-07-08','081380823072','L',4,NULL,NULL,NULL,NULL,NULL,NULL,0),(632,'Djupri','djupri@gmail.com',NULL,NULL,'3603.342407560002',NULL,'Manjangan III',NULL,'',NULL,'','1956-07-24','081314795709','L',4,NULL,NULL,NULL,NULL,NULL,NULL,0),(633,'Mangindradjaja','mangindradjaja@gmail.com',NULL,NULL,'',NULL,'Komp. BAKOSURTANAL DII/24 RT 06/11',NULL,'',NULL,'','1956-08-13','0812 1334553','L',4,NULL,NULL,NULL,NULL,NULL,NULL,0),(634,'Yoseph ','yoseph.@gmail.com',NULL,NULL,'',NULL,'Pondok Cikunir Indah Jl Buana A-2 No.1 RT.01/12',NULL,'',NULL,'','1956-08-16','08129327744','L',4,NULL,NULL,NULL,NULL,NULL,NULL,0),(635,'Nasaruddin','nasaruddin@gmail.com',NULL,NULL,'3201012808560001',NULL,'Komplek Bakosurtanal Cikaret No D-14',NULL,'',NULL,'','1956-08-28','083112556786','L',4,NULL,NULL,NULL,NULL,NULL,NULL,0),(636,'Komalasari','komalasari@gmail.com',NULL,NULL,'3201015409560001',NULL,'Komp. BAKOSURTANAL Ciriung No. 30 ',NULL,'',NULL,'','1956-09-14','0816924159','P',4,NULL,NULL,NULL,NULL,NULL,NULL,0),(637,'Saiya','saiya@gmail.com',NULL,NULL,'3201012009560003',NULL,'Komp. BAKOSURTANAl, Jl. Golf ',NULL,'',NULL,'','1956-09-20','0815 13251742','L',4,NULL,NULL,NULL,NULL,NULL,NULL,0),(638,'Ryamizard Ryacudu','ryamizard.ryacudu@gmail.com',NULL,NULL,'32.7103.101056.0015',NULL,'Komplek Bogor Baru Blok FII/12 ',NULL,'',NULL,'Pelembang','1956-10-10','0816 731777','L',4,NULL,NULL,NULL,NULL,NULL,NULL,0),(639,'Tukiman','tukiman@gmail.com',NULL,NULL,'',NULL,'Jl. Ciracas Gg. Nisin RT.007/07',NULL,'',NULL,'','1956-10-11','0812 1318056','L',4,NULL,NULL,NULL,NULL,NULL,NULL,0),(640,'Sukiman','sukiman@gmail.com',NULL,NULL,'32.03171005/1251/4929',NULL,'Jl. Kesadaran Cikempong ',NULL,'',NULL,'','1956-11-07','082123758204','L',4,NULL,NULL,NULL,NULL,NULL,NULL,0),(641,'Sarkosih','sarkosih@gmail.com',NULL,NULL,'32.03.17.15115707355',NULL,'Perumahan Dian Asri 2 Blok A 4/7 ',NULL,'',NULL,'','1956-11-15','08128030511','L',4,NULL,NULL,NULL,NULL,NULL,NULL,0),(642,'Rokhyadi','rokhyadi@gmail.com',NULL,NULL,'3276022211560002',NULL,'Jl. Garuda Rumbut II/52 ',NULL,'',NULL,'','1956-11-22','0812 9533556','L',4,NULL,NULL,NULL,NULL,NULL,NULL,0),(643,'Ilyas ','ilyas.@gmail.com',NULL,NULL,'',NULL,'Pd.Tirta Mandala Utama Blok.D No.3 RT.02/18',NULL,'',NULL,'','1956-12-20','','L',4,NULL,NULL,NULL,NULL,NULL,NULL,0),(644,'Siti ','siti.@gmail.com',NULL,NULL,'32.77.731007/18500....',NULL,'Jl. Danau Ranau Raya 251',NULL,'',NULL,'','1956-12-20','0813 80826670','P',4,NULL,NULL,NULL,NULL,NULL,NULL,0),(645,'E. ','e..@gmail.com',NULL,NULL,'3201016512570016',NULL,'Komp. Bakosurtanal, Jl.Golf No.51 ',NULL,'',NULL,'','1956-12-25','0856 9024734','P',4,NULL,NULL,NULL,NULL,NULL,NULL,0),(646,'Ishak ','ishak.@gmail.com',NULL,NULL,'',NULL,'Jl. BTN Ciriung Cemerlang RT.04/03',NULL,'',NULL,'','1957-01-15','','L',4,NULL,NULL,NULL,NULL,NULL,NULL,0),(647,'Eddy ','eddy.@gmail.com',NULL,NULL,'',NULL,'Kp kandang, RT.04/06',NULL,'',NULL,'','1957-01-15','081310226234','L',4,NULL,NULL,NULL,NULL,NULL,NULL,0),(649,'Prasetyo ','prasetyo.@gmail.com',NULL,NULL,'320.1023101570001',NULL,'Jl. Binamarga XI No. 35 RT.002/10',NULL,'',NULL,'','1957-01-31','081319693334','L',4,NULL,NULL,NULL,NULL,NULL,NULL,0),(650,'Iskandar ','iskandar.@gmail.com',NULL,NULL,'3201041602570001',NULL,'Ciluar Permai Blok E No.15',NULL,'',NULL,'','1957-02-16','08128488776','L',4,NULL,NULL,NULL,NULL,NULL,NULL,0),(651,'Sugijana','sugijana@gmail.com',NULL,NULL,'3201010903570006',NULL,'Padurenan ',NULL,'',NULL,'','1957-03-09','081807213446','L',4,NULL,NULL,NULL,NULL,NULL,NULL,0),(652,'Sumarno','sumarno@gmail.com',NULL,NULL,'3275051835700002',NULL,'Narogong Megah II Blok E 9, No 14 ',NULL,'',NULL,'','1957-03-16','0815 8819828','L',4,NULL,NULL,NULL,NULL,NULL,NULL,0),(653,'Bambang ','bambang.@gmail.com',NULL,NULL,'',NULL,'Jl. Kinanti IV G4 No.12 RT.04/09',NULL,'',NULL,'','1957-05-24','08179005766','L',4,NULL,NULL,NULL,NULL,NULL,NULL,0),(654,'Supri ','supri.@gmail.com',NULL,NULL,'32.03.17.650557.00398',NULL,'Cikaret Kp. Pos Rt.04/XI No. 28',NULL,'',NULL,'','1957-05-25','081316015278','P',4,NULL,NULL,NULL,NULL,NULL,NULL,0),(655,'Sularsana','sularsana@gmail.com',NULL,NULL,'3203.17.1005/444 ...',NULL,'Kp. Kandang No. 21 RT.01/06',NULL,'',NULL,'','1957-06-25','085214141411','L',4,NULL,NULL,NULL,NULL,NULL,NULL,0),(656,'Didi ','didi.@gmail.com',NULL,NULL,'',NULL,'Jl. H. Husada RT.04/02',NULL,'',NULL,'','1957-07-10','','L',4,NULL,NULL,NULL,NULL,NULL,NULL,0),(657,'Saliman','saliman@gmail.com',NULL,NULL,'',NULL,'Kp. Bunisari RT.07/08',NULL,'',NULL,'','1957-07-10','','L',4,NULL,NULL,NULL,NULL,NULL,NULL,0),(658,'Bambang ','bambang.@gmail.com',NULL,NULL,'3201012407570004',NULL,'Komp.Bakosurtanal Jl.Golf Ciriung RT.03/05 No.40',NULL,'',NULL,'','1957-07-24','0818772299','L',4,NULL,NULL,NULL,NULL,NULL,NULL,0),(659,'Wirawan','wirawan@gmail.com',NULL,NULL,'10.5101.310757.0001',NULL,'Jl. Palupuh Bawah Blok D ',NULL,'',NULL,'','1957-07-31','087762668391','L',4,NULL,NULL,NULL,NULL,NULL,NULL,0),(660,'Syarifudin','syarifudin@gmail.com',NULL,NULL,'32.01010208570003',NULL,'Perum. BCE Blok BV/17 ',NULL,'',NULL,'','1957-08-02','081806451514','L',4,NULL,NULL,NULL,NULL,NULL,NULL,0),(661,'Herwanto','herwanto@gmail.com',NULL,NULL,'',NULL,'Jl. Kranji Blok U No. 8 RT.08/03',NULL,'',NULL,'','1957-08-04','','L',4,NULL,NULL,NULL,NULL,NULL,NULL,0),(662,'Iskabul ','iskabul.@gmail.com',NULL,NULL,'32.7105.230857.0001',NULL,'Pondok Aren Bok G 6 No.14',NULL,'',NULL,'','1957-08-23','0813 86847149','L',4,NULL,NULL,NULL,NULL,NULL,NULL,0),(663,'Win ','win.@gmail.com',NULL,NULL,'',NULL,'Kebon Kopi RT.04/10',NULL,'',NULL,'','1957-09-09','08129632425','L',4,NULL,NULL,NULL,NULL,NULL,NULL,0),(664,'Napis','napis@gmail.com',NULL,NULL,'09.5404.150957.8510',NULL,'Jl Raya Condet Kp.Keramat RT. 14/05',NULL,'',NULL,'','1957-09-15','087872189190','L',4,NULL,NULL,NULL,NULL,NULL,NULL,0),(665,'Asadi','asadi@gmail.com',NULL,NULL,'32.7106.280957.0001',NULL,'Jl. Kenanga Blok Y-V/4 Taman Cimanggu Kota Bogor',NULL,'Jl. Kenanga Blok Y-V/4 Taman Cimanggu Kota Bogor',NULL,'','1957-09-28','08128616750','L',4,NULL,NULL,NULL,NULL,NULL,NULL,0),(666,'Eduard ','eduard.@gmail.com',NULL,NULL,'32.03.17.290957.08831',NULL,'Kp. Curug No. 36',NULL,'',NULL,'','1957-09-29','085283107015','L',4,NULL,NULL,NULL,NULL,NULL,NULL,0),(667,'Dodi ','dodi.@gmail.com',NULL,NULL,'32.7102.271057.0002',NULL,'Baranang Siang Indah Blok G3 No.3 ',NULL,'',NULL,'Majalengka','1957-10-27','0816 1966074','L',4,NULL,NULL,NULL,NULL,NULL,NULL,0),(668,'Endang ','endang.@gmail.com',NULL,NULL,'3201015511570006',NULL,'Komplek Bakosurtanal Jl. Golf D45 ',NULL,'',NULL,'','1957-11-15','081585198282','P',4,NULL,NULL,NULL,NULL,NULL,NULL,0),(669,'Rusdi ','rusdi.@gmail.com',NULL,NULL,'',NULL,'Jl. Cikaret ',NULL,'',NULL,'','1957-11-24','08161668095','L',4,NULL,NULL,NULL,NULL,NULL,NULL,0),(671,'Rachmat ','rachmat.@gmail.com',NULL,NULL,'32.03.17.231257.02773',NULL,'Jl. Dr. Nurdin ',NULL,'',NULL,'','1957-12-23','081383792054','L',4,NULL,NULL,NULL,NULL,NULL,NULL,0),(672,'Muchyidin ','muchyidin.@gmail.com',NULL,NULL,'',NULL,'Komp.Bakosurtanal RT.05/XI',NULL,'',NULL,'','1957-12-29','','L',4,NULL,NULL,NULL,NULL,NULL,NULL,0),(673,'Srimanah','srimanah@gmail.com',NULL,NULL,'32.7105.691257.0008',NULL,'Jl. Kinanti II ',NULL,'',NULL,'','1957-12-29','081310182663','P',4,NULL,NULL,NULL,NULL,NULL,NULL,0),(674,'Untung ','untung.@gmail.com',NULL,NULL,'32.7105.100258.0011',NULL,'Jl.Aru Blok BV No.225 ',NULL,'',NULL,'','1958-02-10','0812 8671137','L',4,NULL,NULL,NULL,NULL,NULL,NULL,0),(675,'Kasiyanto','kasiyanto@gmail.com',NULL,NULL,'3201010202580005',NULL,'Perum Visar Indah Pratama, Jl. Melati Raya  Cibinong',NULL,'',NULL,'nganjuk','1958-02-11','','L',4,NULL,NULL,NULL,NULL,NULL,NULL,0),(676,'Rochmat ','rochmat.@gmail.com',NULL,NULL,'32.7105.240258.0004',NULL,'Jl. Tarakan Pondok Aren No.436',NULL,'',NULL,'','1958-02-24','0812 9088407','L',4,NULL,NULL,NULL,NULL,NULL,NULL,0),(677,'Koes ','koes.@gmail.com',NULL,NULL,'32.01011403580002',NULL,'Komp.Bakosurtanal, Jl.Golf  No.55',NULL,'',NULL,'','1958-03-14','0812 8243604','L',4,NULL,NULL,NULL,NULL,NULL,NULL,0),(678,'Budi ','budi.@gmail.com',NULL,NULL,'',NULL,'Komp.Bakosurtanal D15 RT 06/11',NULL,'',NULL,'','1958-03-31','','P',4,NULL,NULL,NULL,NULL,NULL,NULL,0),(679,'Rr. ','rr..@gmail.com',NULL,NULL,'32.7106.710358.0002',NULL,'Jl. Kruwing Blok I/2 Budi Agung',NULL,'',NULL,'-','1958-03-31','0813 15605690','P',4,NULL,NULL,NULL,NULL,NULL,NULL,0),(680,'Wignyo ','wignyo.@gmail.com',NULL,NULL,'',NULL,'Jln.Kali Bata, Gang.Damai RT.02/07 No.60',NULL,'',NULL,'','1958-04-06','','L',4,NULL,NULL,NULL,NULL,NULL,NULL,0),(681,'Setyowati ','setyowati.@gmail.com',NULL,NULL,'32.03.17.560458.00186',NULL,'Jl. Golf Komp. Bakosurtanal ',NULL,'',NULL,'','1958-04-16','085216183746','P',4,NULL,NULL,NULL,NULL,NULL,NULL,0),(682,'Siran','siran@gmail.com',NULL,NULL,'320.1011.90458.0004',NULL,'Jl. Kelurahan Padurenan ',NULL,'',NULL,'','1958-04-19','081511077883','L',4,NULL,NULL,NULL,NULL,NULL,NULL,0),(683,'Radhar ','radhar.@gmail.com',NULL,NULL,'',NULL,'Blok FA IV/11 RT.03/011',NULL,'',NULL,'','1958-05-01','0811 1492592','L',4,NULL,NULL,NULL,NULL,NULL,NULL,0),(684,'Supriyatna','supriyatna@gmail.com',NULL,NULL,'3276020105580008',NULL,'Jln.Kenari I A Blok K I No.18 ',NULL,'',NULL,'','1958-05-01','08121911837','L',4,NULL,NULL,NULL,NULL,NULL,NULL,0),(685,'Endang ','endang.@gmail.com',NULL,NULL,'32.7105.450558.0007',NULL,'BTN Pondok Aren Jl. Taman Bunga RT11/07',NULL,'',NULL,'','1958-05-05','08567951506','P',4,NULL,NULL,NULL,NULL,NULL,NULL,0),(687,'Hermayulis','hermayulis@gmail.com',NULL,NULL,'32.03.07.110588.06000',NULL,'Jl. Walet Raya ',NULL,'',NULL,'','1958-05-11','0811111577','L',4,NULL,NULL,NULL,NULL,NULL,NULL,0),(688,'Subiyanto','subiyanto@gmail.com',NULL,NULL,'32.03.09.13055822011',NULL,'Cijujung Tengah ',NULL,'',NULL,'','1958-05-13','','L',4,NULL,NULL,NULL,NULL,NULL,NULL,0),(689,'Yetti ','yetti.@gmail.com',NULL,NULL,'',NULL,'Nirwana Estat Blok U 29 RT.01/13',NULL,'',NULL,'','1958-05-13','0815 14327366','P',4,NULL,NULL,NULL,NULL,NULL,NULL,0),(690,'Yayat ','yayat.@gmail.com',NULL,NULL,'',NULL,'Jl. Neglasari II RT.01/03',NULL,'',NULL,'','1958-05-14','','L',4,NULL,NULL,NULL,NULL,NULL,NULL,0),(691,'Suryadarma','suryadarma@gmail.com',NULL,NULL,'3201031705580001',NULL,'Kp. Pekapuran',NULL,'',NULL,'','1958-05-17','081384118330','L',4,NULL,NULL,NULL,NULL,NULL,NULL,0),(692,'Nurdin','nurdin@gmail.com',NULL,NULL,'320.1011.8055.8002',NULL,'Perumda Jl.Tanjung I Bumi Cibinong indah. C5/33',NULL,'',NULL,'','1958-05-18','08159097180','L',4,NULL,NULL,NULL,NULL,NULL,NULL,0),(693,'Tri ','tri.@gmail.com',NULL,NULL,'327602450658005',NULL,'Jl. Cendrawasih 9',NULL,'',NULL,'-','1958-06-05','0815 11492987','P',4,NULL,NULL,NULL,NULL,NULL,NULL,0),(694,'Sugiyono','sugiyono@gmail.com',NULL,NULL,'',NULL,'Jl. Pabrik Kulit RT 01/07',NULL,'',NULL,'-','1958-06-07','','L',4,NULL,NULL,NULL,NULL,NULL,NULL,0),(695,'Budi ','budi.@gmail.com',NULL,NULL,'',NULL,'Komp. Bakosurtanal RT.06/11',NULL,'',NULL,'','1958-06-28','','L',4,NULL,NULL,NULL,NULL,NULL,NULL,0),(696,'Kasman','kasman@gmail.com',NULL,NULL,'3201011007580008',NULL,'Lingkungan 2 Citatah Dalam',NULL,'',NULL,'pringtutul','1958-07-10','081387724050','L',4,NULL,NULL,NULL,NULL,NULL,NULL,0),(697,'Zaenal ','zaenal.@gmail.com',NULL,NULL,'3201011107580006',NULL,'Jl. LIPI Sampora  Cibinong',NULL,'',NULL,'Jakarta','1958-07-11','','L',4,NULL,NULL,NULL,NULL,NULL,NULL,0),(698,'Kulup ','kulup.@gmail.com',NULL,NULL,'09.53040207580425',NULL,'Jl. Swadaya Pejaten Timur No.30 B',NULL,'',NULL,'purbalingga','1958-07-12','91387748','L',4,NULL,NULL,NULL,NULL,NULL,NULL,0),(699,'Eddy ','eddy.@gmail.com',NULL,NULL,'32.7105.080858.0003',NULL,'Jln.Tarakan No.435 , Pondok Aren',NULL,'',NULL,'Jakarta','1958-08-08','087870603308','L',4,NULL,NULL,NULL,NULL,NULL,NULL,0),(700,'Mimin ','mimin.@gmail.com',NULL,NULL,'',NULL,'Kp. Cipayung Gg. Kancil RT.04/07',NULL,'',NULL,'Sukabumi','1958-08-10','0815 11357000','P',4,NULL,NULL,NULL,NULL,NULL,NULL,0),(701,'Sudjiman','sudjiman@gmail.com',NULL,NULL,'12.03.17.170858.04302',NULL,'Jl. Belimbing DIAN ASRI No. 14 ',NULL,'',NULL,'Sragen','1958-08-17','081310408389','L',4,NULL,NULL,NULL,NULL,NULL,NULL,0),(702,'Fredericus ','fredericus.@gmail.com',NULL,NULL,'09.5206.070958.0607',NULL,'Palmerah Utara III No.15b RT08/06',NULL,'',NULL,'Yogyakarta','1958-09-07','0811 986597','L',4,NULL,NULL,NULL,NULL,NULL,NULL,0),(704,'Widodo','widodo@gmail.com',NULL,NULL,'',NULL,'Jl.Duta Darma VIII Blok 9/20 RT.05/02 Perumahan Pondok Hijau',NULL,'',NULL,'Malang','1959-06-30','0812 9414958','L',4,NULL,NULL,NULL,NULL,NULL,NULL,0),(705,'Johnson ','johnson.@gmail.com',NULL,NULL,'',NULL,'Puri Nirwana 1 Blok K 29 RT.03/16',NULL,'',NULL,'Jakarta','1958-09-26','','L',4,NULL,NULL,NULL,NULL,NULL,NULL,0),(706,'Dicky ','dicky.@gmail.com',NULL,NULL,'3213030710580006',NULL,'Puri Nirwana I Blok Y-4 ',NULL,'',NULL,'jakarta','1958-10-07','08179018858','L',4,NULL,NULL,NULL,NULL,NULL,NULL,0),(707,'Khamdani','khamdani@gmail.com',NULL,NULL,'32.03.17.101058.11945',NULL,'Kampung Pos ',NULL,'',NULL,'Brebes','1958-10-10','087888997730','L',4,NULL,NULL,NULL,NULL,NULL,NULL,0),(708,'Abu ','abu.@gmail.com',NULL,NULL,'32.03.17.111058.01.504',NULL,'Kp. Sawah  RT.01/11 No.27',NULL,'',NULL,'Kotabaru','1958-10-11','081314028897','L',4,NULL,NULL,NULL,NULL,NULL,NULL,0),(709,'Armawi','armawi@gmail.com',NULL,NULL,'3201011310580003',NULL,'Kp.Kandang ',NULL,'',NULL,'Bogor','1958-10-13','08170138597','L',4,NULL,NULL,NULL,NULL,NULL,NULL,0),(710,'R ','r.@gmail.com',NULL,NULL,'3201012810580006',NULL,'Komp.Bakosurtanal C9 ',NULL,'',NULL,'Bandung','1958-10-28','08128227349','L',4,NULL,NULL,NULL,NULL,NULL,NULL,0),(711,'Yovita ','yovita.@gmail.com',NULL,NULL,'32.03.17.711058.07023',NULL,'Puri Nirwana I Blok Q No. 01',NULL,'',NULL,'Yogyakarta','1958-10-31','0812 9020070','P',4,NULL,NULL,NULL,NULL,NULL,NULL,0),(712,'Hari ','hari.@gmail.com',NULL,NULL,'3603241011580002',NULL,'Jl. Anggrek Merpati , Perum. Pondok Kacang Prima E4/3',NULL,'Jl. Anggrek Merpati, Perum. Pondok Kacang Prima E4/3',NULL,'Tegal','1958-11-10','081510989250','L',4,NULL,NULL,NULL,NULL,NULL,NULL,0),(713,'M ','m.@gmail.com',NULL,NULL,'32031711115811003',NULL,'Jl. Kelurahan No.82 RT.02/09',NULL,'',NULL,'','1958-11-11','08121888270','L',4,NULL,NULL,NULL,NULL,NULL,NULL,0),(714,'Yusuf ','yusuf.@gmail.com',NULL,NULL,'0950062411580562',NULL,'Jl. Cicurug No. 7',NULL,'',NULL,'Bandung','1958-11-24','0811157982','L',4,NULL,NULL,NULL,NULL,NULL,NULL,0),(715,'Suhardi','suhardi@gmail.com',NULL,NULL,'3201012711580005',NULL,'Padurenan Rt.001/007, Pabuaran, Cibinong, Kabupaten Bogor, Jawa  Barat. ',NULL,'',NULL,'Sleman','1958-11-27','081384430058','L',4,NULL,NULL,NULL,NULL,NULL,NULL,0),(716,'Dibyo ','dibyo.@gmail.com',NULL,NULL,'32.03.17.271158.06858',NULL,'Komp.Bakosurtanal, Jl.Golf  No.60',NULL,'',NULL,'Tegal','1958-11-27','0852 28134161','L',4,NULL,NULL,NULL,NULL,NULL,NULL,0),(717,'Johny ','johny.@gmail.com',NULL,NULL,'3276022712580004',NULL,'Jl. Amber 9 Blok CC 9 / 01r',NULL,'',NULL,'semarang','1958-12-27','081387119311','L',4,NULL,NULL,NULL,NULL,NULL,NULL,0),(718,'Marveltito ','marveltito.@gmail.com',NULL,NULL,'3201013012580011',NULL,'Kp. Kandang  No. 37',NULL,'Kampung Kandang',NULL,'Bandung','1958-12-30','08159172780','L',4,NULL,NULL,NULL,NULL,NULL,NULL,0),(719,'Parta','parta@gmail.com',NULL,NULL,'32.03.17.311258.10336',NULL,'Jl. Kelurahan Komp. Pabuaran E52 ',NULL,'',NULL,'jakarta','1958-12-31','085719462142','L',4,NULL,NULL,NULL,NULL,NULL,NULL,0),(720,'Puji ','puji.@gmail.com',NULL,NULL,'0440/02977/152024',NULL,'BTN Tanah Baru Blok G Kav IV No.19',NULL,'',NULL,'Purbalingga','1958-12-31','0813 81366399','P',4,NULL,NULL,NULL,NULL,NULL,NULL,0),(721,'Cecep','cecep@gmail.com',NULL,NULL,'320.1010.2015.90004',NULL,'Jl. HM. AshariKp. Cibinong,',NULL,'',NULL,'cibinong','1959-01-02','085693437574','L',4,NULL,NULL,NULL,NULL,NULL,NULL,0),(722,'Tarjo ','tarjo.@gmail.com',NULL,NULL,'',NULL,'Sukahati II RT.02/10',NULL,'',NULL,'tanggulun','1959-01-08','','L',4,NULL,NULL,NULL,NULL,NULL,NULL,0),(723,'Kristadji','kristadji@gmail.com',NULL,NULL,'32.03.17080139-05365',NULL,'Cikaret Kel Harapan Jaya',NULL,'',NULL,'','1959-01-08','08111104508','L',4,NULL,NULL,NULL,NULL,NULL,NULL,0),(724,'Haryono','haryono@gmail.com',NULL,NULL,'3674061301590010',NULL,'Sawangan Permai Blok C3 no.9 RT.6/9 Kel. Pasir Putih, Kec Sawangan, Depok',NULL,'',NULL,NULL,NULL,NULL,NULL,4,NULL,NULL,NULL,NULL,NULL,NULL,0),(726,'Yatin ','yatin.@gmail.com',NULL,NULL,'320.1341601590001',NULL,'Kp. Bantarjaya',NULL,'',NULL,'','1959-01-16','0812 9007690','L',4,NULL,NULL,NULL,NULL,NULL,NULL,0),(727,'Herutopo ','herutopo.@gmail.com',NULL,NULL,'32.7105.210159.0002',NULL,'Perum. Pondok Aren Jl.Tarakan Blok G6 No.23 ',NULL,'',NULL,'Yogyakarta','1959-01-21','0812 9479485','L',4,NULL,NULL,NULL,NULL,NULL,NULL,0),(728,'Tri ','tri.@gmail.com',NULL,NULL,'32.7105.010259.0004',NULL,'Perum. Pondok Aren Jl. Tarakan No. 433, RT.11/RW.07 Kelurahan Ciluar, Kecamatan Bogor Utara, Kota Bogor Provinsi Jawa Barat',NULL,'BTN Perum. Pondok Aren Jl. Tarakan No. 433, RT.11/RW.07 Kelurahan Ciluar, Kecamatan Bogor Utara, Kota Bogor Provinsi Jawa Barat',NULL,'Yogyakarta','1959-02-01','0816856097','L',4,NULL,NULL,NULL,NULL,NULL,NULL,0),(729,'Slamet ','slamet.@gmail.com',NULL,NULL,'',NULL,'Jl. Golf RT.04/05',NULL,'',NULL,'Purworejo','1959-03-03','','L',4,NULL,NULL,NULL,NULL,NULL,NULL,0),(730,'Gunadi ','gunadi.@gmail.com',NULL,NULL,'',NULL,'Duta Indah, Jl. Kenanga XII Blok K8/8',NULL,'',NULL,'','1959-03-05','','L',4,NULL,NULL,NULL,NULL,NULL,NULL,0),(731,'Jamaludin','jamaludin@gmail.com',NULL,NULL,'3201010603590004',NULL,'Pondok Widyatama indah 04/10',NULL,'',NULL,'cirebon','1959-03-06','081382446059','L',4,NULL,NULL,NULL,NULL,NULL,NULL,0),(732,'Sugeng ','sugeng.@gmail.com',NULL,NULL,'',NULL,'Komplek BAKOSURTANAL No.54',NULL,'',NULL,'Malang','1959-03-09','','L',4,NULL,NULL,NULL,NULL,NULL,NULL,0),(733,'Basuki ','basuki.@gmail.com',NULL,NULL,'',NULL,'Jl.Wira jasa 2 Blok L No.08 ',NULL,'',NULL,'-','1959-03-13','','L',4,NULL,NULL,NULL,NULL,NULL,NULL,0),(734,'Wadino','wadino@gmail.com',NULL,NULL,'3201012203590003',NULL,'Cikaret ',NULL,'',NULL,'','1959-03-22','081210082769','L',4,NULL,NULL,NULL,NULL,NULL,NULL,0),(735,'Adolfientje ','adolfientje.@gmail.com',NULL,NULL,'',NULL,'Cawang 111 RT.001/08',NULL,'',NULL,'???','1959-04-01','','P',4,NULL,NULL,NULL,NULL,NULL,NULL,0),(736,'Erna ','erna.@gmail.com',NULL,NULL,'320114404590006',NULL,'Komp. BAKOSURTANAL Ciriung Jl. Golf NO. 36 ',NULL,'',NULL,'Jakarta','1959-04-04','08161141985','P',4,NULL,NULL,NULL,NULL,NULL,NULL,0),(737,'Bambang ','bambang.@gmail.com',NULL,NULL,'3201011504590009',NULL,'Jl. Durian Dian ASRI II D.5 No.5 ',NULL,'Jl. Durian Dian Asri II D.5 No.5',NULL,'Jakarta','1959-04-15','08129493487','L',4,NULL,NULL,NULL,NULL,NULL,NULL,0),(738,'Nurwadjedi','nurwadjedi@gmail.com',NULL,NULL,'32.7104.240459.0002',NULL,'Jl. Pinang Raya No.41 Taman Yasmin sektor VI ',NULL,'',NULL,'Malang','1959-04-24','0816 1421740','L',4,NULL,NULL,NULL,NULL,NULL,NULL,0),(740,'Karda','karda@gmail.com',NULL,NULL,'3201011105690003',NULL,'Jl. Tegar Beriman Kp. Cikempong, ',NULL,'',NULL,'Bogor','1959-05-11','081281977104','L',4,NULL,NULL,NULL,NULL,NULL,NULL,0),(741,'Adi ','adi.@gmail.com',NULL,NULL,'24.857.931.0-403.000',NULL,'NIRWANA ESTATE BLOK GG 10 CIBINONG BOGOR',NULL,'NIRWANA ESTATE BLOK GG 10 CIBINONG BOGOR',NULL,'Jakarta','1959-05-13','0817 748231','L',4,NULL,NULL,NULL,NULL,NULL,NULL,0),(742,'Trini ','trini.@gmail.com',NULL,NULL,'32.7103.530559.0003',NULL,'Komplek Bogor Baru Blok F II/ 12 ',NULL,'',NULL,'','1959-05-13','0816 959513','P',4,NULL,NULL,NULL,NULL,NULL,NULL,0),(743,'Caca ','caca.@gmail.com',NULL,NULL,'32.7105.300659.0006',NULL,'Jl. Samosir No.276 Perumahan Pondok Aren ',NULL,'Perumahan Pondok Aren Jl.Samosir No.276 Ciluar-Bogor Utara Kota Bogor',NULL,'garut','1959-06-30','0812 9814805','L',4,NULL,NULL,NULL,NULL,NULL,NULL,0),(744,'Budi ','budi.@gmail.com',NULL,NULL,'3201010307590003',NULL,'Jl.Siroful Munir ',NULL,'',NULL,'purbalingga','1959-07-03','08121959006','L',4,NULL,NULL,NULL,NULL,NULL,NULL,0),(745,'Dulwahid','dulwahid@gmail.com',NULL,NULL,'3201010.7075.90012',NULL,'Jl. HM. Asyari RT.05/01',NULL,'',NULL,'jakarta','1959-07-07','081310739409','L',4,NULL,NULL,NULL,NULL,NULL,NULL,0),(746,'Suwarti','suwarti@gmail.com',NULL,NULL,'3201015707590003',NULL,'Komp.Bakosurtanal, Jl. Golf ',NULL,'',NULL,'madiun','1959-07-17','08159188404','P',4,NULL,NULL,NULL,NULL,NULL,NULL,0),(747,'Hironimus ','hironimus.@gmail.com',NULL,NULL,'32.03.15.200759.12345',NULL,'Karang Asem Barat RT. 08/09',NULL,'',NULL,'muntilan','1959-07-20','','L',4,NULL,NULL,NULL,NULL,NULL,NULL,0),(748,'Mimi ','mimi.@gmail.com',NULL,NULL,'105101.430869.0002',NULL,'Jl. Banda 50 Pond. Aren ',NULL,'',NULL,'ujung pandang','1959-08-03','0812 8322320','P',4,NULL,NULL,NULL,NULL,NULL,NULL,0),(749,'Abdulah','abdulah@gmail.com',NULL,NULL,'32.7104.09.08590002',NULL,'Cilendek ',NULL,'',NULL,'Bogor','1959-08-09','081311305402','L',4,NULL,NULL,NULL,NULL,NULL,NULL,0),(750,'Bernad ','bernad.@gmail.com',NULL,NULL,'32031709085905118',NULL,'Perum Puri Nirwana I Blok FF 21-22',NULL,'',NULL,'Sidikalang','1959-08-09','081380118100','L',4,NULL,NULL,NULL,NULL,NULL,NULL,0),(751,'Slamet ','slamet.@gmail.com',NULL,NULL,'32.03171005/1671/....',NULL,'Jl. Sari Mulya ',NULL,'',NULL,'jakarta','1959-08-17','081385354903','L',4,NULL,NULL,NULL,NULL,NULL,NULL,0),(752,'Nyamadi','nyamadi@gmail.com',NULL,NULL,'32.7105.040959.0003',NULL,'Jl.Nusa Penida No.452 ',NULL,'',NULL,'jakarta','1959-09-04','0812 8594872','L',4,NULL,NULL,NULL,NULL,NULL,NULL,0),(753,'Sabar ','sabar.@gmail.com',NULL,NULL,'3276050909590009',NULL,'Taman Manggis Permai Blok T 15',NULL,'',NULL,'Kediri','1959-09-09','081314929029','L',4,NULL,NULL,NULL,NULL,NULL,NULL,0),(754,'Mohammad ','mohammad.@gmail.com',NULL,NULL,'32.03.17.140959.04196',NULL,'Jl.Cempaka No.14 ',NULL,'',NULL,'','1959-09-14','0852 17660096','L',4,NULL,NULL,NULL,NULL,NULL,NULL,0),(755,'Narto','narto@gmail.com',NULL,NULL,'320.1011509590007',NULL,'Jl.Jambu',NULL,'',NULL,'jagyakarta','1959-09-15','087870706644','L',4,NULL,NULL,NULL,NULL,NULL,NULL,0),(756,'Melly ','melly.@gmail.com',NULL,NULL,'32.03.17.600959.03380',NULL,'Komplek Bakosurtanal Ciriung, No 68 ',NULL,'',NULL,'cianjur','1959-09-20','081385353888','P',4,NULL,NULL,NULL,NULL,NULL,NULL,0),(757,'M ','m.@gmail.com',NULL,NULL,'32.7105.250959.0006',NULL,'Jl.Calincing I ',NULL,'',NULL,'Gombong','1959-09-25','0812 8214359','L',4,NULL,NULL,NULL,NULL,NULL,NULL,0),(758,'Khairul','khairul@gmail.com',NULL,NULL,'',NULL,'Jl. Kartini RT.08/05',NULL,'',NULL,'Kerinci','1959-10-23','081316373731','L',4,NULL,NULL,NULL,NULL,NULL,NULL,0),(759,'Sumardijono','sumardijono@gmail.com',NULL,NULL,'',NULL,'Jl Kaswari Inkopol E2/81 RT.12/05',NULL,'',NULL,'','2045-03-23','','L',4,NULL,NULL,NULL,NULL,NULL,NULL,0),(760,'Siti ','siti.@gmail.com',NULL,NULL,'',NULL,'Jl. Madivif I No. 78Y RT.01/01',NULL,'',NULL,'','2045-05-16','0813 14145152','P',4,NULL,NULL,NULL,NULL,NULL,NULL,0),(761,'Suryono','suryono@gmail.com',NULL,NULL,'',NULL,'Komp. BAKOSURTANAL CIRIUNG No. 1 RT.03/05',NULL,'',NULL,'','2046-01-31','','L',4,NULL,NULL,NULL,NULL,NULL,NULL,0),(762,'Roem ','roem.@gmail.com',NULL,NULL,'',NULL,'Jl. Merdeka No 124',NULL,'',NULL,'','2048-04-07','','P',4,NULL,NULL,NULL,NULL,NULL,NULL,0),(763,'Sumartoyo','sumartoyo@gmail.com',NULL,NULL,'32.03.17.071049.04292',NULL,'Komp.Bakosrtanal, Jl. Golf No.62 ',NULL,'',NULL,'','2049-10-07','','L',4,NULL,NULL,NULL,NULL,NULL,NULL,0),(764,'Aris ','aris.@gmail.com',NULL,NULL,'195004051977031002',NULL,'Komplek BAKOSURTANAL no 12, Jl Golf',NULL,'',NULL,'','1950-04-05','08128117713','L',4,NULL,NULL,NULL,NULL,NULL,NULL,0),(765,'Helman','helman@gmail.com',NULL,NULL,'',NULL,'Jl. Golf Komp.Bakosurtanal No.07 Rt.003/05',NULL,'',NULL,'','1950-04-15','08128710871','L',4,NULL,NULL,NULL,NULL,NULL,NULL,0),(766,'Rudolf ','rudolf.@gmail.com',NULL,NULL,'',NULL,'Jl. Pelita I/20 Kedung Halang',NULL,'',NULL,'','1950-08-22','','L',4,NULL,NULL,NULL,NULL,NULL,NULL,0),(767,'Priambodo','priambodo@gmail.com',NULL,NULL,'1050111707510001',NULL,'Jl. Suryalaya Tengah No. 26 RT.02/10',NULL,'',NULL,'','1951-07-17','0811210126','L',4,NULL,NULL,NULL,NULL,NULL,NULL,0),(768,'Sobar ','sobar.@gmail.com',NULL,NULL,'3271031411510002',NULL,'Jl.Sempur Kaler No 98 ',NULL,'',NULL,'Ciamis','1951-11-14','08121105126','L',4,NULL,NULL,NULL,NULL,NULL,NULL,0),(769,'Kris ','kris.@gmail.com',NULL,NULL,'3201010712510001',NULL,'Komp. BAKOSURTANAL, Cikaret No.6 ',NULL,'',NULL,'','1951-12-07','0812 1012141','L',4,NULL,NULL,NULL,NULL,NULL,NULL,0),(770,'Chaerul ','chaerul.@gmail.com',NULL,NULL,'',NULL,'Komp. BAKOSURTANAL- Pabuaran No. 57 RT.02/09',NULL,'',NULL,'','1952-03-15','0816712479','L',4,NULL,NULL,NULL,NULL,NULL,NULL,0),(771,'Rochman ','rochman.@gmail.com',NULL,NULL,'',NULL,'Jl.Sadewa Raya Blok 43 No. 1 RT.001/022',NULL,'',NULL,'','1952-08-15','08161646185','L',4,NULL,NULL,NULL,NULL,NULL,NULL,0),(772,'Bambang ','bambang.@gmail.com',NULL,NULL,'',NULL,'Jl Pelita I/18 Kedung Halang Talang',NULL,'',NULL,'-','1952-11-07','','L',4,NULL,NULL,NULL,NULL,NULL,NULL,0),(773,'Poentodewo ','poentodewo.@gmail.com',NULL,NULL,'320101 081152 0003',NULL,'Komp. BAKOSURTANAL Cikaret No. 7 ',NULL,'',NULL,'','1952-11-08','0816751804','L',4,NULL,NULL,NULL,NULL,NULL,NULL,0),(774,'Suharto ','suharto.@gmail.com',NULL,NULL,'3201012012520001',NULL,'Komp. BAKOSURTANAL Ciriung Jl. Golf No. 17 ',NULL,'',NULL,'-','1952-12-20','08129508652','L',4,NULL,NULL,NULL,NULL,NULL,NULL,0),(776,'Suwahyuono','suwahyuono@gmail.com',NULL,NULL,'',NULL,'Komp. BAKOSURTANAL Cikaret  C 11 ',NULL,'',NULL,'','1953-04-14','','L',4,NULL,NULL,NULL,NULL,NULL,NULL,0),(777,'Yulianus ','yulianus.@gmail.com',NULL,NULL,'10.5103.270553.003',NULL,'Jl. Ciheuleut, Pakuan ',NULL,'',NULL,'','1953-05-27','0816 630039','L',4,NULL,NULL,NULL,NULL,NULL,NULL,0),(780,'Saikan','saikan@gmail.com',NULL,NULL,'',NULL,'Jl. Kelurahan Komp. BAKOSURTANAL Pabuaran RT.02/09',NULL,'',NULL,'','1954-01-25','','L',4,NULL,NULL,NULL,NULL,NULL,NULL,0),(781,'Joko ','joko.@gmail.com',NULL,NULL,'',NULL,'Perum DIAN ASRI 2  Jl. Anggur Blok D5/18 RT.04/15',NULL,'',NULL,'','1954-01-26','0812818927','L',4,NULL,NULL,NULL,NULL,NULL,NULL,0),(782,'Ruddy ','ruddy.@gmail.com',NULL,NULL,'',NULL,'Komp. BAKOSURTANAL CIKARET C10',NULL,'',NULL,'','1954-03-07','','L',4,NULL,NULL,NULL,NULL,NULL,NULL,0),(783,'Tatang','tatang@gmail.com',NULL,NULL,'',NULL,'Nanggewer Indah Kp Poncol RT.02/05',NULL,'',NULL,'','1954-03-14','','L',4,NULL,NULL,NULL,NULL,NULL,NULL,0),(784,'Gumilar','gumilar@gmail.com',NULL,NULL,'',NULL,'Komplek bakosurtanal Cikaret D 16',NULL,'',NULL,'','1954-03-27','','L',4,NULL,NULL,NULL,NULL,NULL,NULL,0),(785,'Suhardi ','suhardi.@gmail.com',NULL,NULL,'',NULL,'Komp.Bakosurtanal Ciriung Jl. Golf No.49 RT.03/05',NULL,'',NULL,'','1954-04-11','','L',4,NULL,NULL,NULL,NULL,NULL,NULL,0),(786,'Juzirwan','juzirwan@gmail.com',NULL,NULL,'',NULL,'Jl. Pakuan I No.3 RT.01/08',NULL,'',NULL,'','1954-05-03','081514282919','L',4,NULL,NULL,NULL,NULL,NULL,NULL,0),(787,'Suharti','suharti@gmail.com',NULL,NULL,'',NULL,'Jl.Bangka No.91 RT.03/07',NULL,'',NULL,'','1954-06-25','','P',4,NULL,NULL,NULL,NULL,NULL,NULL,0),(788,'Iskandar','iskandar@gmail.com',NULL,NULL,'',NULL,'Jl Taman Bunga Rt.11/Rw.07',NULL,'',NULL,'','1954-07-13','','L',4,NULL,NULL,NULL,NULL,NULL,NULL,0),(789,'Achmad ','achmad.@gmail.com',NULL,NULL,'',NULL,'Jl. Jabaru I RT.03/05',NULL,'',NULL,'','1954-08-26','0813 81950451','L',4,NULL,NULL,NULL,NULL,NULL,NULL,0),(790,'Sumidjah','sumidjah@gmail.com',NULL,NULL,'',NULL,'Jl. Melon RT.02/05',NULL,'',NULL,'','1954-09-07','','P',4,NULL,NULL,NULL,NULL,NULL,NULL,0),(791,'Sukendra ','sukendra.@gmail.com',NULL,NULL,'3201011209540006',NULL,'Komp. BAKOSURTANAL CIKARET',NULL,'',NULL,'-','1954-09-12','0812 8101577','L',4,NULL,NULL,NULL,NULL,NULL,NULL,0),(792,'Sudjono','sudjono@gmail.com',NULL,NULL,'',NULL,'Jl.Taman Duta Timur RT.02/09',NULL,'',NULL,'','1954-09-17','0816 721300','L',4,NULL,NULL,NULL,NULL,NULL,NULL,0),(793,'Inna ','inna.@gmail.com',NULL,NULL,'',NULL,'Jl. Kenanga Blok Y/V No.4 TM Bogor RT.002/008',NULL,'',NULL,'','1954-09-20','08121106821','P',4,NULL,NULL,NULL,NULL,NULL,NULL,0),(794,'I ','i.@gmail.com',NULL,NULL,'',NULL,'Jl. Golf Jagorawi',NULL,'',NULL,'','1954-10-24','','L',4,NULL,NULL,NULL,NULL,NULL,NULL,0),(795,'Bebas ','bebas.@gmail.com',NULL,NULL,'09.5305.041154.0369',NULL,'Komplek TVRI Jalan Kemandoran VIII No 52 ',NULL,'',NULL,'','1954-11-04','0818898843','L',4,NULL,NULL,NULL,NULL,NULL,NULL,0),(796,'Lastri ','lastri.@gmail.com',NULL,NULL,'',NULL,'Komp. BAKOSURTANAL, JL.Golf RT.03/05 No. D43',NULL,'',NULL,'','1954-11-14','','P',4,NULL,NULL,NULL,NULL,NULL,NULL,0),(797,'Dharsono','dharsono@gmail.com',NULL,NULL,'',NULL,'Kp. Sidamukti RT.04/01 Sukamaju Sukmajaya',NULL,'',NULL,'','1954-12-21','','L',4,NULL,NULL,NULL,NULL,NULL,NULL,0),(798,'Radjiman ','radjiman.@gmail.com',NULL,NULL,'',NULL,'Komplek Bakosurtanal, Jl.Golf RT.03/05 No. 12',NULL,'',NULL,'','1955-01-05','0812 8306417','L',4,NULL,NULL,NULL,NULL,NULL,NULL,0),(799,'Cecep ','cecep.@gmail.com',NULL,NULL,'',NULL,'Puri Nirwana Blok X-1 RT.06/16',NULL,'',NULL,'','1955-01-17','0812 8138281','L',4,NULL,NULL,NULL,NULL,NULL,NULL,0),(800,'Heny ','heny.@gmail.com',NULL,NULL,'',NULL,'Komp. BAKOSURTANAL, Jl.Golf RT.03/05',NULL,'',NULL,'','1955-01-21','0856 93639993','L',4,NULL,NULL,NULL,NULL,NULL,NULL,0),(801,'Chris ','chris.@gmail.com',NULL,NULL,'',NULL,'Jl. Kelurahan RT.02/09',NULL,'',NULL,'','1955-01-21','0818 02905888','L',4,NULL,NULL,NULL,NULL,NULL,NULL,0),(802,'Supraptono','supraptono@gmail.com',NULL,NULL,'3201012401550002',NULL,'Komp. BAKOSURTANALm No. 63',NULL,'',NULL,'','1955-01-24','081311154934','L',4,NULL,NULL,NULL,NULL,NULL,NULL,0),(803,'Niman','niman@gmail.com',NULL,NULL,'',NULL,'Jl. Raya Jakarta-Bogor Bedahan Rt. 01/01',NULL,'',NULL,'','1955-01-27','','L',4,NULL,NULL,NULL,NULL,NULL,NULL,0),(804,'Wibowo','wibowo@gmail.com',NULL,NULL,'',NULL,'Jln.Raya Sindang Laya No.239.',NULL,'',NULL,'','1955-01-31','','L',4,NULL,NULL,NULL,NULL,NULL,NULL,0),(805,'Jafar ','jafar.@gmail.com',NULL,NULL,'',NULL,'Jl. Kinanti II BTN Tanah Baru Blok G II No.9 RT.03/09',NULL,'',NULL,'','1955-02-05','','L',4,NULL,NULL,NULL,NULL,NULL,NULL,0),(806,'Marnoto','marnoto@gmail.com',NULL,NULL,'',NULL,'Jl. H. Toha RT.04/03',NULL,'',NULL,'','1955-02-12','','L',4,NULL,NULL,NULL,NULL,NULL,NULL,0),(807,'Sumanto','sumanto@gmail.com',NULL,NULL,'32.03.17.050355.16944',NULL,'Jl. Prambanan VII RT.07/16 Pabuaran',NULL,'',NULL,'','1955-03-05','02126246533','L',4,NULL,NULL,NULL,NULL,NULL,NULL,0),(808,'Sugeng','sugeng@gmail.com',NULL,NULL,'',NULL,'Ciriung 44 RT.03/05',NULL,'',NULL,'','1955-03-17','','L',4,NULL,NULL,NULL,NULL,NULL,NULL,0),(809,'Supraptijo','supraptijo@gmail.com',NULL,NULL,'',NULL,'Jl. Nusa Penida RT.11/07',NULL,'',NULL,'','1955-04-03','0812 9479519','L',4,NULL,NULL,NULL,NULL,NULL,NULL,0),(810,'Rachmat ','rachmat.@gmail.com',NULL,NULL,'',NULL,'Puri Alam Kencana Jl. Jambu RT. 01/07',NULL,'',NULL,'','1955-04-11','081808077515','L',4,NULL,NULL,NULL,NULL,NULL,NULL,0),(812,'Andi ','andi.@gmail.com',NULL,NULL,'',NULL,'Jl. Cempaka No.14 RT.01/04',NULL,'',NULL,'','1955-05-14','','L',4,NULL,NULL,NULL,NULL,NULL,NULL,0),(814,'Siamsuhardi','siamsuhardi@gmail.com',NULL,NULL,'',NULL,'Jln. Durian. A. 85 RT.01/10 Angkasa Puri Jati Mekar',NULL,'',NULL,'','1955-05-18','085219998830','L',4,NULL,NULL,NULL,NULL,NULL,NULL,0),(815,'Susatyowati','susatyowati@gmail.com',NULL,NULL,'',NULL,'Jl.Bajang Ratu NI No.2 RT.005/009',NULL,'',NULL,'','1955-05-31','08170962466','P',4,NULL,NULL,NULL,NULL,NULL,NULL,0),(816,'Sudarto','sudarto@gmail.com',NULL,NULL,'3201010206550001',NULL,'Kp. Sarimulya ',NULL,'',NULL,'','1955-06-02','','L',4,NULL,NULL,NULL,NULL,NULL,NULL,0),(817,'Achmad ','achmad.@gmail.com',NULL,NULL,'32.03.14.05065532.961',NULL,'Jl. Cendrawasih 6 No. 08 Nusantara 3 ',NULL,'',NULL,'','1955-06-05','085741464370','L',4,NULL,NULL,NULL,NULL,NULL,NULL,0),(818,'Widiantoro','widiantoro@gmail.com',NULL,NULL,'32.03.17.290668.03085',NULL,'Curug Rt. 05/03 No. 45',NULL,'',NULL,'Jakarta','1968-06-29','081385422972','L',4,NULL,NULL,NULL,NULL,NULL,NULL,0),(819,'Rachman ','rachman.@gmail.com',NULL,NULL,'',NULL,'Vila Bogor Indah RT 001/014',NULL,'',NULL,'-','1968-07-21','0818 961491','L',4,NULL,NULL,NULL,NULL,NULL,NULL,0),(820,'Husaeni','husaeni@gmail.com',NULL,NULL,'32.03.17.050868.02249',NULL,'Jl.H.Raian Cikaret No.10',NULL,'',NULL,'bogor','1968-08-05','+628176777207 / +628','L',4,NULL,NULL,NULL,NULL,NULL,NULL,0),(821,'Ukan ','ukan.@gmail.com',NULL,NULL,'3201012708680003',NULL,'Jl. Golf Komp Bakosurtanal No.39 Jl Golf RT-03 RW-05 Kelurahan Ciriung Kecamatan Cibinong',NULL,'Jl. Golf Komp Bakosurtanal No.39 Jl Golf RT-03 RW-05 Kelurahan Ciriung Kecamatan Cibinong',NULL,'jalaksana','1968-08-27','08159422329','L',4,NULL,NULL,NULL,NULL,NULL,NULL,0),(822,'Sofie ','sofie.@gmail.com',NULL,NULL,'10.5106.260968.0003',NULL,'Jl. Majapahit no. 100 Kav. 4 RT 03/04 Kedung badak,Tanah Sareal Bogor',NULL,'Jl. Majapahit no. 100 Kav.  Kedung badak,Tanah Sareal Bogor',NULL,'Brebes','1968-09-26','08121108488','L',4,NULL,NULL,NULL,NULL,NULL,NULL,0),(823,'Oktap ','oktap.@gmail.com',NULL,NULL,'3201011510880009',NULL,'Kp. Sawah ',NULL,'',NULL,'majalengka','1968-10-15','0813 86391742','L',4,NULL,NULL,NULL,NULL,NULL,NULL,0),(824,'Imam ','imam.@gmail.com',NULL,NULL,'3201011211680010',NULL,'Pajelaran Rt. 6/8  RT.06/08 Sukahati',NULL,'',NULL,'','1968-11-12','08132297768','L',4,NULL,NULL,NULL,NULL,NULL,NULL,0),(825,'Parijo','parijo@gmail.com',NULL,NULL,'32.031717116808229',NULL,'Buni Sari ',NULL,'',NULL,'kebumen','1968-11-17','087770691467','L',4,NULL,NULL,NULL,NULL,NULL,NULL,0),(826,'Hartono','hartono@gmail.com',NULL,NULL,'09.5309271168.0315',NULL,'Jl. Sirsak Babakan  Jagakarsa',NULL,'',NULL,'','1968-11-27','081310161214','L',4,NULL,NULL,NULL,NULL,NULL,NULL,0),(827,'Herry ','herry.@gmail.com',NULL,NULL,'',NULL,'',NULL,'',NULL,'-','1969-01-15','','L',4,NULL,NULL,NULL,NULL,NULL,NULL,0),(829,'Djoko ','djoko.@gmail.com',NULL,NULL,'3201011602690012',NULL,'Jl. Golf Citatah Dalam ',NULL,'',NULL,'Bogor','1969-02-16','02195736049','L',4,NULL,NULL,NULL,NULL,NULL,NULL,0),(830,'Paiman','paiman@gmail.com',NULL,NULL,'',NULL,'Kp.Kandang RT.04/06 Pakansari',NULL,'',NULL,'','1969-04-21','08128347906','L',4,NULL,NULL,NULL,NULL,NULL,NULL,0),(832,'Taufik ','taufik.@gmail.com',NULL,NULL,'3171031105690006',NULL,'Jl. Sumur Batu',NULL,'',NULL,'Jakarta','1969-05-11','0817800410','L',4,NULL,NULL,NULL,NULL,NULL,NULL,0),(833,'Mustopa','mustopa@gmail.com',NULL,NULL,'32031702066906223',NULL,'Perum. Puri Nirwana II Blo0k BB 12 N',NULL,'',NULL,'Brebes','1969-06-02','02187902277','L',4,NULL,NULL,NULL,NULL,NULL,NULL,0),(834,'Ati ','ati.@gmail.com',NULL,NULL,'10.5101.580769.001',NULL,'Komp.P dan K, Jl. Fisika No.25',NULL,'',NULL,'Bogor','1969-07-18','08129537905','P',4,NULL,NULL,NULL,NULL,NULL,NULL,0),(835,'N. ','n..@gmail.com',NULL,NULL,'3201016207690001',NULL,'Perum. Pondok Widyatama Indah ',NULL,'',NULL,'Kuningan','1969-07-22','08128635907','P',4,NULL,NULL,NULL,NULL,NULL,NULL,0),(837,'Ade ','ade.@gmail.com',NULL,NULL,'',NULL,'Bogor Raya Permai FA IX No.28 RT.004/011',NULL,'',NULL,'Tasikmalaya','1969-08-21','081319879732','L',4,NULL,NULL,NULL,NULL,NULL,NULL,0),(838,'Sunarti','sunarti@gmail.com',NULL,NULL,'3201015210690019',NULL,'Perum Puri Nirwana 2 Blok BB No.01',NULL,'',NULL,NULL,NULL,NULL,NULL,4,NULL,NULL,NULL,NULL,NULL,NULL,0),(839,'Jalan Manggis I','jalan.manggis.i@gmail.com',NULL,NULL,'banyumas',NULL,'1969-10-12 00:00:00',NULL,'08179002651',NULL,'P',NULL,NULL,NULL,4,NULL,NULL,NULL,NULL,NULL,NULL,0),(840,'Toto ','toto.@gmail.com',NULL,NULL,'3201012312690001',NULL,'Perum Visar Indah Pratama Blok VB 3, Jl. Kenanga III/9 ',NULL,'Perum Visar Indah Pratama Blok VB 3, Jl. Kenanga III/9 ',NULL,'karanganyar','1969-12-23','0812 88350102','L',4,NULL,NULL,NULL,NULL,NULL,NULL,0),(841,'Teguh ','teguh.@gmail.com',NULL,NULL,'3201011002700008',NULL,'Komp. BAKOSURTANAL D5 ',NULL,'',NULL,'Jakarta','1970-02-10','081384384416','L',4,NULL,NULL,NULL,NULL,NULL,NULL,0),(842,'Elvira ','elvira.@gmail.com',NULL,NULL,'3271055602700007',NULL,'Perum.Villa Bogor Indah Blok G.1 No.4 ',NULL,'',NULL,'Bandung','1970-02-16','08128221426','P',4,NULL,NULL,NULL,NULL,NULL,NULL,0),(843,'Nunuh ','nunuh.@gmail.com',NULL,NULL,'320101100700022',NULL,'Jl. Suka Bakti II Rt.01/16',NULL,'',NULL,'Tangerang','1970-03-10','087870706447','L',4,NULL,NULL,NULL,NULL,NULL,NULL,0),(844,'Supik ','supik.@gmail.com',NULL,NULL,'320.1015603700007',NULL,'Kamp. Curug ',NULL,'',NULL,'Panjatan Kulon Progo','1970-03-16','087770064898','P',4,NULL,NULL,NULL,NULL,NULL,NULL,0),(845,'Djoko ','djoko.@gmail.com',NULL,NULL,'3277021603700015',NULL,'Jl. Cikaret RT.06/XI',NULL,'',NULL,'cimahi','1970-03-16','087884972799','L',4,NULL,NULL,NULL,NULL,NULL,NULL,0),(846,'Iwan ','iwan.@gmail.com',NULL,NULL,'32.7106.221272.0002',NULL,'Cimanggu RT03/04',NULL,'',NULL,'Jakarta','1972-12-22','0818 06833122','L',4,NULL,NULL,NULL,NULL,NULL,NULL,0),(847,'Iyan ','iyan.@gmail.com',NULL,NULL,'',NULL,'Jl. Mandor Hasan RT.010/01 No.42',NULL,'',NULL,'','1973-02-11','','L',4,NULL,NULL,NULL,NULL,NULL,NULL,0),(848,'Fajar ','fajar.@gmail.com',NULL,NULL,'',NULL,'Padurenan No.54 Rt 05 Rw.10 Pabuaran, Cibinong',NULL,'Padurenan No.54 Rt 05 Rw.10 Pabuaran, Cibinong',NULL,'-','1973-02-20','085692529420','L',4,NULL,NULL,NULL,NULL,NULL,NULL,0),(849,'Djoko ','djoko.@gmail.com',NULL,NULL,'3201012102730003',NULL,'Perumahan Puri Nirwana III Blok CE no. 2',NULL,'Perumahan Puri Nirwana III Blok CE no. 2',NULL,'Surakarta','1973-02-21','021-92616423','L',4,NULL,NULL,NULL,NULL,NULL,NULL,0),(850,'Rizka ','rizka.@gmail.com',NULL,NULL,'32.7104.610373.0002',NULL,'Jl.KH.Sholeh Iskandar Perm.Bogor Raya Permai FA VI No.15 RT.001/011',NULL,'',NULL,'Jakarta','1973-03-21','081586064931','P',4,NULL,NULL,NULL,NULL,NULL,NULL,0),(851,'Ibnu ','ibnu.@gmail.com',NULL,NULL,'32010115047300223',NULL,'Komplek Bakosurtanal',NULL,'',NULL,'Jember','1973-04-15','08128312873','L',4,NULL,NULL,NULL,NULL,NULL,NULL,0),(852,'Satria ','satria.@gmail.com',NULL,NULL,'',NULL,'Cimanggu Permai Blok A5 No.4 Jl. Majapahit Raya',NULL,'',NULL,'Bogor','1973-07-31','','L',4,NULL,NULL,NULL,NULL,NULL,NULL,0),(853,'Suranto','suranto@gmail.com',NULL,NULL,'3201101309730002',NULL,'Kampung Jabon Mekar ',NULL,'Kampung Jabon Mekar',NULL,'Gunung Kidul','1973-09-13','081388120089','L',4,NULL,NULL,NULL,NULL,NULL,NULL,0),(854,'Ratna ','ratna.@gmail.com',NULL,NULL,'3201016310730007',NULL,'Perum. Nirwana Estate Blok MM2',NULL,'',NULL,'','1973-10-23','081311401078','P',4,NULL,NULL,NULL,NULL,NULL,NULL,0),(855,'Iwan ','iwan.@gmail.com',NULL,NULL,'32011010127301066',NULL,'Jl. Banjarwaru ',NULL,'',NULL,'bandung','1973-12-10','081316555423','L',4,NULL,NULL,NULL,NULL,NULL,NULL,0),(856,'Aris ','aris.@gmail.com',NULL,NULL,'32.03.17.151273.04549',NULL,'Cujujung Sukaraja ',NULL,'',NULL,'Gunung Kidul','1973-12-15','081310887539','L',4,NULL,NULL,NULL,NULL,NULL,NULL,0),(857,'Slamet','slamet@gmail.com',NULL,NULL,'32031711037407893',NULL,'nanggewer',NULL,'',NULL,'Magetan','1974-03-11','081398841314','L',4,NULL,NULL,NULL,NULL,NULL,NULL,0),(858,'Diah ','diah.@gmail.com',NULL,NULL,'3171046304740006',NULL,'Perumahan Bojong Depok Baru II, Jl. Siliwangi 12A, Blok GC/11, RT 10/16 Kel. Sukahati, Cibinong, Bogor',NULL,'',NULL,'Bogor','1974-04-23','081310621340','P',4,NULL,NULL,NULL,NULL,NULL,NULL,0),(859,'Dwi ','dwi.@gmail.com',NULL,NULL,'',NULL,'Bumi Cibinong Endah D9 No 25 Sukahati Cibinong Bogor',NULL,'Bumi Cibinong Endah D9 No 25 Sukahati Cibinong Bogor',NULL,'Sleman','1974-04-29','08137402684','L',4,NULL,NULL,NULL,NULL,NULL,NULL,0),(860,'Danih','danih@gmail.com',NULL,NULL,'',NULL,'Jl. Raya Pasir Putih, Masjid Al-Barkah RT.03/08',NULL,'',NULL,'','1974-07-11','','L',4,NULL,NULL,NULL,NULL,NULL,NULL,0),(862,'Ryan ','ryan.@gmail.com',NULL,NULL,'32.03.17.071074.06193',NULL,'Jl. Bumi Sentosa Raya, Komp. Bumi Sentosa ',NULL,'',NULL,'Bandung','1974-10-07','0816 617440','L',4,NULL,NULL,NULL,NULL,NULL,NULL,0),(863,'Gunawan.','gunawan.@gmail.com',NULL,NULL,'',NULL,'Jl. H. Saiyan RT.06/11',NULL,'',NULL,'Tanjung Pinang','1974-11-03','0856 2663605','L',4,NULL,NULL,NULL,NULL,NULL,NULL,0),(864,'Nani ','nani.@gmail.com',NULL,NULL,'',NULL,'Jl. Mawar III RT.02/12',NULL,'',NULL,'Bogor','1974-11-22','0812 8667197','P',4,NULL,NULL,NULL,NULL,NULL,NULL,0),(865,'Habib ','habib.@gmail.com',NULL,NULL,'3276060212740001',NULL,'Jl. Amonia Vi Blok H No. 16',NULL,'',NULL,'?','1974-12-02','08158793224','L',4,NULL,NULL,NULL,NULL,NULL,NULL,0),(866,'Anita ','anita.@gmail.com',NULL,NULL,'3201014203750019',NULL,'Jl. Cendana Puri Nirwana ',NULL,'',NULL,'','1975-03-02','08179026242','P',4,NULL,NULL,NULL,NULL,NULL,NULL,0),(867,'Tuty ','tuty.@gmail.com',NULL,NULL,'',NULL,'Duta Harapan H4 No.27',NULL,'',NULL,'banjarnegara','1975-03-19','081319203401','P',4,NULL,NULL,NULL,NULL,NULL,NULL,0),(868,'Diah ','diah.@gmail.com',NULL,NULL,'3201376905750002',NULL,'Griya Tajur Halang Blok A3/3 ',NULL,'',NULL,'Jakarta','1975-05-29','0812 9442937','P',4,NULL,NULL,NULL,NULL,NULL,NULL,0),(870,'Andrian ','andrian.@gmail.com',NULL,NULL,'3271051810750002',NULL,'Jalan Palayu V No. 35',NULL,'Jalan Palayu V No. 35',NULL,'-','1975-10-18','0813 10597205','L',4,NULL,NULL,NULL,NULL,NULL,NULL,0),(871,'Yadi ','yadi.@gmail.com',NULL,NULL,'32.03.09.261175.14933',NULL,'Ciluar Permai Blok C No. 24',NULL,'',NULL,'Bandung','1975-11-26','08119104852','L',4,NULL,NULL,NULL,NULL,NULL,NULL,0),(872,'Guridno ','guridno.@gmail.com',NULL,NULL,'2101012803700010',NULL,'Nirwana Estate Blok H H No 19',NULL,'',NULL,'Blitar','1970-03-28','08129268950','L',4,NULL,NULL,NULL,NULL,NULL,NULL,0),(873,'Ujang ','ujang.@gmail.com',NULL,NULL,'',NULL,'JL. H. Amar II No. 3 Pondok Kelapa',NULL,'',NULL,'Depok','1970-05-06','','L',4,NULL,NULL,NULL,NULL,NULL,NULL,0),(874,'Mulyadi','mulyadi@gmail.com',NULL,NULL,'3201012205700003',NULL,'Pakansari',NULL,'',NULL,'Purworejo','1970-05-22','08121963026','L',4,NULL,NULL,NULL,NULL,NULL,NULL,0),(875,'Sidik','sidik@gmail.com',NULL,NULL,'320101607700022',NULL,'Citatah Dalam RT.07/13',NULL,'',NULL,'','1970-07-16','081381023703','L',4,NULL,NULL,NULL,NULL,NULL,NULL,0),(877,'Rinduana','rinduana@gmail.com',NULL,NULL,'3201012807700007',NULL,'Ciriung Rt.04/05',NULL,'',NULL,'','1970-07-28','085283890233','L',4,NULL,NULL,NULL,NULL,NULL,NULL,0),(878,'Yudi ','yudi.@gmail.com',NULL,NULL,'',NULL,'Jl.Kupu-kupu Blok NJ 16. RT.03/09',NULL,'',NULL,'-','1970-08-22','','L',4,NULL,NULL,NULL,NULL,NULL,NULL,0),(879,'Taufik ','taufik.@gmail.com',NULL,NULL,'',NULL,'Vila Nusa Indah M7/4 RT.05/17',NULL,'',NULL,'Temanggung','1970-09-01','0811112355','L',4,NULL,NULL,NULL,NULL,NULL,NULL,0),(880,'Yusuf ','yusuf.@gmail.com',NULL,NULL,'32.71060809700019',NULL,'Villa Bogor Indah DD B/12',NULL,'',NULL,'-','1970-09-08','08111965056','L',4,NULL,NULL,NULL,NULL,NULL,NULL,0),(881,'Nanang Suprijanto','nanang.suprijanto@gmail.com',NULL,NULL,'3216060406730024',NULL,'GRAHA PRIMA BLOK M 11 NO. 88 TAMBUN',NULL,'',NULL,NULL,NULL,NULL,NULL,4,NULL,NULL,NULL,NULL,NULL,NULL,0),(882,'','@gmail.com',NULL,NULL,'Malang',NULL,'1973-06-04 00:00:00',NULL,'081315411001',NULL,'L',NULL,NULL,NULL,4,NULL,NULL,NULL,NULL,NULL,NULL,0),(883,'Theresia ','theresia.@gmail.com',NULL,NULL,'3201015611700008',NULL,'Nirwana Estate HH-19 ',NULL,'Nirwana Estate HH-19',NULL,'-','1970-11-06','083811958941','P',4,NULL,NULL,NULL,NULL,NULL,NULL,0),(884,'Sumiyati','sumiyati@gmail.com',NULL,NULL,'3276025212700001',NULL,'Kp. Nyencle ',NULL,'',NULL,'Juwiring','1970-12-12','08129475786','P',4,NULL,NULL,NULL,NULL,NULL,NULL,0),(885,'Gatot ','gatot.@gmail.com',NULL,NULL,'32.7106.0601710008',NULL,'Jl. Duta Pelangi No.21 Duta KencanaII ',NULL,'',NULL,'-','1971-01-06','081317215503','L',4,NULL,NULL,NULL,NULL,NULL,NULL,0),(886,'Efrianto','efrianto@gmail.com',NULL,NULL,'32.03.22.2009/...',NULL,'Perum. Bukit Waringin G-09 ',NULL,'',NULL,'Tebing Tinggi','1971-02-04','081311381357','L',4,NULL,NULL,NULL,NULL,NULL,NULL,0),(887,'Soegijo ','soegijo.@gmail.com',NULL,NULL,'',NULL,'Kamp. Curug Raya RT.03/02',NULL,'',NULL,'Purwokerto','1971-02-15','0812 9475123','L',4,NULL,NULL,NULL,NULL,NULL,NULL,0),(888,'Suradi','suradi@gmail.com',NULL,NULL,'32.03.26.070771.23953',NULL,'Perum Graha Pandak Permai Blok N No.3 RT 07 RW 09 Karadenan, Cibinong Bogor Jawa Barat',NULL,'Perum Graha Pandak Permai Blok N No.3 RT 07 RW 09 Karadenan, Cibinong Bogor Jawa Barat',NULL,'Yogyakarta','1971-07-07','0817 6950039','L',4,NULL,NULL,NULL,NULL,NULL,NULL,0),(890,'Suhendi','suhendi@gmail.com',NULL,NULL,'3271062008710011',NULL,'Kp.Tanah Sewa ',NULL,'',NULL,'Bogor','1971-08-20','087873443009','L',4,NULL,NULL,NULL,NULL,NULL,NULL,0),(891,'Eki ','eki.@gmail.com',NULL,NULL,'',NULL,'Baranang Saing Indah Blok A4 No.2',NULL,'',NULL,'Kuningan','1971-09-12','081383677443','P',4,NULL,NULL,NULL,NULL,NULL,NULL,0),(892,'Wawan ','wawan.@gmail.com',NULL,NULL,'3201012312710004',NULL,'Kamp. Kandang ',NULL,'',NULL,'Kuningan','1971-12-23','081386071122','L',4,NULL,NULL,NULL,NULL,NULL,NULL,0),(893,'Antonius ','antonius.@gmail.com',NULL,NULL,'',NULL,'Puri Nirwana 3 Blok DA 24-25',NULL,'Puri Nirwana 3 Blok DA 24-25',NULL,'Yogyakarta','1972-01-09','08111173325','L',4,NULL,NULL,NULL,NULL,NULL,NULL,0),(894,'Dominggus Pakel','dominggus.pakel@gmail.com',NULL,NULL,'',NULL,'-',NULL,'',NULL,'Ambon','1967-05-15','08170291812','L',4,NULL,NULL,NULL,NULL,NULL,NULL,0),(895,'Rita ','rita.@gmail.com',NULL,NULL,'32010146037200016',NULL,'Jl. Apel 4 Puri Nirwana II Blok AH No.6 RT.8/12',NULL,'',NULL,'Wonosobo','1972-03-06','08121350180','P',4,NULL,NULL,NULL,NULL,NULL,NULL,0),(896,'Suminto','suminto@gmail.com',NULL,NULL,'3201011206720022',NULL,'Jl. Albaliyah',NULL,'Padurenan 003/010 Pabuaran Cibinong- Bogor',NULL,'gunung kidul','1972-06-12','0813 11288114','L',4,NULL,NULL,NULL,NULL,NULL,NULL,0),(897,'Urip ','urip.@gmail.com',NULL,NULL,'32.7105.240872.0011',NULL,'Pondok Aren Ciluar Bogor',NULL,'Jl. Taman Bunga 384, Pondok Aren',NULL,'','1972-08-24','08128322056','L',4,NULL,NULL,NULL,NULL,NULL,NULL,0),(898,'Joko ','joko.@gmail.com',NULL,NULL,'3201010509720002',NULL,'Jl. Pajeleran ',NULL,'',NULL,'','1972-09-05','081385075111','L',4,NULL,NULL,NULL,NULL,NULL,NULL,0),(899,'Syarif ','syarif.@gmail.com',NULL,NULL,'3201011612720005',NULL,'Jl. KH. Syamsuri, Kp. Sarimulya - Pakansari',NULL,'Kp. Sarimulya ',NULL,'Jakarta','1972-12-16','0813 24436207','L',4,NULL,NULL,NULL,NULL,NULL,NULL,0),(900,'Yunus','yunus@gmail.com',NULL,NULL,'320.1012012720008',NULL,'Kp. Padurenan',NULL,'',NULL,'Bogor','1972-12-20','081385214715','L',4,NULL,NULL,NULL,NULL,NULL,NULL,0),(901,'Titi ','titi.@gmail.com',NULL,NULL,'32.03.17570.666.00355',NULL,'Jl. Golf Lingkungan 02 Citatah Dalam ',NULL,'Golf Lingkungan 02 Citatah Dalam ',NULL,'','1966-06-17','081311315031','P',4,NULL,NULL,NULL,NULL,NULL,NULL,0),(902,'Annacletus ','annacletus.@gmail.com',NULL,NULL,'',NULL,'Gunung Salak 3 RT.01/17',NULL,'',NULL,'','1966-07-13','0813 16015335','L',4,NULL,NULL,NULL,NULL,NULL,NULL,0),(903,'Lala ','lala.@gmail.com',NULL,NULL,'3201015508660005',NULL,'Puri Nirwana Blok Tn.06',NULL,'',NULL,'bandung','1966-08-15','081297566454','P',4,NULL,NULL,NULL,NULL,NULL,NULL,0),(904,'Enjang ','enjang.@gmail.com',NULL,NULL,'32.03.17.160866.02243',NULL,'Jl. Golf Ciriung No.15',NULL,'',NULL,'Sukabumi','1966-08-16','0812 9767910','L',4,NULL,NULL,NULL,NULL,NULL,NULL,0),(905,'Zulfi','zulfi@gmail.com',NULL,NULL,'3201016708660009',NULL,'Perumahan Nirwana Estate Blok SS No.21 ',NULL,'Perumahan Nirwana Estate Blok SS No. 21',NULL,'','1986-08-17','08159391707','P',4,NULL,NULL,NULL,NULL,NULL,NULL,0),(906,'Prita ','prita.@gmail.com',NULL,NULL,'32.7105.560966.0005',NULL,'Villa Bogor IndahBlok F 3No.21',NULL,'',NULL,'-','1966-09-16','08158800649','P',4,NULL,NULL,NULL,NULL,NULL,NULL,0),(908,'Pulung ','pulung.@gmail.com',NULL,NULL,'3201011510660003',NULL,'Kp.Sampora ',NULL,'',NULL,'Bogor','1966-10-15','085218294676','L',4,NULL,NULL,NULL,NULL,NULL,NULL,0),(909,'Heru ','heru.@gmail.com',NULL,NULL,'',NULL,'Perum Pesona Telaga Cibinong (PTC) Jl. Malahayu No.46 Rt.04 Rw.002 Kelurahan Harapan Jaya, Kecamatan Cibinong, Kabupaten Bogor, Jawa Barat',NULL,'Perum Pesona Telaga Cibinong (PTC) Jl. Malahayu No.46 Rt.04 Rw.002 Kelurahan Harapan Jaya, Kecamatan Cibinong, Kabupaten Bogor, Jawa Barat',NULL,'Sumedang','1966-10-24','08111100945','L',4,NULL,NULL,NULL,NULL,NULL,NULL,0),(910,'Budi ','budi.@gmail.com',NULL,NULL,'',NULL,'Cigadung Selatan II/135',NULL,'',NULL,'-','1966-11-30','','L',4,NULL,NULL,NULL,NULL,NULL,NULL,0),(911,'Joko ','joko.@gmail.com',NULL,NULL,'3201012212660001',NULL,'Kampung Sampora ',NULL,'',NULL,'Magetan','1966-12-22','087870755566','L',4,NULL,NULL,NULL,NULL,NULL,NULL,0),(912,'Bambang ','bambang.@gmail.com',NULL,NULL,'3201013012660007',NULL,'Puri Nirwana 2 BlokJ No. 21.22',NULL,'Perum Puri Nirwana 2 BlokJ No.21.22 Harapanjaya Cibinong Bogor',NULL,'Karang anyar','1966-12-30','08176876755','L',4,NULL,NULL,NULL,NULL,NULL,NULL,0),(914,'Muslim','muslim@gmail.com',NULL,NULL,'3201010201670013',NULL,'Naggewer Mekar',NULL,'',NULL,'bogor','1967-01-02','087873307600','L',4,NULL,NULL,NULL,NULL,NULL,NULL,0),(915,'Budi ','budi.@gmail.com',NULL,NULL,'32.7105.130167.0015',NULL,'Komplek PGRI RT.03/12',NULL,'',NULL,'Jakarta','1967-01-13','087872091777','L',4,NULL,NULL,NULL,NULL,NULL,NULL,0),(916,'Supraptinah','supraptinah@gmail.com',NULL,NULL,'3271054402670006',NULL,'Jl. Masalembo Btn Pondok Aren',NULL,'BTN.Pondok Aren, Jl.Masalembo No.325',NULL,'Kulonprogo','1967-02-04','0813 19215560','P',4,NULL,NULL,NULL,NULL,NULL,NULL,0),(917,'Waris','waris@gmail.com',NULL,NULL,'3201011302670010',NULL,'Padurenan',NULL,'',NULL,'Pringtutul','1967-02-13','081398181801','L',4,NULL,NULL,NULL,NULL,NULL,NULL,0),(918,'Khafid','khafid@gmail.com',NULL,NULL,'32.03.17.040367.05935',NULL,'Bumi Cibinong Endah, Blok E3/5 Jl. Srikaya ',NULL,'',NULL,'-','1967-03-04','0811 1492516','L',4,NULL,NULL,NULL,NULL,NULL,NULL,0),(919,'Irmadi ','irmadi.@gmail.com',NULL,NULL,'3201011303670005',NULL,'Jl.Mangga I, Blok AY No.4',NULL,'',NULL,'Tanjung parang','1967-03-13','08129882267','L',4,NULL,NULL,NULL,NULL,NULL,NULL,0),(920,'Ristianto','ristianto@gmail.com',NULL,NULL,'',NULL,'Perum Bogor Asri E2/07 Rt.07/09',NULL,'',NULL,'Banyumas','1967-04-19','','L',4,NULL,NULL,NULL,NULL,NULL,NULL,0),(921,'Dodi ','dodi.@gmail.com',NULL,NULL,'',NULL,'Ciriung Cemerlang Blok J No.10 ',NULL,'Ciriung Cemerlang Blok J No.10',NULL,'belawan','1967-04-22','08111107473','L',4,NULL,NULL,NULL,NULL,NULL,NULL,0),(922,'Fitri ','fitri.@gmail.com',NULL,NULL,'3175046405670004',NULL,'Kp. Kramat ',NULL,'Kp. Kramat',NULL,'Lampung Tengah','1967-05-24','087878346862','P',4,NULL,NULL,NULL,NULL,NULL,NULL,0),(923,'Maryanto','maryanto@gmail.com',NULL,NULL,'3201012805670002',NULL,'Jl. Masjid Al-Baali Pabuaran ',NULL,'Padurenan',NULL,'gunung kidul','1967-05-28','081316933306','L',4,NULL,NULL,NULL,NULL,NULL,NULL,0),(924,'Rustandi','rustandi@gmail.com',NULL,NULL,'3201300506670001',NULL,'Ciherang Gede RT.02/01 No.41',NULL,'',NULL,'','1967-06-05','02519101908','L',4,NULL,NULL,NULL,NULL,NULL,NULL,0),(925,'Didik ','didik.@gmail.com',NULL,NULL,'3201010506670021',NULL,'Puri Nirwana I Blok P No. 12 ',NULL,'Puri Nirwana I Blok P No. 12',NULL,'Madiun','1967-06-05','081324497447, 085774','L',4,NULL,NULL,NULL,NULL,NULL,NULL,0),(927,'Soleh ','soleh.@gmail.com',NULL,NULL,'',NULL,'Jl. K.H.Toha No.16 RT.05/03',NULL,'',NULL,'Ciamis','1967-07-18','0813 10182647','L',4,NULL,NULL,NULL,NULL,NULL,NULL,0),(928,'Sumaryono','sumaryono@gmail.com',NULL,NULL,'32.7105.090967.0004',NULL,'Kebon Kopi No.43',NULL,'',NULL,'-','1967-09-09','087870303300','L',4,NULL,NULL,NULL,NULL,NULL,NULL,0),(929,'Endang ','endang.@gmail.com',NULL,NULL,'3201010410670005',NULL,'Dian Asri 2 B8 ',NULL,'',NULL,'Garut','1967-10-04','08568853974','L',4,NULL,NULL,NULL,NULL,NULL,NULL,0),(930,'Wahyu ','wahyu.@gmail.com',NULL,NULL,'3201015007670007',NULL,'Jl. Al-Nur No. 11',NULL,'Jl. Al-Nur No. 11',NULL,'Bandung','1967-10-07','08170115039','P',4,NULL,NULL,NULL,NULL,NULL,NULL,0),(931,'Nursugi','nursugi@gmail.com',NULL,NULL,'',NULL,'Perumahan Bumi Cibinong Endah Blok E3/14 RT.07/09',NULL,'',NULL,'temanggung','1967-11-04','08128059385','L',4,NULL,NULL,NULL,NULL,NULL,NULL,0),(932,'Supoyo','supoyo@gmail.com',NULL,NULL,'3201012011670006',NULL,'Jl. Raya Cikaret Gg. Toha  ',NULL,'',NULL,'Boyolali','1967-11-20','','L',4,NULL,NULL,NULL,NULL,NULL,NULL,0),(933,'Eko ','eko.@gmail.com',NULL,NULL,'3271040612670009',NULL,'Jln. Cemara II No.6 Taman Yasmin ',NULL,'',NULL,'Yogyakarta','1967-12-06','081510363169','L',4,NULL,NULL,NULL,NULL,NULL,NULL,0),(934,'Amin ','amin.@gmail.com',NULL,NULL,'32.0317.10126700261',NULL,'Perum. Bojong Depok Baru Blok GC 11 ',NULL,'',NULL,'Yogyakarta','1967-12-10','08128271805','L',4,NULL,NULL,NULL,NULL,NULL,NULL,0),(935,'Setiawan','setiawan@gmail.com',NULL,NULL,'3271051012670005',NULL,'Gg. Tegal Peuteuy III No.6A Bogor Baru',NULL,'Gg. Tegal Peuteuy III No.6A Bogor Baru',NULL,'Sukabumi','1967-12-10','081294222210','L',4,NULL,NULL,NULL,NULL,NULL,NULL,0),(936,'Dadan ','dadan.@gmail.com',NULL,NULL,'10.5106.141267.0005',NULL,'Jl. Kebon Pedes Gang Pacilong  No. 4',NULL,'Jl. Kebon Pedes Gang Pacilong  No. 4',NULL,'','1967-12-14','081310832056','L',4,NULL,NULL,NULL,NULL,NULL,NULL,0),(937,'Dessy ','dessy.@gmail.com',NULL,NULL,'32.7103.6212670003',NULL,'Jl. Raflesia Raya No. 32 Taman Yasmin Sektor 2',NULL,'Jl. Sempur Kaler No. 100 D',NULL,'Bogor','1967-12-22','08128005470','P',4,NULL,NULL,NULL,NULL,NULL,NULL,0),(939,'Ida ','ida.@gmail.com',NULL,NULL,'',NULL,'Taman Kenari Blok A3/5 ',NULL,'',NULL,'Sleman','1968-01-20','08128200732','P',4,NULL,NULL,NULL,NULL,NULL,NULL,0),(940,'Martono','martono@gmail.com',NULL,NULL,'32.0317100803028801830',NULL,'Sukahati ',NULL,'',NULL,'Kritig','1968-02-03','081318132922','L',4,NULL,NULL,NULL,NULL,NULL,NULL,0),(941,'Erlan ','erlan.@gmail.com',NULL,NULL,'3201042702680002',NULL,'Jl. Sektor Bugenvil B5 Perm. Mega Sentul RT.01/07',NULL,'',NULL,'Gresik','1978-02-27','081514483741,0818070','L',4,NULL,NULL,NULL,NULL,NULL,NULL,0),(942,'Joko ','joko.@gmail.com',NULL,NULL,'',NULL,'Pekayon Jaya Jl. Damar XI Blok D/76 RT.02/05',NULL,'',NULL,'','1968-02-29','','L',4,NULL,NULL,NULL,NULL,NULL,NULL,0),(943,'Khairil ','khairil.@gmail.com',NULL,NULL,'3201070203680011',NULL,'Perum. Pondok Damai Bl.F Kav.3 No.4',NULL,'Perum. Pondok Damai Bl.F Kav.3 No.4',NULL,'Sibolga','1968-03-02','08128494740','L',4,NULL,NULL,NULL,NULL,NULL,NULL,0),(944,'Niendyawati','niendyawati@gmail.com',NULL,NULL,'3276025103680010',NULL,'Komp. Wisma Harapan I Jl.Azalea ',NULL,'',NULL,'Pacitan','1968-03-11','0812 1020048','P',4,NULL,NULL,NULL,NULL,NULL,NULL,0),(945,'Fahmi ','fahmi.@gmail.com',NULL,NULL,'320101150368.0015',NULL,'Jl. Melon No.16 Dian Asri ',NULL,'Jl. Melon No.16 Dian Asri ',NULL,'magelang','1968-03-15','0816 1403109','L',4,NULL,NULL,NULL,NULL,NULL,NULL,0),(946,'Daru ','daru.@gmail.com',NULL,NULL,'3201016203680007',NULL,'BCE Blok B9 No.6 ',NULL,'',NULL,'Banyuwangi','1968-03-22','08111492590','L',4,NULL,NULL,NULL,NULL,NULL,NULL,0),(947,'Lulus ','lulus.@gmail.com',NULL,NULL,'3201072303680002',NULL,'Limuspratama Regency I/28 Jl.Semarang ',NULL,'',NULL,'Yogyakarta','1968-03-23','082114638719','L',4,NULL,NULL,NULL,NULL,NULL,NULL,0),(948,'Teguh ','teguh.@gmail.com',NULL,NULL,'32012474353',NULL,'Bogor Asri A4 N0.2 ',NULL,'',NULL,'-','1968-03-24','081315011167','L',4,NULL,NULL,NULL,NULL,NULL,NULL,0),(950,'Bambang ','bambang.@gmail.com',NULL,NULL,'32.7105.050468.0005',NULL,'Villa Citra Bantar Jati D1-L ',NULL,'',NULL,'Probolinggo','1968-04-05','08129784389','L',4,NULL,NULL,NULL,NULL,NULL,NULL,0),(951,'Sri ','sri.@gmail.com',NULL,NULL,'32.77.01.1004/1714/...',NULL,'Komp. TNI-AD Jl. Cendrawasih D20 ',NULL,'',NULL,'klaten','1968-04-08','085214174150','P',4,NULL,NULL,NULL,NULL,NULL,NULL,0),(952,'Tito ','tito.@gmail.com',NULL,NULL,'',NULL,'Taman Raya Citayam',NULL,'',NULL,'Jakarta','1968-05-04','','L',4,NULL,NULL,NULL,NULL,NULL,NULL,0),(953,'Wahyu ','wahyu.@gmail.com',NULL,NULL,'3201011005680017',NULL,'Kp. Curug ',NULL,'',NULL,'Jakarta','1968-05-10','0815 11774429','L',4,NULL,NULL,NULL,NULL,NULL,NULL,0),(954,'Adi ','adi.@gmail.com',NULL,NULL,'32.7104.280668.0007',NULL,'Bogor Raya Permai FD III/12 ',NULL,'',NULL,'Bandung','1968-06-28','0858 80586432','L',4,NULL,NULL,NULL,NULL,NULL,NULL,0),(955,'Lien ','lien.@gmail.com',NULL,NULL,'',NULL,'Jl. Pondok Cempaka II SR 14/7 Melati Mas Residence, Serpong, Tangerang Selatan',NULL,'Jl. Pondok Cempaka II SR 14/7 Melati Mas Residence, Serpong, Tangerang Selatan',NULL,'Bandung','1967-12-22','08161431563','P',4,NULL,NULL,NULL,NULL,NULL,NULL,0),(956,'Elaine Hartanto','elaine.hartanto@gmail.com',NULL,NULL,'',NULL,'bekasi',NULL,'bekasi',NULL,'','1997-02-06','','P',4,NULL,NULL,NULL,NULL,NULL,NULL,0),(957,'Danial Sutejo','danial.sutejo@gmail.com',NULL,NULL,'',NULL,'das',NULL,'da',NULL,'','1987-02-14','','L',4,NULL,NULL,NULL,NULL,NULL,NULL,0),(958,'Ayu Syafira Oktaviani','ayu.syafira.oktaviani@gmail.com',NULL,NULL,'111999109121',NULL,'Kebon Kacang, Jakarta Pusat',NULL,'Bandung Jawa Barat',NULL,'Bandung','1998-07-06','-','P',4,NULL,NULL,NULL,NULL,NULL,NULL,0),(959,'Shania','shania@gmail.com',NULL,NULL,'1127199806223',NULL,'Bekasi, Jawa Barat.',NULL,'Bekasi, Jawa Barat',NULL,'Solo','1988-06-27','087567009181','P',4,NULL,NULL,NULL,NULL,NULL,NULL,0),(960,'Ayana Shahab','ayana.shahab@gmail.com',NULL,NULL,'-',NULL,'Jakarta ',NULL,'Jakarta',NULL,'Jakarta','1998-01-03','08766559879','P',4,NULL,NULL,NULL,NULL,NULL,NULL,0),(961,'Anindita Rahma Cahyadi','anindita.rahma.cahyadi@gmail.com',NULL,NULL,'-',NULL,'Jakarta',NULL,'Jakarta',NULL,'Jakarta','1999-02-20','087666229189','P',4,NULL,NULL,NULL,NULL,NULL,NULL,0),(962,'SANJAYA','satu@sanjayaputraperkasa.co.id',NULL,NULL,'',NULL,NULL,NULL,'',NULL,NULL,NULL,NULL,NULL,2,NULL,NULL,NULL,NULL,'',NULL,1),(963,'FORWARD GLOBAL','dua@forwardglobal.co.id',NULL,NULL,'',NULL,NULL,NULL,'',NULL,NULL,NULL,NULL,NULL,2,NULL,NULL,NULL,NULL,'0cc175b9c0f1b6a831c399e269772661',NULL,1),(964,'PDS','tiga@pds.co.id',NULL,NULL,'',NULL,NULL,NULL,'',NULL,NULL,NULL,NULL,NULL,2,NULL,NULL,NULL,NULL,'0cc175b9c0f1b6a831c399e269772661',NULL,1),(965,'RECRUITER A SATU','recruiterasatu@sanjayaputraperkasa.co.id',NULL,NULL,'',NULL,NULL,NULL,'',NULL,NULL,NULL,NULL,NULL,3,NULL,NULL,NULL,NULL,'0cc175b9c0f1b6a831c399e269772661',NULL,1),(966,'RECRUITER B SATU','recruiterbsatu@sanjayaputraperkasa.co.id',NULL,NULL,'',NULL,NULL,NULL,'',NULL,NULL,NULL,NULL,NULL,3,NULL,NULL,NULL,NULL,'0cc175b9c0f1b6a831c399e269772661',NULL,1),(967,'RECRUITER C SATU','recruitercsatu@sanjayaputraperkasa.co.id',NULL,NULL,'',NULL,NULL,NULL,'',NULL,NULL,NULL,NULL,NULL,3,NULL,NULL,NULL,NULL,'0cc175b9c0f1b6a831c399e269772661',NULL,1),(968,'RECRUITER A DUA','recruiteradua@forwardglobal.co.id',NULL,NULL,'',NULL,NULL,NULL,'',NULL,NULL,NULL,NULL,NULL,2,NULL,NULL,NULL,NULL,'0cc175b9c0f1b6a831c399e269772661',NULL,1),(969,'RECRUITER B DUA','recruiterbdua@forwardglobal.co.id',NULL,NULL,'',NULL,NULL,NULL,'',NULL,NULL,NULL,NULL,NULL,3,NULL,NULL,NULL,NULL,'0cc175b9c0f1b6a831c399e269772661',NULL,1),(970,'REKRUITER C DUA','recruitercdua@forwardglobal.co.id',NULL,NULL,'',NULL,NULL,NULL,'',NULL,NULL,NULL,NULL,NULL,3,NULL,NULL,NULL,NULL,'0cc175b9c0f1b6a831c399e269772661',NULL,1),(971,'RECRUITER A TIGA','recuriteratiga@pds.co.id',NULL,NULL,'',NULL,NULL,NULL,'',NULL,NULL,NULL,NULL,NULL,3,NULL,NULL,NULL,NULL,'0cc175b9c0f1b6a831c399e269772661',NULL,1),(972,'RECRUITER  B TIGA','recuriterbtiga@pds.co.id',NULL,NULL,'',NULL,NULL,NULL,'',NULL,NULL,NULL,NULL,NULL,2,NULL,NULL,NULL,NULL,'0cc175b9c0f1b6a831c399e269772661',NULL,1),(973,'RECRUITER C TIGA','recuriterctiga@pds.co.id',NULL,NULL,'',NULL,NULL,NULL,'',NULL,NULL,NULL,NULL,NULL,2,NULL,NULL,NULL,NULL,'0cc175b9c0f1b6a831c399e269772661',NULL,1),(974,'Mentari','mentariglossyta@traspac.co.id',NULL,NULL,'35710255',NULL,'Kediri','2.8.','Kediri','2.8.','Kediri','1994-01-15','085655771611','P',4,NULL,NULL,NULL,NULL,NULL,NULL,1),(975,'Ariel Noah','Ariel@Noah.com',NULL,NULL,'',NULL,'Jalan Peterpan 23',NULL,'',NULL,NULL,NULL,'083567823',NULL,3,NULL,NULL,NULL,NULL,NULL,NULL,1),(976,'Dedy Dukun','dedy@tjl.com',NULL,NULL,'',NULL,'Jalan Dangdut 32',NULL,'',NULL,NULL,NULL,'0834568923',NULL,3,NULL,NULL,NULL,NULL,NULL,NULL,1),(977,'Ariel','ariel@tjl.com',NULL,NULL,'',NULL,'Jalan Noah 23',NULL,'',NULL,NULL,NULL,'27681919872',NULL,3,NULL,NULL,NULL,NULL,NULL,NULL,1),(978,'Choirul Anwar','choirulanwar@gmail.com',NULL,NULL,'3317052804910004',NULL,'Sarang Meduro RT 004 RW 001 Kecamatan Sarang, Kabupaten Rembang','2.8.','Sarang Meduro RT 004 RW 001 Kecamatan Sarang, Kabupaten Rembang','2.8.','Rembang','1991-04-28','','L',4,NULL,NULL,NULL,NULL,NULL,NULL,1),(1135,'SAMSUL','samsul@gmail.com',NULL,NULL,'',NULL,NULL,NULL,'',NULL,NULL,NULL,'3434',NULL,2,NULL,NULL,NULL,NULL,'0cc175b9c0f1b6a831c399e269772661','e1dce20fee7362a4fb1fff9c533a8a9b',0),(1136,'SAMSUL','iqbalung@gmail.com',NULL,NULL,'',NULL,NULL,NULL,'',NULL,NULL,NULL,'3434',NULL,2,NULL,NULL,NULL,NULL,'0cc175b9c0f1b6a831c399e269772661','de0e6ddb2ebaac4b5a71ee9de8c95cc6',1),(1141,'joni','joni@gmail.com',NULL,NULL,'',NULL,'a',NULL,'',NULL,NULL,NULL,'a',NULL,3,NULL,NULL,NULL,NULL,'1281d0ac7a74eb91550ff52a02862cda',NULL,1),(1142,'sfd','iqbalung@gmail.com2',NULL,NULL,'',NULL,NULL,NULL,'',NULL,NULL,NULL,'99',NULL,2,NULL,NULL,NULL,NULL,'0cc175b9c0f1b6a831c399e269772661','d5a1fdf0503c0890d49a12b7ae077321',0),(1143,'kakdk','iqbalung6@gmail.com',NULL,NULL,'',NULL,NULL,NULL,'',NULL,NULL,NULL,'sdsdf',NULL,2,NULL,NULL,NULL,NULL,'92eb5ffee6ae2fec3ad71c777531578f','aa1908c15ee44dec281a847866b630c2',0),(1144,'iisks','iqbalung8@gmail.com',NULL,NULL,'',NULL,NULL,NULL,'',NULL,NULL,NULL,'80808',NULL,2,NULL,NULL,NULL,NULL,'0cc175b9c0f1b6a831c399e269772661','178421306adadb55960627c408089b3f',0),(1145,'Atmaja Rahardjo','atmaja@gmail.com',NULL,NULL,'8969979928372839',NULL,'Oke','1.1.','Skils.. ','1.1.','Kelanjut','2017-08-29','99898977362','L',4,NULL,NULL,NULL,NULL,NULL,NULL,1),(1146,'iqbal','iqbalung4',NULL,NULL,'334`',NULL,'ieiki','2.10.','3434','2.11.','karawang','2017-09-08','2323','L',4,NULL,NULL,NULL,NULL,NULL,NULL,1),(1147,'oke ','Riyadi ',NULL,NULL,'sip',NULL,'sdf','2.10.','3434','2.10.','karawang','2017-09-21','123','L',4,NULL,NULL,NULL,NULL,NULL,NULL,1),(1148,'SDFSDFSDF','123',NULL,NULL,'SDF',NULL,'SDF','2.10.','SDFSDF','2.10.','SDFSDF','2017-09-08','232323','L',4,NULL,NULL,NULL,NULL,NULL,NULL,1),(1149,'sdfs','80808',NULL,NULL,'',NULL,'sdf',NULL,'',NULL,NULL,NULL,'sdf',NULL,3,NULL,NULL,NULL,NULL,'0cc175b9c0f1b6a831c399e269772661',NULL,1);
/*!40000 ALTER TABLE `PENGGUNA` ENABLE KEYS */;
UNLOCK TABLES;

--
-- Table structure for table `PENGGUNA_AGENCY`
--

DROP TABLE IF EXISTS `PENGGUNA_AGENCY`;
/*!40101 SET @saved_cs_client     = @@character_set_client */;
/*!40101 SET character_set_client = utf8 */;
CREATE TABLE `PENGGUNA_AGENCY` (
  `ID` int(11) NOT NULL AUTO_INCREMENT,
  `PENGGUNA_ID` int(11) NOT NULL,
  `SATKER_ID` varchar(11) NOT NULL,
  `AGENCY_ID` varchar(100) DEFAULT NULL,
  PRIMARY KEY (`ID`),
  KEY `SATUAN_ID` (`SATKER_ID`),
  KEY `USER_ID` (`PENGGUNA_ID`)
) ENGINE=InnoDB AUTO_INCREMENT=10 DEFAULT CHARSET=latin1;
/*!40101 SET character_set_client = @saved_cs_client */;

--
-- Dumping data for table `PENGGUNA_AGENCY`
--

LOCK TABLES `PENGGUNA_AGENCY` WRITE;
/*!40000 ALTER TABLE `PENGGUNA_AGENCY` DISABLE KEYS */;
INSERT INTO `PENGGUNA_AGENCY` VALUES (3,0,'3.1.',NULL),(4,0,'3.1.',NULL),(5,0,'3.4.',NULL),(6,24,'','10'),(7,0,'',NULL),(8,0,'',NULL),(9,0,'',NULL);
/*!40000 ALTER TABLE `PENGGUNA_AGENCY` ENABLE KEYS */;
UNLOCK TABLES;

--
-- Table structure for table `PENGGUNA_BLKLN`
--

DROP TABLE IF EXISTS `PENGGUNA_BLKLN`;
/*!40101 SET @saved_cs_client     = @@character_set_client */;
/*!40101 SET character_set_client = utf8 */;
CREATE TABLE `PENGGUNA_BLKLN` (
  `ID` int(11) NOT NULL AUTO_INCREMENT,
  `PENGGUNA_ID` int(11) NOT NULL,
  `SATKER_ID` varchar(11) NOT NULL,
  `BLKLN_ID` varchar(100) DEFAULT NULL,
  PRIMARY KEY (`ID`),
  KEY `SATUAN_ID` (`SATKER_ID`),
  KEY `USER_ID` (`PENGGUNA_ID`)
) ENGINE=InnoDB AUTO_INCREMENT=10 DEFAULT CHARSET=latin1;
/*!40101 SET character_set_client = @saved_cs_client */;

--
-- Dumping data for table `PENGGUNA_BLKLN`
--

LOCK TABLES `PENGGUNA_BLKLN` WRITE;
/*!40000 ALTER TABLE `PENGGUNA_BLKLN` DISABLE KEYS */;
INSERT INTO `PENGGUNA_BLKLN` VALUES (3,0,'3.1.',NULL),(4,0,'3.1.',NULL),(5,0,'3.4.',NULL),(6,24,'','10'),(7,0,'',NULL),(8,0,'',NULL),(9,0,'',NULL);
/*!40000 ALTER TABLE `PENGGUNA_BLKLN` ENABLE KEYS */;
UNLOCK TABLES;

--
-- Table structure for table `PENGGUNA_DOKUMEN`
--

DROP TABLE IF EXISTS `PENGGUNA_DOKUMEN`;
/*!40101 SET @saved_cs_client     = @@character_set_client */;
/*!40101 SET character_set_client = utf8 */;
CREATE TABLE `PENGGUNA_DOKUMEN` (
  `ID` int(11) NOT NULL AUTO_INCREMENT,
  `PEKERJA_ID` int(11) NOT NULL,
  `DOKUMEN_NAMA` varchar(255) NOT NULL,
  `DOKUMEN_DESKRIPSI` varchar(255) DEFAULT NULL,
  `DOKUMEN_ID` int(11) NOT NULL,
  PRIMARY KEY (`ID`)
) ENGINE=InnoDB AUTO_INCREMENT=92 DEFAULT CHARSET=latin1;
/*!40101 SET character_set_client = @saved_cs_client */;

--
-- Dumping data for table `PENGGUNA_DOKUMEN`
--

LOCK TABLES `PENGGUNA_DOKUMEN` WRITE;
/*!40000 ALTER TABLE `PENGGUNA_DOKUMEN` DISABLE KEYS */;
INSERT INTO `PENGGUNA_DOKUMEN` VALUES (3,4,'Test','3',56),(4,5,'KTP','',60),(5,4,'','Test',55),(6,32,'','',59),(7,966,'','KTP',71),(8,106,'','computer',72),(9,966,'','Akta Kelahiran',75),(10,966,'','Paspor',76),(11,966,'','Kartu Keluarga',77),(12,88,'','',78),(13,967,'','Ijazah',79),(14,967,'','Kartu Keluarga',80),(15,967,'','KTP',81),(16,967,'','Surat Izin',82),(17,970,'','Akta Kelahiran',83),(18,970,'','KTP',84),(19,970,'','Kartu Keluarga',85),(20,978,'','Akta Kelahiran',88),(21,978,'','Kartu Keluarga',89),(22,978,'','KTP',90),(23,978,'','Paspor',91),(24,51,'','Akta Kelahiran',92),(25,51,'','Kartu Keluarga',93),(26,51,'','KTP',94),(27,51,'','Paspor',95),(29,57,'','KTP',136),(30,57,'','Kartu Keluarga',98),(31,52,'','Ijazah',99),(32,69,'','',100),(33,52,'','Kartu keluarga',101),(34,52,'','KTP',102),(35,52,'','Surat Izin',103),(36,56,'','KTP',104),(37,56,'','Kartu Keluarga',105),(38,53,'','Akta Kelahiran',106),(39,53,'','Kartu Keluarga',107),(40,53,'','KTP',108),(41,55,'','KTP',109),(42,55,'','Kartu Keluarga',110),(43,55,'','Akta',111),(44,54,'','Akta Kelahiran',112),(45,54,'','Kartu Keluarga',113),(46,54,'','KTP',114),(47,78,'','KTP',115),(48,78,'','KK',120),(49,78,'','Surat Izin',117),(50,78,'','Paspor',118),(51,78,'','Akta',119),(52,76,'','KTP',121),(53,62,'','KTP',122),(54,76,'','Akta',123),(55,62,'','Akta Kelahiran',124),(56,62,'','Kartu Keluarga',125),(57,76,'','KK',126),(58,62,'','Surat Izin',127),(59,76,'','Surat Izin',128),(60,62,'','Paspor',129),(61,76,'','Paspor',130),(62,56,'','Akta Kelahiran',132),(63,56,'','Surat izin',133),(64,56,'','Paspor',135),(65,75,'','KTP',137),(66,75,'','KK',138),(67,75,'','Akta',139),(68,75,'','Surat Izin',140),(69,65,'','KTP',141),(70,75,'','Paspor',142),(71,65,'','Akta Kelahiran',143),(72,65,'','Kartu Keluarga',144),(73,65,'','Surat Izin',145),(74,65,'','Paspor',146),(75,67,'','KTP',148),(77,67,'','Akta Kelahiran',149),(78,67,'','Kartu Keluarga',150),(79,67,'','Surat Izin',151),(80,67,'','Paspor',152),(81,120,'','KTP',158),(82,981,'','identitas',167),(83,981,'','asfasdfsdfsdf',168),(84,982,'','asfsdf',169),(85,424,'','oke',170),(86,424,'','medical',171),(87,424,'','medical baru',172),(88,424,'','ktp',173),(89,1,'','ASFASF',182),(90,1145,'','Oke',204),(91,1148,'','12',209);
/*!40000 ALTER TABLE `PENGGUNA_DOKUMEN` ENABLE KEYS */;
UNLOCK TABLES;

--
-- Table structure for table `PENGGUNA_JOB_OWNER`
--

DROP TABLE IF EXISTS `PENGGUNA_JOB_OWNER`;
/*!40101 SET @saved_cs_client     = @@character_set_client */;
/*!40101 SET character_set_client = utf8 */;
CREATE TABLE `PENGGUNA_JOB_OWNER` (
  `ID` int(11) NOT NULL AUTO_INCREMENT,
  `PENGGUNA_ID` int(11) NOT NULL,
  `SATKER_ID` varchar(11) NOT NULL,
  `JOB_OWNER_ID` varchar(100) DEFAULT NULL,
  PRIMARY KEY (`ID`),
  KEY `SATUAN_ID` (`SATKER_ID`),
  KEY `USER_ID` (`PENGGUNA_ID`)
) ENGINE=InnoDB AUTO_INCREMENT=10 DEFAULT CHARSET=latin1;
/*!40101 SET character_set_client = @saved_cs_client */;

--
-- Dumping data for table `PENGGUNA_JOB_OWNER`
--

LOCK TABLES `PENGGUNA_JOB_OWNER` WRITE;
/*!40000 ALTER TABLE `PENGGUNA_JOB_OWNER` DISABLE KEYS */;
INSERT INTO `PENGGUNA_JOB_OWNER` VALUES (3,0,'3.1.',NULL),(4,0,'3.1.',NULL),(5,0,'3.4.',NULL),(6,24,'','10'),(7,0,'',NULL),(8,0,'',NULL),(9,0,'',NULL);
/*!40000 ALTER TABLE `PENGGUNA_JOB_OWNER` ENABLE KEYS */;
UNLOCK TABLES;

--
-- Table structure for table `PENGGUNA_PPTKIS`
--

DROP TABLE IF EXISTS `PENGGUNA_PPTKIS`;
/*!40101 SET @saved_cs_client     = @@character_set_client */;
/*!40101 SET character_set_client = utf8 */;
CREATE TABLE `PENGGUNA_PPTKIS` (
  `ID` int(11) NOT NULL AUTO_INCREMENT,
  `PENGGUNA_ID` int(11) NOT NULL,
  `SATKER_ID` varchar(11) NOT NULL,
  `PPTKIS_ID` varchar(100) DEFAULT NULL,
  PRIMARY KEY (`ID`),
  KEY `SATUAN_ID` (`SATKER_ID`),
  KEY `USER_ID` (`PENGGUNA_ID`)
) ENGINE=InnoDB AUTO_INCREMENT=36 DEFAULT CHARSET=latin1;
/*!40101 SET character_set_client = @saved_cs_client */;

--
-- Dumping data for table `PENGGUNA_PPTKIS`
--

LOCK TABLES `PENGGUNA_PPTKIS` WRITE;
/*!40000 ALTER TABLE `PENGGUNA_PPTKIS` DISABLE KEYS */;
INSERT INTO `PENGGUNA_PPTKIS` VALUES (1,2,'3.2.','3'),(2,3,'3.2.','3'),(3,4,'1.1.','1'),(4,5,'1.1.','1'),(5,6,'2.1.','2'),(6,7,'2.1.','2'),(7,968,'1.2.','3'),(8,969,'1.2.','3'),(9,1032,'6.2.','6'),(10,976,'6.3.','6'),(11,977,'6.2.','6'),(12,979,'3.3.','3'),(13,980,'3.3.','3'),(14,0,'1.','32'),(15,1023,'1.','33'),(16,1024,'1.','34'),(17,1031,'1.','35'),(18,1032,'1.','36'),(19,1033,'1.','37'),(20,1113,'1.','38'),(21,1115,'1.','39'),(22,1129,'1.','40'),(23,1130,'1.','41'),(24,1131,'1.','42'),(25,1132,'1.','43'),(26,1133,'1.','44'),(27,1134,'1.','45'),(28,1135,'1.','46'),(29,1136,'1.','47'),(30,1140,'3.2.','3'),(31,1141,'3.6.','3'),(32,1142,'1.','48'),(33,1143,'1.','49'),(34,1144,'1.','50'),(35,1149,'3.3.','3');
/*!40000 ALTER TABLE `PENGGUNA_PPTKIS` ENABLE KEYS */;
UNLOCK TABLES;

--
-- Table structure for table `PPTKIS_FASILITAS`
--

DROP TABLE IF EXISTS `PPTKIS_FASILITAS`;
/*!40101 SET @saved_cs_client     = @@character_set_client */;
/*!40101 SET character_set_client = utf8 */;
CREATE TABLE `PPTKIS_FASILITAS` (
  `FASILITAS_ID` int(11) NOT NULL AUTO_INCREMENT,
  `PPTKIS_ID` int(11) NOT NULL,
  `FASILITAS_NAMA` varchar(255) NOT NULL,
  `FASILITAS_DESKRIPSI` text,
  `DOKUMEN_ID` int(11) DEFAULT '0',
  PRIMARY KEY (`FASILITAS_ID`)
) ENGINE=InnoDB AUTO_INCREMENT=40 DEFAULT CHARSET=latin1;
/*!40101 SET character_set_client = @saved_cs_client */;

--
-- Dumping data for table `PPTKIS_FASILITAS`
--

LOCK TABLES `PPTKIS_FASILITAS` WRITE;
/*!40000 ALTER TABLE `PPTKIS_FASILITAS` DISABLE KEYS */;
INSERT INTO `PPTKIS_FASILITAS` VALUES (9,1,'39 Pusat Pelatihan','Pusat pelatihan terdiri dari 39 kelas dengan teknisi laboratorium bahasa. Ada juga 137 kamar mandi, fasilitas olah raga, 1200 tempat tidur, ruang kantor, dan lainnya.',65),(10,1,'1200 Kamar Tidur','Pusat pelatihan terdiri dari 39 kelas dengan teknisi laboratorium bahasa. Ada juga 137 kamar mandi, fasilitas olah raga, 1200 tempat tidur, ruang kantor, dan lainnya.',66),(11,1,'Fasilitas Olah Raga','Pusat pelatihan terdiri dari 39 kelas dengan teknisi laboratorium bahasa. Ada juga 137 kamar mandi, fasilitas olah raga, 1200 tempat tidur, ruang kantor, dan lainnya.',67),(12,1,'Kelas dengan Teknisi Laboratorium Bahasa','Pusat pelatihan terdiri dari 39 kelas dengan teknisi laboratorium bahasa. Ada juga 137 kamar mandi, fasilitas olah raga, 1200 tempat tidur, ruang kantor, dan lainnya.',68),(13,1,'Ruang Kantor dan Lainnya','Pusat pelatihan terdiri dari 39 kelas dengan teknisi laboratorium bahasa. Ada juga 137 kamar mandi, fasilitas olah raga, 1200 tempat tidur, ruang kantor, dan lainnya.',69),(14,2,'Pelatihan Caregiver','Pelatihan Caregiver',73),(15,2,'Ruang Pelatihan','Ruang Pelatihan',74),(16,6,'Kelas Pelatihan','Kelas Pelatihan',86),(17,6,'Kelas Memasak','Kelas Memasak',87),(18,3,'Kelas Bahasa','Kelas Bahasa',164),(19,3,'Kelas Memasak','Kelas Memasak',165),(21,3,'Kelas Kompetensi','Kelas Kompetensi',166),(27,1,'SDFSDF','SDFSDF',190),(28,1,'SDFSF','DFSF',191),(29,1,'SDF','SFSDF',192),(30,1,'SDF','SDF',193),(31,1,'SFD','SDFSDF',194),(32,1,'SDFSDF','SFSDF',195),(33,1,'SDFSDF','DFSDF',196),(34,1,'sdf','sdfsdf',197),(35,1,'sdfsdf','sdfsdf',198),(36,1,'sdfsdf','sdfsdf',199),(37,1,'sdf','sdfsdf',200),(38,1,'sdfsdf','sdfsdf',201),(39,1,'sdfsdf','sdf',202);
/*!40000 ALTER TABLE `PPTKIS_FASILITAS` ENABLE KEYS */;
UNLOCK TABLES;

--
-- Table structure for table `PPTKIS_PARTNER`
--

DROP TABLE IF EXISTS `PPTKIS_PARTNER`;
/*!40101 SET @saved_cs_client     = @@character_set_client */;
/*!40101 SET character_set_client = utf8 */;
CREATE TABLE `PPTKIS_PARTNER` (
  `PPTKIS_PARTNER_ID` int(11) NOT NULL AUTO_INCREMENT,
  `PPTKIS_ID` int(11) NOT NULL,
  `PARTNER_ID` int(11) NOT NULL,
  `TIPE` int(11) NOT NULL,
  PRIMARY KEY (`PPTKIS_PARTNER_ID`)
) ENGINE=InnoDB AUTO_INCREMENT=24 DEFAULT CHARSET=latin1;
/*!40101 SET character_set_client = @saved_cs_client */;

--
-- Dumping data for table `PPTKIS_PARTNER`
--

LOCK TABLES `PPTKIS_PARTNER` WRITE;
/*!40000 ALTER TABLE `PPTKIS_PARTNER` DISABLE KEYS */;
INSERT INTO `PPTKIS_PARTNER` VALUES (8,2,11,1),(9,3,1,1),(10,3,1,4),(11,3,2,4),(12,1,2,1),(13,1,1,2),(14,1,3,3),(15,1,1,4),(16,1,4,5),(17,2,2,4),(18,6,25,1),(19,6,1,2),(20,6,6,3),(21,6,7,4),(22,6,4,5),(23,6,9,1);
/*!40000 ALTER TABLE `PPTKIS_PARTNER` ENABLE KEYS */;
UNLOCK TABLES;

--
-- Table structure for table `RIW_DIKLAT`
--

DROP TABLE IF EXISTS `RIW_DIKLAT`;
/*!40101 SET @saved_cs_client     = @@character_set_client */;
/*!40101 SET character_set_client = utf8 */;
CREATE TABLE `RIW_DIKLAT` (
  `NONFORMAL_ID` int(11) NOT NULL AUTO_INCREMENT,
  `NONFORMAL_PENDIDIKAN` varchar(45) NOT NULL,
  `NONFORMAL_LEMBAGA` varchar(45) NOT NULL,
  `NONFORMAL_SERT` varchar(45) NOT NULL,
  `NONFORMAL_SERT_NO` int(11) NOT NULL,
  `NONFORMAL_SERT_TIMETYPE` date NOT NULL,
  `START` date NOT NULL,
  `END` date NOT NULL,
  `PEKERJA_ID` int(11) NOT NULL,
  PRIMARY KEY (`NONFORMAL_ID`),
  KEY `PEKERJA_ID` (`PEKERJA_ID`)
) ENGINE=InnoDB DEFAULT CHARSET=latin1;
/*!40101 SET character_set_client = @saved_cs_client */;

--
-- Dumping data for table `RIW_DIKLAT`
--

LOCK TABLES `RIW_DIKLAT` WRITE;
/*!40000 ALTER TABLE `RIW_DIKLAT` DISABLE KEYS */;
/*!40000 ALTER TABLE `RIW_DIKLAT` ENABLE KEYS */;
UNLOCK TABLES;

--
-- Table structure for table `RIW_KELUARGA`
--

DROP TABLE IF EXISTS `RIW_KELUARGA`;
/*!40101 SET @saved_cs_client     = @@character_set_client */;
/*!40101 SET character_set_client = utf8 */;
CREATE TABLE `RIW_KELUARGA` (
  `ID` int(11) NOT NULL AUTO_INCREMENT,
  `HUBUNGAN` varchar(50) DEFAULT NULL,
  `NAMA` varchar(100) DEFAULT NULL,
  `NO_TELEPHON` varchar(20) DEFAULT NULL,
  `ALAMAT` varchar(100) DEFAULT NULL,
  `TEMPAT_LAHIR` varchar(100) DEFAULT NULL,
  `TANGGAL_LAHIR` date DEFAULT NULL,
  `PENGGUNA_ID` int(11) DEFAULT NULL,
  PRIMARY KEY (`ID`)
) ENGINE=MyISAM AUTO_INCREMENT=11 DEFAULT CHARSET=latin1;
/*!40101 SET character_set_client = @saved_cs_client */;

--
-- Dumping data for table `RIW_KELUARGA`
--

LOCK TABLES `RIW_KELUARGA` WRITE;
/*!40000 ALTER TABLE `RIW_KELUARGA` DISABLE KEYS */;
INSERT INTO `RIW_KELUARGA` VALUES (3,'Saudara Kandung','RInaldy','0910491894','Cianjur',NULL,NULL,5),(2,'2','','2','2',NULL,NULL,4),(4,'Suami','Saiful','0814456721','Jalan Taman 12',NULL,NULL,57),(5,'Ayah','ibu','oke','oke',NULL,NULL,981),(6,'Mamy ','mamy ','8090080','cianjur',NULL,NULL,981),(7,'asfasdfasdf','asdfasdfadsf','sdfsdfasf','sdfsdfasf',NULL,NULL,982),(8,'asdfasdf','asfas','sdfsf','sdfsdf',NULL,NULL,982),(9,'ASDFASF','ASDFASDF','80808080','KADFKAKKASDFSF',NULL,NULL,1056),(10,'77878','FANI','9079','OKE',NULL,NULL,1145);
/*!40000 ALTER TABLE `RIW_KELUARGA` ENABLE KEYS */;
UNLOCK TABLES;

--
-- Table structure for table `RIW_KERJA`
--

DROP TABLE IF EXISTS `RIW_KERJA`;
/*!40101 SET @saved_cs_client     = @@character_set_client */;
/*!40101 SET character_set_client = utf8 */;
CREATE TABLE `RIW_KERJA` (
  `PENGALAMAN_ID` int(11) NOT NULL AUTO_INCREMENT,
  `POSISI` varchar(45) NOT NULL,
  `PERUSAHAAN` varchar(45) NOT NULL,
  `START_DATE` date NOT NULL,
  `END_DATE` date NOT NULL,
  `FUNGSI_PEKERJAAN` varchar(45) NOT NULL,
  `TUGAS` varchar(255) NOT NULL,
  `PEKERJA_ID` int(11) NOT NULL,
  `INDUSTRI_PEKERJAAN` int(11) NOT NULL,
  `LAMARAN_ID` int(11) DEFAULT NULL,
  `DOKUMEN_ID` varchar(100) DEFAULT NULL,
  PRIMARY KEY (`PENGALAMAN_ID`),
  KEY `PEKERJA_ID` (`PEKERJA_ID`)
) ENGINE=InnoDB AUTO_INCREMENT=14 DEFAULT CHARSET=latin1;
/*!40101 SET character_set_client = @saved_cs_client */;

--
-- Dumping data for table `RIW_KERJA`
--

LOCK TABLES `RIW_KERJA` WRITE;
/*!40000 ALTER TABLE `RIW_KERJA` DISABLE KEYS */;
INSERT INTO `RIW_KERJA` VALUES (3,'3','OKAY','2017-07-30','2017-08-02','','1',51,0,NULL,NULL),(4,'DEVELOPER','PT TRASPAC','2017-08-14','2017-09-14','','',51,0,NULL,NULL),(5,'Programmer','Traspac','2017-08-17','2017-08-17','','Bikin program',981,0,NULL,NULL),(6,'asdfasf','sdfsdf','2017-08-17','2017-08-17','','sdfsdfsd',982,0,NULL,NULL),(7,'','','0000-00-00','0000-00-00','','',1056,0,NULL,NULL),(8,'Programmer','PT. TRASPAC ','2017-08-28','2017-08-30','','Membuat Program',1145,0,NULL,NULL),(13,'SDF','TERKAHIR','2017-09-20','2017-09-27','','SDF',1145,0,NULL,NULL);
/*!40000 ALTER TABLE `RIW_KERJA` ENABLE KEYS */;
UNLOCK TABLES;

--
-- Table structure for table `RIW_PENDIDIKAN`
--

DROP TABLE IF EXISTS `RIW_PENDIDIKAN`;
/*!40101 SET @saved_cs_client     = @@character_set_client */;
/*!40101 SET character_set_client = utf8 */;
CREATE TABLE `RIW_PENDIDIKAN` (
  `FORMAL_ID` int(11) NOT NULL AUTO_INCREMENT,
  `ID_PEKERJA` int(11) NOT NULL,
  `TPENDIDIKAN_ID` int(11) NOT NULL,
  `FORMAL_JURUSAN` varchar(45) NOT NULL,
  `FORMAL_START` date NOT NULL,
  `FORMAL_END` date NOT NULL,
  `NAMA_INSTANSI` varchar(100) DEFAULT NULL,
  `NILAI` varchar(255) DEFAULT NULL,
  `DOKUMEN_ID` varchar(100) DEFAULT NULL,
  PRIMARY KEY (`FORMAL_ID`),
  KEY `ID_PEKERJA` (`ID_PEKERJA`)
) ENGINE=InnoDB AUTO_INCREMENT=18 DEFAULT CHARSET=latin1;
/*!40101 SET character_set_client = @saved_cs_client */;

--
-- Dumping data for table `RIW_PENDIDIKAN`
--

LOCK TABLES `RIW_PENDIDIKAN` WRITE;
/*!40000 ALTER TABLE `RIW_PENDIDIKAN` DISABLE KEYS */;
INSERT INTO `RIW_PENDIDIKAN` VALUES (1,51,1,'1','1995-08-10','1995-08-12','SD NEGERI 1 GUMIWANG','90',NULL),(2,5,2,'1','2001-09-10','2004-09-10','SMP DOANG','90',NULL),(3,4,1,'1','2001-09-10','2001-09-10',NULL,NULL,NULL),(7,4,2,'','0000-00-00','0000-00-00',NULL,NULL,NULL),(8,4,4,'','0000-00-00','0000-00-00',NULL,NULL,NULL),(9,219,2,'D4','0000-00-00','0000-00-00','D3','',NULL),(10,485,3,'ssdfsf','0000-00-00','0000-00-00','asdf','sdfsdf',NULL),(11,1056,1,'ASFASF','0000-00-00','0000-00-00','ASDFSAF','90',NULL),(12,1145,2,'SMA','0000-00-00','0000-00-00','SMA 1 BAWANG','79877',NULL),(14,1148,23,'23','2017-09-25','2017-09-26','23','199','99'),(15,1148,0,'sdsd','2017-09-26','2017-09-28','sds','23',NULL),(16,1148,0,'sdf','2017-09-27','2017-09-29','sfsdf','1','0'),(17,54,0,'w','2017-09-07','2017-09-07','w','1','0');
/*!40000 ALTER TABLE `RIW_PENDIDIKAN` ENABLE KEYS */;
UNLOCK TABLES;

--
-- Table structure for table `RIW_PENDIDIKAN_INFORMAL`
--

DROP TABLE IF EXISTS `RIW_PENDIDIKAN_INFORMAL`;
/*!40101 SET @saved_cs_client     = @@character_set_client */;
/*!40101 SET character_set_client = utf8 */;
CREATE TABLE `RIW_PENDIDIKAN_INFORMAL` (
  `INFORMAL_ID` int(100) NOT NULL AUTO_INCREMENT,
  `PENGGUNA_ID` varchar(100) DEFAULT NULL,
  `BLKLN_ID` varchar(100) DEFAULT NULL,
  `INSTANSI_NAMA` varchar(100) DEFAULT NULL,
  `PELATIHAN_NAMA` varchar(100) DEFAULT NULL,
  `INFORMAL_START` date DEFAULT NULL,
  `INFORMAL_END` date DEFAULT NULL,
  `INFORMAL_NILAI` varchar(100) DEFAULT NULL,
  `INFORMAL_URAIAN` varchar(100) DEFAULT NULL,
  `LAMARAN_ID` varchar(100) DEFAULT NULL,
  PRIMARY KEY (`INFORMAL_ID`)
) ENGINE=InnoDB AUTO_INCREMENT=32 DEFAULT CHARSET=latin1;
/*!40101 SET character_set_client = @saved_cs_client */;

--
-- Dumping data for table `RIW_PENDIDIKAN_INFORMAL`
--

LOCK TABLES `RIW_PENDIDIKAN_INFORMAL` WRITE;
/*!40000 ALTER TABLE `RIW_PENDIDIKAN_INFORMAL` DISABLE KEYS */;
INSERT INTO `RIW_PENDIDIKAN_INFORMAL` VALUES (20,'40','2','LPK PRIMA DUTA SEJATI','Komputer I',NULL,NULL,'','','2'),(21,'60','1','FORWARD GLOBAL','ASDFSF','2017-08-16','2017-08-16','90','OKE','10'),(22,'57','1','FORWARD GLOBAL','Memasak','2017-07-31','2017-08-11','90','Terampil','7'),(23,'57',NULL,'FORWARD GLOBAL',NULL,NULL,NULL,NULL,NULL,'7'),(24,'57','1','FORWARD GLOBAL','Memasak','2017-07-31','2017-08-11','90','Terampil','7'),(25,'57','1','FORWARD GLOBAL','Homecare','2017-08-09','2017-08-11','95','Terampil','7'),(26,'424','2','LPK PRIMA DUTA SEJATI','sdfsf','2017-07-31','2017-08-30','90','oke','1025'),(27,'68','2','LPK PRIMA DUTA SEJATI','sdfsdfsd','2017-07-31','2017-08-01','90','sdfsf','18'),(28,'68','2','LPK PRIMA DUTA SEJATI','sdfsdfsd','2017-07-31','2017-08-01','90','sdfsf','18'),(29,'68',NULL,NULL,NULL,NULL,NULL,NULL,NULL,'18'),(30,'69','2','LPK PRIMA DUTA SEJATI','sdfsdf','2017-08-29','2017-08-29','90','oke','19'),(31,'590','1','FORWARD GLOBAL','1232','2017-09-11','2017-09-12','90','oKE','540');
/*!40000 ALTER TABLE `RIW_PENDIDIKAN_INFORMAL` ENABLE KEYS */;
UNLOCK TABLES;

--
-- Table structure for table `SATUAN_KERJA`
--

DROP TABLE IF EXISTS `SATUAN_KERJA`;
/*!40101 SET @saved_cs_client     = @@character_set_client */;
/*!40101 SET character_set_client = utf8 */;
CREATE TABLE `SATUAN_KERJA` (
  `SATKER_ID` varchar(255) NOT NULL,
  `PPTKIS_ID` int(11) NOT NULL,
  `SATKER_TIPE` int(11) NOT NULL,
  `SATKER_NAMA` varchar(255) NOT NULL,
  `SATKER_TELP` varchar(25) DEFAULT NULL,
  `SATKER_ALAMAT` varchar(255) DEFAULT NULL,
  `WILAYAH_ID` varchar(100) DEFAULT NULL,
  PRIMARY KEY (`SATKER_ID`),
  KEY `AGEN_ID` (`PPTKIS_ID`)
) ENGINE=InnoDB DEFAULT CHARSET=latin1;
/*!40101 SET character_set_client = @saved_cs_client */;

--
-- Dumping data for table `SATUAN_KERJA`
--

LOCK TABLES `SATUAN_KERJA` WRITE;
/*!40000 ALTER TABLE `SATUAN_KERJA` DISABLE KEYS */;
INSERT INTO `SATUAN_KERJA` VALUES ('1.2.',1,1,'Kantor Pusat Pasuruan','031.2345678','Jl. Raya Tanjung No 52  54 Gempol',NULL),('1.3.',1,1,'SDFSDFSDFSDFSDFSDF','SDFSDF','SDFSDF',NULL),('1.4.',1,1,'SDKSK','KSKSK','KSKSK',NULL),('1.5.',1,1,'SDFSFD','SDF','SDF','2.10.'),('2.1.',2,1,'Kantor Pusat Jakarta','021-56978251','Jl. Rosela Raya No. 196 Wijaya Kusuma\nJakarta Barat 11460',NULL),('2.2.',2,1,'Kantor Cabang Bekasi','088173861','Ruko Puri Gading II No 11 Kelurahan Jatimelati Kec. Pondok Melati Bekasi',NULL),('2.3.',2,1,'Kantor Cabang Jawa Tengah','085229011072','Lemahireng Rt 002/009 Pelemgadung Karangmalang Sragen',NULL),('3.2.',3,1,'Kantor Pusat Cengkareng','021 55953329','JL.KAYU BESAR DALAM NO 18 RT.08 RW.11 CENGKARENG TIMUR JAKARTA BARAT',NULL),('3.3.',3,1,'Kantor Cabang Malang','085855500679','Jl. Soneta dalam no 19/67 rt/rw 62/13 ds. Kebonagung kec. Pakisaji kab. Malang',NULL),('3.4.',3,1,'Kantor Cabang Lampung','0813 8111 9338','dsn.gadingrejo ds.banarjoyo kec.batanghari kab.Lampung timur',NULL),('3.5.',3,1,'Kantor Cabang Cirebon','0812 8538 4895','JL.Fatahillah Blok Watubelah Wetan no.23 RT.15 Rw.06 kel .watubelah kec.sumber kab cirebon  ',NULL),('3.6.',3,1,'Kantor Cabang Cilacap','087775039159 ','jl kalidonan RT.01 RW.21 kel donan kec.cilacap tengah kab .cilacap',NULL),('3.7.',3,1,'tes','sdf','sdf','2.10.'),('6.2.',6,1,'Kantor Pusat Depok','021 87709121','Jl. Mekarsari Raya Blok V/5 RT 9 RW 12\nMekarsari, Cimanggis, Kota Depok \n',NULL),('6.3.',6,1,'Kantor Cabang Cibubur','021 87759999','Jl. Raya Jambore Cibubur, Jakarta Timur',NULL),('6.4.',6,1,'Kantor Cabang Nusa Tenggara Barat','0812345678','Jl. Jend. Sudirman No 72-74 Rembiga, Mataram',NULL),('6.5.',6,1,'Kantor Cabang Yogyakarta','0812345678','Jl. Imugiri Gg. Pelangi III No. 2 Mendungan RT 3 RW 11, Umbulharjo Yogyakarta 410411 ',NULL),('6.6.',6,1,'Kantor Cabang Madura','0812345678','Pasar Baru RT 8 RW 4, Ambunten Timur\nAmbunten, Sumenep, Madura',NULL),('6.7.',6,1,'Kantor Cabang Cilacap','0812345678','Sidasari Kulon RT 4 RW 2 Kubang Kangkung Kawungnganten, Cilacap Central Java  Indonesia',NULL),('6.8.',6,1,'Kantor Cabang Medan','0812345678','Ruko Tenaga ASRI\nJl. A.H. Nasution No. 1, Simpang Pos Padang Bulan, Medan 20124',NULL);
/*!40000 ALTER TABLE `SATUAN_KERJA` ENABLE KEYS */;
UNLOCK TABLES;

--
-- Table structure for table `SUB_BIDANG`
--

DROP TABLE IF EXISTS `SUB_BIDANG`;
/*!40101 SET @saved_cs_client     = @@character_set_client */;
/*!40101 SET character_set_client = utf8 */;
CREATE TABLE `SUB_BIDANG` (
  `SUB_ID` int(11) NOT NULL,
  `SUB_NAMA` int(11) NOT NULL,
  `BIDANG_ID` int(11) NOT NULL,
  PRIMARY KEY (`SUB_ID`),
  KEY `BIDANG_ID` (`BIDANG_ID`)
) ENGINE=InnoDB DEFAULT CHARSET=latin1;
/*!40101 SET character_set_client = @saved_cs_client */;

--
-- Dumping data for table `SUB_BIDANG`
--

LOCK TABLES `SUB_BIDANG` WRITE;
/*!40000 ALTER TABLE `SUB_BIDANG` DISABLE KEYS */;
/*!40000 ALTER TABLE `SUB_BIDANG` ENABLE KEYS */;
UNLOCK TABLES;

--
-- Table structure for table `USERGROUP`
--

DROP TABLE IF EXISTS `USERGROUP`;
/*!40101 SET @saved_cs_client     = @@character_set_client */;
/*!40101 SET character_set_client = utf8 */;
CREATE TABLE `USERGROUP` (
  `ID` int(3) NOT NULL AUTO_INCREMENT,
  `USERGROUP` varchar(255) DEFAULT NULL,
  PRIMARY KEY (`ID`)
) ENGINE=MyISAM AUTO_INCREMENT=12 DEFAULT CHARSET=latin1;
/*!40101 SET character_set_client = @saved_cs_client */;

--
-- Dumping data for table `USERGROUP`
--

LOCK TABLES `USERGROUP` WRITE;
/*!40000 ALTER TABLE `USERGROUP` DISABLE KEYS */;
INSERT INTO `USERGROUP` VALUES (1,'Superadmin'),(2,'PPTKIS'),(3,'Rekruiter'),(4,'Pekerja'),(5,'Agency'),(6,'Job Owner'),(7,'BLKLN'),(8,'Sarana Kesehatan'),(9,'Asuransi'),(10,'Lembaga Keuganan'),(11,'Lembaga Sertifikasi Kompetensi');
/*!40000 ALTER TABLE `USERGROUP` ENABLE KEYS */;
UNLOCK TABLES;

--
-- Temporary table structure for view `VW_PEKERJAAN_TERKAHIR`
--

DROP TABLE IF EXISTS `VW_PEKERJAAN_TERKAHIR`;
/*!50001 DROP VIEW IF EXISTS `VW_PEKERJAAN_TERKAHIR`*/;
SET @saved_cs_client     = @@character_set_client;
SET character_set_client = utf8;
/*!50001 CREATE VIEW `VW_PEKERJAAN_TERKAHIR` AS SELECT 
 1 AS `PENGALAMAN_ID`,
 1 AS `PEKERJA_ID`,
 1 AS `PERUSAHAAN`,
 1 AS `POSISI`*/;
SET character_set_client = @saved_cs_client;

--
-- Temporary table structure for view `VW_PENDIDIKAN_TERKAHIR`
--

DROP TABLE IF EXISTS `VW_PENDIDIKAN_TERKAHIR`;
/*!50001 DROP VIEW IF EXISTS `VW_PENDIDIKAN_TERKAHIR`*/;
SET @saved_cs_client     = @@character_set_client;
SET character_set_client = utf8;
/*!50001 CREATE VIEW `VW_PENDIDIKAN_TERKAHIR` AS SELECT 
 1 AS `FORMAL_ID`,
 1 AS `ID_PEKERJA`,
 1 AS `TPENDIDIKAN_ID`,
 1 AS `FORMAL_JURUSAN`,
 1 AS `FORMAL_START`,
 1 AS `FORMAL_END`,
 1 AS `NAMA_INSTANSI`,
 1 AS `NILAI`,
 1 AS `PENDIDIKAN_NAMA`*/;
SET character_set_client = @saved_cs_client;

--
-- Dumping routines for database 'koyoku'
--

--
-- Final view structure for view `VW_PEKERJAAN_TERKAHIR`
--

/*!50001 DROP VIEW IF EXISTS `VW_PEKERJAAN_TERKAHIR`*/;
/*!50001 SET @saved_cs_client          = @@character_set_client */;
/*!50001 SET @saved_cs_results         = @@character_set_results */;
/*!50001 SET @saved_col_connection     = @@collation_connection */;
/*!50001 SET character_set_client      = utf8 */;
/*!50001 SET character_set_results     = utf8 */;
/*!50001 SET collation_connection      = utf8_general_ci */;
/*!50001 CREATE ALGORITHM=UNDEFINED */
/*!50013 DEFINER=`koyoku`@`%` SQL SECURITY DEFINER */
/*!50001 VIEW `VW_PEKERJAAN_TERKAHIR` AS select `P1`.`PENGALAMAN_ID` AS `PENGALAMAN_ID`,`P1`.`PEKERJA_ID` AS `PEKERJA_ID`,`P1`.`PERUSAHAAN` AS `PERUSAHAAN`,`P1`.`POSISI` AS `POSISI` from (`RIW_KERJA` `P1` left join `RIW_KERJA` `P2` on(((`P1`.`PEKERJA_ID` = `P2`.`PEKERJA_ID`) and (`P1`.`END_DATE` < `P2`.`END_DATE`)))) where isnull(`P2`.`END_DATE`) */;
/*!50001 SET character_set_client      = @saved_cs_client */;
/*!50001 SET character_set_results     = @saved_cs_results */;
/*!50001 SET collation_connection      = @saved_col_connection */;

--
-- Final view structure for view `VW_PENDIDIKAN_TERKAHIR`
--

/*!50001 DROP VIEW IF EXISTS `VW_PENDIDIKAN_TERKAHIR`*/;
/*!50001 SET @saved_cs_client          = @@character_set_client */;
/*!50001 SET @saved_cs_results         = @@character_set_results */;
/*!50001 SET @saved_col_connection     = @@collation_connection */;
/*!50001 SET character_set_client      = utf8mb4 */;
/*!50001 SET character_set_results     = utf8mb4 */;
/*!50001 SET collation_connection      = utf8mb4_general_ci */;
/*!50001 CREATE ALGORITHM=UNDEFINED */
/*!50013 DEFINER=`root`@`%` SQL SECURITY DEFINER */
/*!50001 VIEW `VW_PENDIDIKAN_TERKAHIR` AS select `P1`.`FORMAL_ID` AS `FORMAL_ID`,`P1`.`ID_PEKERJA` AS `ID_PEKERJA`,`P1`.`TPENDIDIKAN_ID` AS `TPENDIDIKAN_ID`,`P1`.`FORMAL_JURUSAN` AS `FORMAL_JURUSAN`,`P1`.`FORMAL_START` AS `FORMAL_START`,`P1`.`FORMAL_END` AS `FORMAL_END`,`P1`.`NAMA_INSTANSI` AS `NAMA_INSTANSI`,`P1`.`NILAI` AS `NILAI`,`MASTER_TPENDIDIKAN`.`PENDIDIKAN_NAMA` AS `PENDIDIKAN_NAMA` from ((`RIW_PENDIDIKAN` `P1` left join `RIW_PENDIDIKAN` `P2` on(((`P1`.`ID_PEKERJA` = `P2`.`ID_PEKERJA`) and (`P1`.`TPENDIDIKAN_ID` < `P2`.`TPENDIDIKAN_ID`)))) join `MASTER_TPENDIDIKAN` on((`MASTER_TPENDIDIKAN`.`PENDIDIKAN_ID` = `P1`.`TPENDIDIKAN_ID`))) where isnull(`P2`.`TPENDIDIKAN_ID`) */;
/*!50001 SET character_set_client      = @saved_cs_client */;
/*!50001 SET character_set_results     = @saved_cs_results */;
/*!50001 SET collation_connection      = @saved_col_connection */;
/*!40103 SET TIME_ZONE=@OLD_TIME_ZONE */;

/*!40101 SET SQL_MODE=@OLD_SQL_MODE */;
/*!40014 SET FOREIGN_KEY_CHECKS=@OLD_FOREIGN_KEY_CHECKS */;
/*!40014 SET UNIQUE_CHECKS=@OLD_UNIQUE_CHECKS */;
/*!40101 SET CHARACTER_SET_CLIENT=@OLD_CHARACTER_SET_CLIENT */;
/*!40101 SET CHARACTER_SET_RESULTS=@OLD_CHARACTER_SET_RESULTS */;
/*!40101 SET COLLATION_CONNECTION=@OLD_COLLATION_CONNECTION */;
/*!40111 SET SQL_NOTES=@OLD_SQL_NOTES */;

-- Dump completed on 2017-09-12 11:09:56
